{"type":"FeatureCollection","features":[{"type":"Feature","geometry":{"type":"Point","coordinates":[-116.993186,32.682478]},"properties":{"camera:type":"fixed","highway":"toll_gantry","man_made":"surveillance","name":"CA-125 Toll Gantry","payment:fastrak":"yes","surveillance":"public","surveillance:type":"ALPR","surveillance:zone":"traffic"}},{"type":"Feature","geometry":{"type":"Point","coordinates":[-116.971897,32.633323]},"properties":{"camera:type":"fixed","highway":"toll_gantry","man_made":"surveillance","name":"CA-125 Toll Gantry","payment:fastrak":"yes","surveillance":"public","surveillance:type":"ALPR","surveillance:zone":"traffic"}},{"type":"Feature","geometry":{"type":"Point","coordinates":[-116.971469,32.647006]},"properties":{"camera:type":"fixed","highway":"toll_gantry","man_made":"surveillance","name":"CA-125 Toll Gantry","payment:fastrak":"yes","surveillance":"public","surveillance:type":"ALPR","surveillance:zone":"traffic"}},{"type":"Feature","geometry":{"type":"Point","coordinates":[-116.973364,32.657286]},"properties":{"barrier":"toll_booth","camera:type":"fixed","highway":"toll_gantry","man_made":"surveillance","name":"CA-125 Toll Gantry","payment:fastrak":"yes","surveillance":"public","surveillance:type":"ALPR","surveillance:zone":"traffic"}},{"type":"Feature","geometry":{"type":"Point","coordinates":[-116.9709067,32.6165148]},"properties":{"camera:type":"fixed","highway":"toll_gantry","man_made":"surveillance","name":"CA-125 Toll Gantry","payment:fastrak":"yes","surveillance":"public","surveillance:type":"ALPR","surveillance:zone":"traffic"}},{"type":"Feature","geometry":{"type":"Point","coordinates":[-116.9743927,32.6574083]},"properties":{"camera:type":"fixed","highway":"toll_gantry","man_made":"surveillance","name":"CA-125 Toll Gantry","payment:fastrak":"yes","surveillance":"public","surveillance:type":"ALPR","surveillance:zone":"traffic"}},{"type":"Feature","geometry":{"type":"Point","coordinates":[-116.9707741,32.6326771]},"properties":{"barrier":"toll_booth","camera:type":"fixed","highway":"toll_gantry","man_made":"surveillance","name":"CA-125 Toll Gantry","payment:fastrak":"yes","surveillance":"public","surveillance:type":"ALPR","surveillance:zone":"traffic"}},{"type":"Feature","geometry":{"type":"Point","coordinates":[-116.970865,32.63036]},"properties":{"barrier":"toll_booth","camera:type":"fixed","highway":"toll_gantry","man_made":"surveillance","name":"CA-125 Toll Gantry","payment:fastrak":"yes","surveillance":"public","surveillance:type":"ALPR","surveillance:zone":"traffic"}},{"type":"Feature","geometry":{"type":"Point","coordinates":[-116.977922,32.659869]},"properties":{"camera:type":"fixed","highway":"toll_gantry","man_made":"surveillance","name":"CA-125 Toll Gantry","payment:fastrak":"yes","surveillance":"public","surveillance:type":"ALPR","surveillance:zone":"traffic"}},{"type":"Feature","geometry":{"type":"Point","coordinates":[-116.970323,32.642613]},"properties":{"camera:type":"fixed","highway":"toll_gantry","man_made":"surveillance","name":"CA-125 Toll Gantry","payment:fastrak":"yes","surveillance":"public","surveillance:type":"ALPR","surveillance:zone":"traffic"}},{"type":"Feature","geometry":{"type":"Point","coordinates":[-116.975552,32.659402]},"properties":{"camera:type":"fixed","highway":"toll_gantry","man_made":"surveillance","name":"CA-125 Toll Gantry","payment:fastrak":"yes","surveillance":"public","surveillance:type":"ALPR","surveillance:zone":"traffic"}},{"type":"Feature","geometry":{"type":"Point","coordinates":[-116.9708101,32.6225843]},"properties":{"camera:type":"fixed","highway":"toll_gantry","man_made":"surveillance","name":"CA-125 Toll Gantry","payment:fastrak":"yes","surveillance":"public","surveillance:type":"ALPR","surveillance:zone":"traffic"}},{"type":"Feature","geometry":{"type":"Point","coordinates":[-116.969938,32.645066]},"properties":{"barrier":"toll_booth","camera:type":"fixed","highway":"toll_gantry","man_made":"surveillance","name":"CA-125 Toll Gantry","payment:fastrak":"yes","surveillance":"public","surveillance:type":"ALPR","surveillance:zone":"traffic"}},{"type":"Feature","geometry":{"type":"Point","coordinates":[-116.970228,32.619443]},"properties":{"camera:type":"fixed","highway":"toll_gantry","man_made":"surveillance","name":"CA-125 Toll Gantry","payment:fastrak":"yes","surveillance":"public","surveillance:type":"ALPR","surveillance:zone":"traffic"}},{"type":"Feature","geometry":{"type":"Point","coordinates":[-116.9710426,32.6422315]},"properties":{"camera:type":"fixed","highway":"toll_gantry","man_made":"surveillance","name":"CA-125 Toll Gantry","payment:fastrak":"yes","surveillance":"public","surveillance:type":"ALPR","surveillance:zone":"traffic"}},{"type":"Feature","geometry":{"type":"Point","coordinates":[-116.9790965,32.6601088]},"properties":{"barrier":"toll_booth","camera:type":"fixed","highway":"toll_gantry","man_made":"surveillance","name":"CA-125 Toll Gantry","payment:electronic_purses":"yes","payment:fastrak":"yes","surveillance":"public","surveillance:type":"ALPR","surveillance:zone":"traffic"}},{"type":"Feature","geometry":{"type":"Point","coordinates":[-117.0036134,32.616691]},"properties":{"brand":"Flock Safety","brand:wikidata":"Q108485435","camera:mount":"pole","camera:type":"fixed","direction":"270","man_made":"surveillance","operator":"Chula Vista Police Department","operator:wikidata":"Q5116088","surveillance":"public","surveillance:type":"ALPR","surveillance:zone":"traffic"}},{"type":"Feature","geometry":{"type":"Point","coordinates":[-117.0340464,32.6064717]},"properties":{"brand":"Flock Safety","brand:wikidata":"Q108485435","camera:mount":"pole","camera:type":"fixed","direction":"45","man_made":"surveillance","operator":"Chula Vista Police Department","operator:wikidata":"Q5116088","surveillance":"public","surveillance:type":"ALPR","surveillance:zone":"traffic"}},{"type":"Feature","geometry":{"type":"Point","coordinates":[-116.9720076,32.6479415]},"properties":{"barrier":"toll_booth","camera:type":"fixed","highway":"toll_gantry","man_made":"surveillance","name":"CA-125 Toll Gantry","payment:fastrak":"yes","surveillance":"public","surveillance:type":"ALPR","surveillance:zone":"traffic"}},{"type":"Feature","geometry":{"type":"Point","coordinates":[-116.9703821,32.6482252]},"properties":{"barrier":"toll_booth","camera:type":"fixed","highway":"toll_gantry","man_made":"surveillance","name":"CA-125 Toll Gantry","payment:fastrak":"yes","surveillance":"public","surveillance:type":"ALPR","surveillance:zone":"traffic"}},{"type":"Feature","geometry":{"type":"Point","coordinates":[-116.9710037,32.6283814]},"properties":{"camera:type":"fixed","highway":"toll_gantry","man_made":"surveillance","name":"CA-125 Toll Gantry","payment:fastrak":"yes","surveillance":"public","surveillance:type":"ALPR","surveillance:zone":"traffic"}},{"type":"Feature","geometry":{"type":"Point","coordinates":[-116.972848,32.6219019]},"properties":{"camera:type":"fixed","highway":"toll_gantry","man_made":"surveillance","name":"CA-125 Toll Gantry","payment:fastrak":"yes","surveillance":"public","surveillance:type":"ALPR","surveillance:zone":"traffic"}},{"type":"Feature","geometry":{"type":"Point","coordinates":[-116.9780491,32.6609989]},"properties":{"barrier":"toll_booth","camera:type":"fixed","highway":"toll_gantry","man_made":"surveillance","name":"CA-125 Toll Gantry","payment:fastrak":"yes","surveillance":"public","surveillance:type":"ALPR","surveillance:zone":"traffic"}},{"type":"Feature","geometry":{"type":"Point","coordinates":[-116.9846086,32.672193]},"properties":{"barrier":"toll_booth","camera:type":"fixed","highway":"toll_gantry","man_made":"surveillance","name":"CA-125 Toll Gantry","payment:fastrak":"yes","surveillance":"public","surveillance:type":"ALPR","surveillance:zone":"traffic"}},{"type":"Feature","geometry":{"type":"Point","coordinates":[-116.9858757,32.673295]},"properties":{"barrier":"toll_booth","camera:type":"fixed","highway":"toll_gantry","man_made":"surveillance","name":"CA-125 Toll Gantry","payment:fastrak":"yes","surveillance":"public","surveillance:type":"ALPR","surveillance:zone":"traffic"}},{"type":"Feature","geometry":{"type":"Point","coordinates":[-116.9723416,32.6340029]},"properties":{"barrier":"toll_booth","camera:type":"fixed","highway":"toll_gantry","man_made":"surveillance","name":"CA-125 Toll Gantry","payment:fastrak":"yes","surveillance":"public","surveillance:type":"ALPR","surveillance:zone":"traffic"}},{"type":"Feature","geometry":{"type":"Point","coordinates":[-116.9716592,32.617676]},"properties":{"camera:type":"fixed","highway":"toll_gantry","man_made":"surveillance","name":"CA-125 Toll Gantry","payment:fastrak":"yes","surveillance":"public","surveillance:type":"ALPR","surveillance:zone":"traffic"}},{"type":"Feature","geometry":{"type":"Point","coordinates":[-117.2625788,33.0677613]},"properties":{"brand":"Flock Safety","brand:wikidata":"Q108485435","camera:mount":"traffic_signal","camera:type":"fixed","direction":"255","man_made":"surveillance","surveillance":"public","surveillance:type":"ALPR","surveillance:zone":"traffic"}},{"type":"Feature","geometry":{"type":"Point","coordinates":[-116.9717459,32.6302406]},"properties":{"camera:type":"fixed","highway":"toll_gantry","man_made":"surveillance","name":"CA-125 Toll Gantry","payment:fastrak":"yes","surveillance":"public","surveillance:type":"ALPR","surveillance:zone":"traffic"}},{"type":"Feature","geometry":{"type":"Point","coordinates":[-116.9930556,32.6828427]},"properties":{"camera:type":"fixed","highway":"toll_gantry","man_made":"surveillance","name":"CA-125 Toll Gantry","payment:fastrak":"yes","surveillance":"public","surveillance:type":"ALPR","surveillance:zone":"traffic"}},{"type":"Feature","geometry":{"type":"Point","coordinates":[-116.9660471,32.6280719]},"properties":{"brand":"Flock Safety","brand:wikidata":"Q108485435","camera:mount":"pole","camera:type":"fixed","direction":"145","man_made":"surveillance","operator":"Chula Vista Police Department","operator:wikidata":"Q5116088","surveillance":"public","surveillance:type":"ALPR","surveillance:zone":"traffic"}},{"type":"Feature","geometry":{"type":"Point","coordinates":[-116.9750563,32.6320889]},"properties":{"brand":"Flock Safety","brand:wikidata":"Q108485435","camera:mount":"pole","camera:type":"fixed","direction":"270","man_made":"surveillance","operator":"Chula Vista Police Department","operator:wikidata":"Q5116088","surveillance":"public","surveillance:type":"ALPR","surveillance:zone":"traffic"}},{"type":"Feature","geometry":{"type":"Point","coordinates":[-116.9743021,32.6322462]},"properties":{"brand":"Flock Safety","brand:wikidata":"Q108485435","camera:mount":"pole","camera:type":"fixed","direction":"325","man_made":"surveillance","operator":"Chula Vista Police Department","operator:wikidata":"Q5116088","surveillance":"public","surveillance:type":"ALPR","surveillance:zone":"traffic"}},{"type":"Feature","geometry":{"type":"Point","coordinates":[-117.2185106,32.8715718]},"properties":{"camera:mount":"traffic_signals","camera:type":"fixed","direction":"225","man_made":"surveillance","manufacturer":"Ubicquia, Inc.","manufacturer:wikidata":"Q138313103","operator":"San Diego Police Department","operator:type":"government","operator:wikidata":"Q6580207","source:url":"https://webmaps.sandiego.gov/portal/apps/webappviewer/index.html?id=a70a4dc00702448da5948992b144a98f","surveillance":"outdoor","surveillance:mount":"https://webmaps.sandiego.gov/portal/apps/webappviewer/index.html?id=a70a4dc00702448da5948992b144a98f","surveillance:type":"ALPR","surveillance:zone":"town"}},{"type":"Feature","geometry":{"type":"Point","coordinates":[-117.2143813,32.8726699]},"properties":{"camera:mount":"traffic_signals","camera:type":"fixed","direction":"235","man_made":"surveillance","manufacturer":"Ubicquia, Inc.","manufacturer:wikidata":"Q138313103","operator":"San Diego Police Department","operator:type":"government","operator:wikidata":"Q6580207","source:url":"https://webmaps.sandiego.gov/portal/apps/webappviewer/index.html?id=a70a4dc00702448da5948992b144a98f","surveillance":"outdoor","surveillance:mount":"https://webmaps.sandiego.gov/portal/apps/webappviewer/index.html?id=a70a4dc00702448da5948992b144a98f","surveillance:type":"ALPR","surveillance:zone":"town"}},{"type":"Feature","geometry":{"type":"Point","coordinates":[-117.2834357,33.0363189]},"properties":{"camera:mount":"pole","camera:type":"fixed","direction":"260","man_made":"surveillance","manufacturer":"Flock Safety","manufacturer:wikidata":"Q108485435","surveillance":"public","surveillance:type":"ALPR","surveillance:zone":"traffic"}},{"type":"Feature","geometry":{"type":"Point","coordinates":[-117.2128436,32.7536948]},"properties":{"camera:mount":"pole","camera:type":"fixed","direction":"60","man_made":"surveillance","manufacturer":"Flock Safety","manufacturer:wikidata":"Q108485435","operator":"The Home Depot","operator:wikidata":"Q864407","surveillance":"public","surveillance:type":"ALPR","surveillance:zone":"traffic"}},{"type":"Feature","geometry":{"type":"Point","coordinates":[-117.2128235,32.7536902]},"properties":{"camera:mount":"pole","camera:type":"fixed","direction":"180","man_made":"surveillance","manufacturer":"Flock Safety","manufacturer:wikidata":"Q108485435","operator":"The Home Depot","operator:wikidata":"Q864407","surveillance":"public","surveillance:type":"ALPR","surveillance:zone":"traffic"}},{"type":"Feature","geometry":{"type":"Point","coordinates":[-117.212576,32.7523804]},"properties":{"camera:mount":"pole","camera:type":"fixed","direction":"270","man_made":"surveillance","manufacturer":"Flock Safety","manufacturer:wikidata":"Q108485435","operator":"The Home Depot","operator:wikidata":"Q864407","surveillance":"public","surveillance:type":"ALPR","surveillance:zone":"traffic"}},{"type":"Feature","geometry":{"type":"Point","coordinates":[-117.2139983,32.7532169]},"properties":{"camera:mount":"pole","camera:type":"fixed","direction":"150","man_made":"surveillance","manufacturer":"Flock Safety","manufacturer:wikidata":"Q108485435","operator":"The Home Depot","operator:wikidata":"Q864407","surveillance":"public","surveillance:type":"ALPR","surveillance:zone":"traffic"}},{"type":"Feature","geometry":{"type":"Point","coordinates":[-117.2123367,32.7531823]},"properties":{"camera:mount":"pole","camera:type":"fixed","direction":"265","man_made":"surveillance","manufacturer":"Flock Safety","manufacturer:wikidata":"Q108485435","operator":"The Home Depot","operator:wikidata":"Q864407","surveillance":"public","surveillance:type":"ALPR","surveillance:zone":"traffic"}},{"type":"Feature","geometry":{"type":"Point","coordinates":[-117.2220303,33.0998168]},"properties":{"camera:type":"fixed","direction":"180","man_made":"surveillance","manufacturer":"Motorola Solutions","manufacturer:wikidata":"Q634815","surveillance:type":"ALPR"}},{"type":"Feature","geometry":{"type":"Point","coordinates":[-117.2219869,33.0998242]},"properties":{"camera:type":"fixed","direction":"180","man_made":"surveillance","manufacturer":"Motorola Solutions","manufacturer:wikidata":"Q634815","surveillance:type":"ALPR"}},{"type":"Feature","geometry":{"type":"Point","coordinates":[-117.2219483,33.0998298]},"properties":{"camera:type":"fixed","direction":"180","man_made":"surveillance","manufacturer":"Motorola Solutions","manufacturer:wikidata":"Q634815","surveillance:type":"ALPR"}},{"type":"Feature","geometry":{"type":"Point","coordinates":[-117.221642,33.0999297]},"properties":{"camera:type":"fixed","direction":"90","man_made":"surveillance","manufacturer":"Motorola Solutions","manufacturer:wikidata":"Q634815","surveillance:type":"ALPR"}},{"type":"Feature","geometry":{"type":"Point","coordinates":[-117.2216461,33.0999644]},"properties":{"camera:type":"fixed","direction":"90","man_made":"surveillance","manufacturer":"Motorola Solutions","manufacturer:wikidata":"Q634815","surveillance:type":"ALPR"}},{"type":"Feature","geometry":{"type":"Point","coordinates":[-117.2147672,33.0996226]},"properties":{"camera:type":"fixed","direction":"95","man_made":"surveillance","manufacturer":"Flock Safety","manufacturer:wikidata":"Q108485435","surveillance:type":"ALPR"}},{"type":"Feature","geometry":{"type":"Point","coordinates":[-117.1277506,32.7818975]},"properties":{"camera:type":"fixed","direction":"355","man_made":"surveillance","manufacturer":"Flock Safety","manufacturer:wikidata":"Q108485435","operator":"Lowe's","operator:wikidata":"Q1373493","surveillance":"traffic","surveillance:type":"ALPR","surveillance:zone":"public"}},{"type":"Feature","geometry":{"type":"Point","coordinates":[-117.1277493,32.7818854]},"properties":{"camera:type":"fixed","direction":"165","man_made":"surveillance","manufacturer":"Flock Safety","manufacturer:wikidata":"Q108485435","operator":"Lowe's","operator:wikidata":"Q1373493","surveillance":"traffic","surveillance:type":"ALPR","surveillance:zone":"public"}},{"type":"Feature","geometry":{"type":"Point","coordinates":[-117.0943494,32.6871125]},"properties":{"camera:type":"fixed","direction":"230","man_made":"surveillance","manufacturer":"Flock Safety","manufacturer:wikidata":"Q108485435","surveillance:type":"ALPR","surveillance:zone":"street"}},{"type":"Feature","geometry":{"type":"Point","coordinates":[-117.0841926,32.6610038]},"properties":{"camera:type":"fixed","direction":"50","man_made":"surveillance","manufacturer":"Flock Safety","manufacturer:wikidata":"Q108485435","surveillance:type":"ALPR"}},{"type":"Feature","geometry":{"type":"Point","coordinates":[-117.1012343,32.684978]},"properties":{"camera:type":"fixed","direction":"30","man_made":"surveillance","manufacturer":"Flock Safety","manufacturer:wikidata":"Q108485435","surveillance:type":"ALPR"}},{"type":"Feature","geometry":{"type":"Point","coordinates":[-117.1014902,32.6848575]},"properties":{"camera:type":"fixed","direction":"145","man_made":"surveillance","manufacturer":"Flock Safety","manufacturer:wikidata":"Q108485435","surveillance:type":"ALPR"}},{"type":"Feature","geometry":{"type":"Point","coordinates":[-117.0989468,32.6781797]},"properties":{"camera:type":"fixed","direction":"215","man_made":"surveillance","manufacturer":"Flock Safety","manufacturer:wikidata":"Q108485435","surveillance:type":"ALPR"}},{"type":"Feature","geometry":{"type":"Point","coordinates":[-117.0985655,32.6780928]},"properties":{"camera:type":"fixed","direction":"45","man_made":"surveillance","manufacturer":"Flock Safety","manufacturer:wikidata":"Q108485435","surveillance:type":"ALPR"}},{"type":"Feature","geometry":{"type":"Point","coordinates":[-117.0982504,32.6764662]},"properties":{"camera:type":"fixed","direction":"220","man_made":"surveillance","manufacturer":"Flock Safety","manufacturer:wikidata":"Q108485435","surveillance:type":"ALPR"}},{"type":"Feature","geometry":{"type":"Point","coordinates":[-117.0955493,32.6695549]},"properties":{"camera:type":"fixed","direction":"215","man_made":"surveillance","manufacturer":"Flock Safety","manufacturer:wikidata":"Q108485435","surveillance:type":"ALPR"}},{"type":"Feature","geometry":{"type":"Point","coordinates":[-117.0912689,32.659331]},"properties":{"camera:type":"fixed","direction":"290","man_made":"surveillance","manufacturer":"Flock Safety","manufacturer:wikidata":"Q108485435","surveillance:type":"ALPR"}},{"type":"Feature","geometry":{"type":"Point","coordinates":[-117.0911041,32.6590997]},"properties":{"camera:type":"fixed","direction":"45","man_made":"surveillance","manufacturer":"Flock Safety","manufacturer:wikidata":"Q108485435","surveillance:type":"ALPR"}},{"type":"Feature","geometry":{"type":"Point","coordinates":[-117.0915359,32.6592149]},"properties":{"camera:type":"fixed","direction":"230","man_made":"surveillance","manufacturer":"Flock Safety","manufacturer:wikidata":"Q108485435","surveillance:type":"ALPR"}},{"type":"Feature","geometry":{"type":"Point","coordinates":[-117.196627,33.0968621]},"properties":{"camera:type":"fixed","direction":"315","man_made":"surveillance","manufacturer":"Flock Safety","manufacturer:wikidata":"Q108485435","surveillance":"traffic","surveillance:type":"ALPR","surveillance:zone":"traffic"}},{"type":"Feature","geometry":{"type":"Point","coordinates":[-117.0474403,32.7550782]},"properties":{"camera:type":"fixed","direction":"95","man_made":"surveillance","manufacturer":"Flock Safety","manufacturer:wikidata":"Q108485435","surveillance:type":"ALPR"}},{"type":"Feature","geometry":{"type":"Point","coordinates":[-117.0477013,32.7554368]},"properties":{"camera:type":"fixed","direction":"250","man_made":"surveillance","manufacturer":"Flock Safety","manufacturer:wikidata":"Q108485435","surveillance:type":"ALPR"}},{"type":"Feature","geometry":{"type":"Point","coordinates":[-117.2687974,33.085467]},"properties":{"direction":"270","man_made":"surveillance","manufacturer":"Motorola Solutions","manufacturer:wikidata":"Q634815","operator":"Carlsbad Police Department","operator:wikidata":"Q120751601","surveillance":"public","surveillance:type":"ALPR","surveillance:zone":"traffic"}},{"type":"Feature","geometry":{"type":"Point","coordinates":[-117.0820819,32.6566705]},"properties":{"camera:type":"fixed","direction":"175","man_made":"surveillance","manufacturer":"Flock Safety","manufacturer:wikidata":"Q108485435","surveillance:type":"ALPR"}},{"type":"Feature","geometry":{"type":"Point","coordinates":[-117.061301,32.6390015]},"properties":{"camera:type":"fixed","direction":"210","man_made":"surveillance","manufacturer":"Flock Safety","manufacturer:wikidata":"Q108485435","surveillance:type":"ALPR"}},{"type":"Feature","geometry":{"type":"Point","coordinates":[-117.0663854,32.6481268]},"properties":{"camera:type":"fixed","direction":"235","man_made":"surveillance","manufacturer":"Flock Safety","manufacturer:wikidata":"Q108485435","surveillance:type":"ALPR"}},{"type":"Feature","geometry":{"type":"Point","coordinates":[-117.1109211,32.6592728]},"properties":{"direction":"140","man_made":"surveillance","manufacturer":"Flock Safety","manufacturer:wikidata":"Q108485435","operator":"National City Police Department","surveillance":"public","surveillance:type":"ALPR","surveillance:zone":"traffic"}},{"type":"Feature","geometry":{"type":"Point","coordinates":[-117.110576,32.6819207]},"properties":{"camera:type":"fixed","direction":"140","man_made":"surveillance","manufacturer":"Flock Safety","manufacturer:wikidata":"Q108485435","operator":"National City Police Department","surveillance:type":"ALPR"}},{"type":"Feature","geometry":{"type":"Point","coordinates":[-117.1100331,32.6597885]},"properties":{"camera:type":"fixed","direction":"220","man_made":"surveillance","manufacturer":"Flock Safety","manufacturer:wikidata":"Q108485435","operator":"National City Police Department","surveillance:type":"ALPR"}},{"type":"Feature","geometry":{"type":"Point","coordinates":[-117.1054564,32.6715641]},"properties":{"camera:type":"fixed","direction":"135","man_made":"surveillance","manufacturer":"Flock Safety","manufacturer:wikidata":"Q108485435","operator":"National City Police Department","surveillance:type":"ALPR"}},{"type":"Feature","geometry":{"type":"Point","coordinates":[-117.1017028,32.7833744]},"properties":{"direction":"210","man_made":"surveillance","surveillance":"public","surveillance:type":"ALPR","surveillance:zone":"outdoor"}},{"type":"Feature","geometry":{"type":"Point","coordinates":[-117.1103017,32.7798818]},"properties":{"camera:mount":"street_lamp","camera:type":"fixed","description":"Two cameras per node. 1 wide angle looking straight down from lamp to capture metadata about vehicle (color, type, roof mounts, etc). 1 telephoto mounted on pole to capture license plate info.","direction":"0;65;130;195;260;325","man_made":"surveillance","manufacturer":"Ubicquia, Inc.","manufacturer:wikidata":"Q138313103","operator":"San Diego Police Department","operator:type":"government","operator:wikidata":"Q6580207","source:url":"https://webmaps.sandiego.gov/portal/apps/webappviewer/index.html?id=a70a4dc00702448da5948992b144a98f","surveillance":"outdoor","surveillance:type":"ALPR","surveillance:zone":"town"}},{"type":"Feature","geometry":{"type":"Point","coordinates":[-117.1036001,32.7794698]},"properties":{"camera:mount":"street_lamp","camera:type":"fixed","description":"Two cameras per node. 1 wide angle looking straight down from lamp to capture metadata about vehicle (color, type, roof mounts, etc). 1 telephoto mounted on pole to capture license plate info.","direction":"0;65;130;195;260;325","man_made":"surveillance","manufacturer":"Ubicquia, Inc.","manufacturer:wikidata":"Q138313103","operator":"San Diego Police Department","operator:type":"government","operator:wikidata":"Q6580207","source:url":"https://webmaps.sandiego.gov/portal/apps/webappviewer/index.html?id=a70a4dc00702448da5948992b144a98f","surveillance":"outdoor","surveillance:type":"ALPR","surveillance:zone":"town"}},{"type":"Feature","geometry":{"type":"Point","coordinates":[-117.1014441,32.781208]},"properties":{"camera:mount":"street_lamp","camera:type":"fixed","description":"Two cameras per node. 1 wide angle looking straight down from lamp to capture metadata about vehicle (color, type, roof mounts, etc). 1 telephoto mounted on pole to capture license plate info.","direction":"0;65;130;195;260;325","man_made":"surveillance","manufacturer":"Ubicquia, Inc.","manufacturer:wikidata":"Q138313103","operator":"San Diego Police Department","operator:type":"government","operator:wikidata":"Q6580207","source:url":"https://webmaps.sandiego.gov/portal/apps/webappviewer/index.html?id=a70a4dc00702448da5948992b144a98f","surveillance":"outdoor","surveillance:type":"ALPR","surveillance:zone":"town"}},{"type":"Feature","geometry":{"type":"Point","coordinates":[-117.1011179,32.7813659]},"properties":{"camera:mount":"street_lamp","camera:type":"fixed","description":"Two cameras per node. 1 wide angle looking straight down from lamp to capture metadata about vehicle (color, type, roof mounts, etc). 1 telephoto mounted on pole to capture license plate info.","direction":"0;65;130;195;260;325","man_made":"surveillance","manufacturer":"Ubicquia, Inc.","manufacturer:wikidata":"Q138313103","operator":"San Diego Police Department","operator:type":"government","operator:wikidata":"Q6580207","source:url":"https://webmaps.sandiego.gov/portal/apps/webappviewer/index.html?id=a70a4dc00702448da5948992b144a98f","surveillance":"outdoor","surveillance:type":"ALPR","surveillance:zone":"town"}},{"type":"Feature","geometry":{"type":"Point","coordinates":[-117.1088402,32.7891965]},"properties":{"camera:mount":"street_lamp","camera:type":"fixed","description":"Two cameras per node. 1 wide angle looking straight down from lamp to capture metadata about vehicle (color, type, roof mounts, etc). 1 telephoto mounted on pole to capture license plate info.","direction":"0;65;130;195;260;325","man_made":"surveillance","manufacturer":"Ubicquia, Inc.","manufacturer:wikidata":"Q138313103","operator":"San Diego Police Department","operator:type":"government","operator:wikidata":"Q6580207","source:url":"https://webmaps.sandiego.gov/portal/apps/webappviewer/index.html?id=a70a4dc00702448da5948992b144a98f","surveillance":"outdoor","surveillance:type":"ALPR","surveillance:zone":"town"}},{"type":"Feature","geometry":{"type":"Point","coordinates":[-117.0973204,32.7929377]},"properties":{"camera:mount":"street_lamp","camera:type":"fixed","description":"Two cameras per node. 1 wide angle looking straight down from lamp to capture metadata about vehicle (color, type, roof mounts, etc). 1 telephoto mounted on pole to capture license plate info.","direction":"0;65;130;195;260;325","man_made":"surveillance","manufacturer":"Ubicquia, Inc.","manufacturer:wikidata":"Q138313103","operator":"San Diego Police Department","operator:type":"government","operator:wikidata":"Q6580207","source:url":"https://webmaps.sandiego.gov/portal/apps/webappviewer/index.html?id=a70a4dc00702448da5948992b144a98f","surveillance":"outdoor","surveillance:type":"ALPR","surveillance:zone":"town"}},{"type":"Feature","geometry":{"type":"Point","coordinates":[-117.0939511,32.7930213]},"properties":{"camera:mount":"street_lamp","camera:type":"fixed","description":"Two cameras per node. 1 wide angle looking straight down from lamp to capture metadata about vehicle (color, type, roof mounts, etc). 1 telephoto mounted on pole to capture license plate info.","direction":"0;65;130;195;260;325","man_made":"surveillance","manufacturer":"Ubicquia, Inc.","manufacturer:wikidata":"Q138313103","operator":"San Diego Police Department","operator:type":"government","operator:wikidata":"Q6580207","source:url":"https://webmaps.sandiego.gov/portal/apps/webappviewer/index.html?id=a70a4dc00702448da5948992b144a98f","surveillance":"outdoor","surveillance:type":"ALPR","surveillance:zone":"town"}},{"type":"Feature","geometry":{"type":"Point","coordinates":[-117.0859208,32.7845326]},"properties":{"camera:mount":"street_lamp","camera:type":"fixed","description":"Two cameras per node. 1 wide angle looking straight down from lamp to capture metadata about vehicle (color, type, roof mounts, etc). 1 telephoto mounted on pole to capture license plate info.","direction":"0;65;130;195;260;325","man_made":"surveillance","manufacturer":"Ubicquia, Inc.","manufacturer:wikidata":"Q138313103","operator":"San Diego Police Department","operator:type":"government","operator:wikidata":"Q6580207","source:url":"https://webmaps.sandiego.gov/portal/apps/webappviewer/index.html?id=a70a4dc00702448da5948992b144a98f","surveillance":"outdoor","surveillance:type":"ALPR","surveillance:zone":"town"}},{"type":"Feature","geometry":{"type":"Point","coordinates":[-117.0618544,32.7836228]},"properties":{"camera:mount":"street_lamp","camera:type":"fixed","description":"Two cameras per node. 1 wide angle looking straight down from lamp to capture metadata about vehicle (color, type, roof mounts, etc). 1 telephoto mounted on pole to capture license plate info.","direction":"0;65;130;195;260;325","man_made":"surveillance","manufacturer":"Ubicquia, Inc.","manufacturer:wikidata":"Q138313103","operator":"San Diego Police Department","operator:type":"government","operator:wikidata":"Q6580207","source:url":"https://webmaps.sandiego.gov/portal/apps/webappviewer/index.html?id=a70a4dc00702448da5948992b144a98f","surveillance":"outdoor","surveillance:type":"ALPR","surveillance:zone":"town"}},{"type":"Feature","geometry":{"type":"Point","coordinates":[-117.0595702,32.8168609]},"properties":{"camera:mount":"street_lamp","camera:type":"fixed","description":"Two cameras per node. 1 wide angle looking straight down from lamp to capture metadata about vehicle (color, type, roof mounts, etc). 1 telephoto mounted on pole to capture license plate info.","direction":"0;65;130;195;260;325","man_made":"surveillance","manufacturer":"Ubicquia, Inc.","manufacturer:wikidata":"Q138313103","operator":"San Diego Police Department","operator:type":"government","operator:wikidata":"Q6580207","source:url":"https://webmaps.sandiego.gov/portal/apps/webappviewer/index.html?id=a70a4dc00702448da5948992b144a98f","surveillance":"outdoor","surveillance:type":"ALPR","surveillance:zone":"town"}},{"type":"Feature","geometry":{"type":"Point","coordinates":[-117.0592833,32.8169998]},"properties":{"camera:mount":"street_lamp","camera:type":"fixed","description":"Two cameras per node. 1 wide angle looking straight down from lamp to capture metadata about vehicle (color, type, roof mounts, etc). 1 telephoto mounted on pole to capture license plate info.","direction":"0;65;130;195;260;325","man_made":"surveillance","manufacturer":"Ubicquia, Inc.","manufacturer:wikidata":"Q138313103","operator":"San Diego Police Department","operator:type":"government","operator:wikidata":"Q6580207","source:url":"https://webmaps.sandiego.gov/portal/apps/webappviewer/index.html?id=a70a4dc00702448da5948992b144a98f","surveillance":"outdoor","surveillance:type":"ALPR","surveillance:zone":"town"}},{"type":"Feature","geometry":{"type":"Point","coordinates":[-117.0101324,32.8028974]},"properties":{"camera:mount":"street_lamp","camera:type":"fixed","description":"Two cameras per node. 1 wide angle looking straight down from lamp to capture metadata about vehicle (color, type, roof mounts, etc). 1 telephoto mounted on pole to capture license plate info.","direction":"0;65;130;195;260;325","man_made":"surveillance","manufacturer":"Ubicquia, Inc.","manufacturer:wikidata":"Q138313103","operator":"San Diego Police Department","operator:type":"government","operator:wikidata":"Q6580207","source:url":"https://webmaps.sandiego.gov/portal/apps/webappviewer/index.html?id=a70a4dc00702448da5948992b144a98f","surveillance":"outdoor","surveillance:type":"ALPR","surveillance:zone":"town"}},{"type":"Feature","geometry":{"type":"Point","coordinates":[-117.0106833,32.8028243]},"properties":{"camera:mount":"street_lamp","camera:type":"fixed","description":"Two cameras per node. 1 wide angle looking straight down from lamp to capture metadata about vehicle (color, type, roof mounts, etc). 1 telephoto mounted on pole to capture license plate info.","direction":"0;65;130;195;260;325","man_made":"surveillance","manufacturer":"Ubicquia, Inc.","manufacturer:wikidata":"Q138313103","operator":"San Diego Police Department","operator:type":"government","operator:wikidata":"Q6580207","source:url":"https://webmaps.sandiego.gov/portal/apps/webappviewer/index.html?id=a70a4dc00702448da5948992b144a98f","surveillance":"outdoor","surveillance:type":"ALPR","surveillance:zone":"town"}},{"type":"Feature","geometry":{"type":"Point","coordinates":[-117.0121961,32.8009594]},"properties":{"camera:mount":"street_lamp","camera:type":"fixed","description":"Two cameras per node. 1 wide angle looking straight down from lamp to capture metadata about vehicle (color, type, roof mounts, etc). 1 telephoto mounted on pole to capture license plate info.","direction":"0;65;130;195;260;325","man_made":"surveillance","manufacturer":"Ubicquia, Inc.","manufacturer:wikidata":"Q138313103","operator":"San Diego Police Department","operator:type":"government","operator:wikidata":"Q6580207","source:url":"https://webmaps.sandiego.gov/portal/apps/webappviewer/index.html?id=a70a4dc00702448da5948992b144a98f","surveillance":"outdoor","surveillance:type":"ALPR","surveillance:zone":"town"}},{"type":"Feature","geometry":{"type":"Point","coordinates":[-117.1055518,32.8098095]},"properties":{"camera:mount":"street_lamp","camera:type":"fixed","direction":"0;65;130;195;260;325","man_made":"surveillance","manufacturer":"Ubicquia, Inc.","manufacturer:wikidata":"Q138313103","operator":"San Diego Police Department","operator:type":"government","operator:wikidata":"Q6580207","source:url":"https://webmaps.sandiego.gov/portal/apps/webappviewer/index.html?id=a70a4dc00702448da5948992b144a98f","surveillance":"outdoor","surveillance:type":"ALPR","surveillance:zone":"town"}},{"type":"Feature","geometry":{"type":"Point","coordinates":[-117.1052475,32.8098899]},"properties":{"camera:mount":"street_lamp","camera:type":"fixed","direction":"0;65;130;195;260;325","man_made":"surveillance","manufacturer":"Ubicquia, Inc.","manufacturer:wikidata":"Q138313103","operator":"San Diego Police Department","operator:type":"government","operator:wikidata":"Q6580207","source:url":"https://webmaps.sandiego.gov/portal/apps/webappviewer/index.html?id=a70a4dc00702448da5948992b144a98f","surveillance":"outdoor","surveillance:type":"ALPR","surveillance:zone":"town"}},{"type":"Feature","geometry":{"type":"Point","coordinates":[-117.105374,32.80957]},"properties":{"camera:mount":"street_lamp","camera:type":"fixed","direction":"0;65;130;195;260;325","man_made":"surveillance","manufacturer":"Ubicquia, Inc.","manufacturer:wikidata":"Q138313103","operator":"San Diego Police Department","operator:type":"government","operator:wikidata":"Q6580207","source:url":"https://webmaps.sandiego.gov/portal/apps/webappviewer/index.html?id=a70a4dc00702448da5948992b144a98f","surveillance":"outdoor","surveillance:type":"ALPR","surveillance:zone":"town"}},{"type":"Feature","geometry":{"type":"Point","coordinates":[-117.104226,32.8231785]},"properties":{"camera:mount":"street_lamp","camera:type":"fixed","direction":"0;65;130;195;260;325","man_made":"surveillance","manufacturer":"Ubicquia, Inc.","manufacturer:wikidata":"Q138313103","operator":"San Diego Police Department","operator:type":"government","operator:wikidata":"Q6580207","source:url":"https://webmaps.sandiego.gov/portal/apps/webappviewer/index.html?id=a70a4dc00702448da5948992b144a98f","surveillance":"outdoor","surveillance:type":"ALPR","surveillance:zone":"town"}},{"type":"Feature","geometry":{"type":"Point","coordinates":[-117.103909,32.8232069]},"properties":{"camera:mount":"street_lamp","camera:type":"fixed","direction":"0;65;130;195;260;325","man_made":"surveillance","manufacturer":"Ubicquia, Inc.","manufacturer:wikidata":"Q138313103","operator":"San Diego Police Department","operator:type":"government","operator:wikidata":"Q6580207","source:url":"https://webmaps.sandiego.gov/portal/apps/webappviewer/index.html?id=a70a4dc00702448da5948992b144a98f","surveillance":"outdoor","surveillance:type":"ALPR","surveillance:zone":"town"}},{"type":"Feature","geometry":{"type":"Point","coordinates":[-117.1264237,32.8313113]},"properties":{"camera:mount":"street_lamp","camera:type":"fixed","direction":"0;65;130;195;260;325","man_made":"surveillance","manufacturer":"Ubicquia, Inc.","manufacturer:wikidata":"Q138313103","operator":"San Diego Police Department","operator:type":"government","operator:wikidata":"Q6580207","source:url":"https://webmaps.sandiego.gov/portal/apps/webappviewer/index.html?id=a70a4dc00702448da5948992b144a98f","surveillance":"outdoor","surveillance:type":"ALPR","surveillance:zone":"town"}},{"type":"Feature","geometry":{"type":"Point","coordinates":[-117.0922455,32.6047557]},"properties":{"camera:type":"fixed","direction":"340","man_made":"surveillance","manufacturer":"Flock Safety","manufacturer:wikidata":"Q108485435","surveillance:type":"ALPR"}},{"type":"Feature","geometry":{"type":"Point","coordinates":[-117.0891403,32.6297128]},"properties":{"camera:type":"fixed","direction":"135","man_made":"surveillance","manufacturer":"Flock Safety","manufacturer:wikidata":"Q108485435","surveillance:type":"ALPR"}},{"type":"Feature","geometry":{"type":"Point","coordinates":[-117.0944673,32.6411673]},"properties":{"camera:type":"fixed","direction":"230","man_made":"surveillance","manufacturer":"Flock Safety","manufacturer:wikidata":"Q108485435","surveillance:type":"ALPR"}},{"type":"Feature","geometry":{"type":"Point","coordinates":[-117.084685,32.6190681]},"properties":{"camera:type":"fixed","direction":"325","man_made":"surveillance","manufacturer":"Flock Safety","manufacturer:wikidata":"Q108485435","surveillance:type":"ALPR"}},{"type":"Feature","geometry":{"type":"Point","coordinates":[-117.0895624,32.6315899]},"properties":{"camera:type":"fixed","direction":"315","man_made":"surveillance","manufacturer":"Flock Safety","manufacturer:wikidata":"Q108485435","surveillance:type":"ALPR"}},{"type":"Feature","geometry":{"type":"Point","coordinates":[-117.0879267,32.6040151]},"properties":{"camera:type":"fixed","direction":"48-93","man_made":"surveillance","manufacturer":"Flock Safety","manufacturer:wikidata":"Q108485435","operator":"Chula Vista Police Department","operator:type":"Public","surveillance":"public","surveillance:type":"ALPR","surveillance:zone":"traffic"}},{"type":"Feature","geometry":{"type":"Point","coordinates":[-117.0918329,32.6134889]},"properties":{"camera:type":"fixed","direction":"345","man_made":"surveillance","manufacturer":"Flock Safety","manufacturer:wikidata":"Q108485435","surveillance:type":"ALPR"}},{"type":"Feature","geometry":{"type":"Point","coordinates":[-117.0873509,32.6040966]},"properties":{"camera:type":"fixed","direction":"33-78","man_made":"surveillance","manufacturer":"Flock Safety","manufacturer:wikidata":"Q108485435","operator":"Chula Vista Police Department","operator:type":"Public","surveillance":"public","surveillance:type":"ALPR","surveillance:zone":"traffic"}},{"type":"Feature","geometry":{"type":"Point","coordinates":[-117.0860918,32.6048057]},"properties":{"camera:type":"fixed","direction":"125","man_made":"surveillance","manufacturer":"Flock Safety","manufacturer:wikidata":"Q108485435","surveillance:type":"ALPR"}},{"type":"Feature","geometry":{"type":"Point","coordinates":[-117.0870578,32.6251949]},"properties":{"camera:type":"fixed","direction":"315","man_made":"surveillance","manufacturer":"Flock Safety","manufacturer:wikidata":"Q108485435","surveillance:type":"ALPR"}},{"type":"Feature","geometry":{"type":"Point","coordinates":[-117.0891318,32.6156459]},"properties":{"camera:type":"fixed","direction":"40","man_made":"surveillance","manufacturer":"Flock Safety","manufacturer:wikidata":"Q108485435","surveillance:type":"ALPR"}},{"type":"Feature","geometry":{"type":"Point","coordinates":[-117.0883694,32.6120827]},"properties":{"camera:type":"fixed","direction":"45","man_made":"surveillance","manufacturer":"Flock Safety","manufacturer:wikidata":"Q108485435","surveillance:type":"ALPR"}},{"type":"Feature","geometry":{"type":"Point","coordinates":[-117.0879483,32.6314939]},"properties":{"camera:type":"fixed","direction":"220","man_made":"surveillance","manufacturer":"Flock Safety","manufacturer:wikidata":"Q108485435","surveillance:type":"ALPR"}},{"type":"Feature","geometry":{"type":"Point","coordinates":[-117.0921242,32.6123475]},"properties":{"camera:type":"fixed","direction":"160","man_made":"surveillance","manufacturer":"Flock Safety","manufacturer:wikidata":"Q108485435","surveillance:type":"ALPR"}},{"type":"Feature","geometry":{"type":"Point","coordinates":[-117.0918411,32.6225477]},"properties":{"camera:type":"fixed","direction":"45","man_made":"surveillance","manufacturer":"Flock Safety","manufacturer:wikidata":"Q108485435","surveillance:type":"ALPR"}},{"type":"Feature","geometry":{"type":"Point","coordinates":[-117.0890281,32.6123216]},"properties":{"camera:type":"fixed","direction":"135","man_made":"surveillance","manufacturer":"Flock Safety","manufacturer:wikidata":"Q108485435","surveillance:type":"ALPR"}},{"type":"Feature","geometry":{"type":"Point","coordinates":[-117.087918,32.6275042]},"properties":{"camera:type":"fixed","direction":"45","man_made":"surveillance","manufacturer":"Flock Safety","manufacturer:wikidata":"Q108485435","surveillance:type":"ALPR"}},{"type":"Feature","geometry":{"type":"Point","coordinates":[-117.0883317,32.6284731]},"properties":{"camera:type":"fixed","direction":"325","man_made":"surveillance","manufacturer":"Flock Safety","manufacturer:wikidata":"Q108485435","surveillance:type":"ALPR"}},{"type":"Feature","geometry":{"type":"Point","coordinates":[-117.0987063,32.6397691]},"properties":{"camera:type":"fixed","direction":"40","man_made":"surveillance","manufacturer":"Flock Safety","manufacturer:wikidata":"Q108485435","surveillance:type":"ALPR"}},{"type":"Feature","geometry":{"type":"Point","coordinates":[-117.0800685,32.6449788]},"properties":{"camera:type":"fixed","direction":"295","man_made":"surveillance","manufacturer":"Flock Safety","manufacturer:wikidata":"Q108485435","surveillance:type":"ALPR"}},{"type":"Feature","geometry":{"type":"Point","coordinates":[-117.0963666,32.6489862]},"properties":{"camera:type":"fixed","direction":"310","man_made":"surveillance","manufacturer":"Flock Safety","manufacturer:wikidata":"Q108485435","surveillance:type":"ALPR"}},{"type":"Feature","geometry":{"type":"Point","coordinates":[-117.0984765,32.6283669]},"properties":{"camera:type":"fixed","direction":"45","man_made":"surveillance","manufacturer":"Flock Safety","manufacturer:wikidata":"Q108485435","surveillance:type":"ALPR"}},{"type":"Feature","geometry":{"type":"Point","coordinates":[-117.0872149,32.6429898]},"properties":{"camera:type":"fixed","direction":"265","man_made":"surveillance","manufacturer":"Flock Safety","manufacturer:wikidata":"Q108485435","surveillance:type":"ALPR"}},{"type":"Feature","geometry":{"type":"Point","coordinates":[-117.0945924,32.6437137]},"properties":{"camera:type":"fixed","direction":"130","man_made":"surveillance","manufacturer":"Flock Safety","manufacturer:wikidata":"Q108485435","surveillance:type":"ALPR"}},{"type":"Feature","geometry":{"type":"Point","coordinates":[-117.0824263,32.6445355]},"properties":{"camera:type":"fixed","direction":"95","man_made":"surveillance","manufacturer":"Flock Safety","manufacturer:wikidata":"Q108485435","surveillance:type":"ALPR"}},{"type":"Feature","geometry":{"type":"Point","coordinates":[-116.9186662,32.8124861]},"properties":{"camera:type":"fixed","direction":"200","man_made":"surveillance","manufacturer":"Flock Safety","manufacturer:wikidata":"Q108485435","surveillance:type":"ALPR"}},{"type":"Feature","geometry":{"type":"Point","coordinates":[-116.9163954,32.8115762]},"properties":{"camera:type":"fixed","direction":"295","man_made":"surveillance","manufacturer":"Flock Safety","manufacturer:wikidata":"Q108485435","surveillance:type":"ALPR"}},{"type":"Feature","geometry":{"type":"Point","coordinates":[-117.0900709,32.9667065]},"properties":{"camera:mount":"traffic_signals","camera:type":"fixed","direction":"0;45;90;135;180;225;270;315","man_made":"surveillance","manufacturer":"Ubicquia, Inc.","manufacturer:wikidata":"Q138313103","operator":"San Diego Police Department","operator:type":"government","operator:wikidata":"Q6580207","source:url":"https://webmaps.sandiego.gov/portal/apps/webappviewer/index.html?id=a70a4dc00702448da5948992b144a98f","surveillance":"outdoor","surveillance:mount":"https://webmaps.sandiego.gov/portal/apps/webappviewer/index.html?id=a70a4dc00702448da5948992b144a98f","surveillance:type":"ALPR","surveillance:zone":"town"}},{"type":"Feature","geometry":{"type":"Point","coordinates":[-117.0900173,32.9654042]},"properties":{"camera:mount":"traffic_signals","camera:type":"fixed","direction":"335","man_made":"surveillance","manufacturer":"Ubicquia, Inc.","manufacturer:wikidata":"Q138313103","operator":"San Diego Police Department","operator:type":"government","operator:wikidata":"Q6580207","source:url":"https://webmaps.sandiego.gov/portal/apps/webappviewer/index.html?id=a70a4dc00702448da5948992b144a98f","surveillance":"outdoor","surveillance:mount":"https://webmaps.sandiego.gov/portal/apps/webappviewer/index.html?id=a70a4dc00702448da5948992b144a98f","surveillance:type":"ALPR","surveillance:zone":"town"}},{"type":"Feature","geometry":{"type":"Point","coordinates":[-117.090551,32.9644132]},"properties":{"camera:mount":"traffic_signals","camera:type":"fixed","direction":"165","man_made":"surveillance","manufacturer":"Ubicquia, Inc.","manufacturer:wikidata":"Q138313103","operator":"San Diego Police Department","operator:type":"government","operator:wikidata":"Q6580207","source:url":"https://webmaps.sandiego.gov/portal/apps/webappviewer/index.html?id=a70a4dc00702448da5948992b144a98f","surveillance":"outdoor","surveillance:mount":"https://webmaps.sandiego.gov/portal/apps/webappviewer/index.html?id=a70a4dc00702448da5948992b144a98f","surveillance:type":"ALPR","surveillance:zone":"town"}},{"type":"Feature","geometry":{"type":"Point","coordinates":[-117.0911427,32.9629217]},"properties":{"camera:mount":"traffic_signals","camera:type":"fixed","direction":"0;45;90;135;180;225;270;315","man_made":"surveillance","manufacturer":"Ubicquia, Inc.","manufacturer:wikidata":"Q138313103","operator":"San Diego Police Department","operator:type":"government","operator:wikidata":"Q6580207","source:url":"https://webmaps.sandiego.gov/portal/apps/webappviewer/index.html?id=a70a4dc00702448da5948992b144a98f","surveillance":"outdoor","surveillance:mount":"https://webmaps.sandiego.gov/portal/apps/webappviewer/index.html?id=a70a4dc00702448da5948992b144a98f","surveillance:type":"ALPR","surveillance:zone":"town"}},{"type":"Feature","geometry":{"type":"Point","coordinates":[-117.15242,32.9618457]},"properties":{"camera:mount":"street_lamp","camera:type":"fixed","direction":"0;65;130;195;260;325","man_made":"surveillance","manufacturer":"Ubicquia, Inc.","manufacturer:wikidata":"Q138313103","operator":"San Diego Police Department","operator:type":"government","operator:wikidata":"Q6580207","source:url":"https://webmaps.sandiego.gov/portal/apps/webappviewer/index.html?id=a70a4dc00702448da5948992b144a98f","surveillance":"outdoor","surveillance:type":"ALPR","surveillance:zone":"town"}},{"type":"Feature","geometry":{"type":"Point","coordinates":[-117.152864,32.961709]},"properties":{"camera:mount":"street_lamp","camera:type":"fixed","direction":"0;65;130;195;260;325","man_made":"surveillance","manufacturer":"Ubicquia, Inc.","manufacturer:wikidata":"Q138313103","operator":"San Diego Police Department","operator:type":"government","operator:wikidata":"Q6580207","source:url":"https://webmaps.sandiego.gov/portal/apps/webappviewer/index.html?id=a70a4dc00702448da5948992b144a98f","surveillance":"outdoor","surveillance:type":"ALPR","surveillance:zone":"town"}},{"type":"Feature","geometry":{"type":"Point","coordinates":[-117.1527276,32.9569032]},"properties":{"camera:mount":"traffic_signals","camera:type":"fixed","direction":"0;45;90;135;180;225;270;315","man_made":"surveillance","manufacturer":"Ubicquia, Inc.","manufacturer:wikidata":"Q138313103","operator":"San Diego Police Department","operator:type":"government","operator:wikidata":"Q6580207","source:url":"https://webmaps.sandiego.gov/portal/apps/webappviewer/index.html?id=a70a4dc00702448da5948992b144a98f","surveillance":"outdoor","surveillance:mount":"https://webmaps.sandiego.gov/portal/apps/webappviewer/index.html?id=a70a4dc00702448da5948992b144a98f","surveillance:type":"ALPR","surveillance:zone":"town"}},{"type":"Feature","geometry":{"type":"Point","coordinates":[-117.1530088,32.9566202]},"properties":{"camera:mount":"traffic_signals","camera:type":"fixed","direction":"0;45;90;135;180;225;270;315","man_made":"surveillance","manufacturer":"Ubicquia, Inc.","manufacturer:wikidata":"Q138313103","operator":"San Diego Police Department","operator:type":"government","operator:wikidata":"Q6580207","source:url":"https://webmaps.sandiego.gov/portal/apps/webappviewer/index.html?id=a70a4dc00702448da5948992b144a98f","surveillance":"outdoor","surveillance:mount":"https://webmaps.sandiego.gov/portal/apps/webappviewer/index.html?id=a70a4dc00702448da5948992b144a98f","surveillance:type":"ALPR","surveillance:zone":"town"}},{"type":"Feature","geometry":{"type":"Point","coordinates":[-117.2338164,32.9537766]},"properties":{"camera:mount":"street_lamp","camera:type":"fixed","direction":"0;65;130;195;260;325","man_made":"surveillance","manufacturer":"Ubicquia, Inc.","manufacturer:wikidata":"Q138313103","operator":"San Diego Police Department","operator:type":"government","operator:wikidata":"Q6580207","source:url":"https://webmaps.sandiego.gov/portal/apps/webappviewer/index.html?id=a70a4dc00702448da5948992b144a98f","surveillance":"outdoor","surveillance:type":"ALPR","surveillance:zone":"town"}},{"type":"Feature","geometry":{"type":"Point","coordinates":[-117.239083,32.951706]},"properties":{"camera:mount":"street_lamp","camera:type":"fixed","direction":"0;65;130;195;260;325","man_made":"surveillance","manufacturer":"Ubicquia, Inc.","manufacturer:wikidata":"Q138313103","operator":"San Diego Police Department","operator:type":"government","operator:wikidata":"Q6580207","source:url":"https://webmaps.sandiego.gov/portal/apps/webappviewer/index.html?id=a70a4dc00702448da5948992b144a98f","surveillance":"outdoor","surveillance:type":"ALPR","surveillance:zone":"town"}},{"type":"Feature","geometry":{"type":"Point","coordinates":[-117.2393591,32.9514997]},"properties":{"camera:mount":"street_lamp","camera:type":"fixed","direction":"0;65;130;195;260;325","man_made":"surveillance","manufacturer":"Ubicquia, Inc.","manufacturer:wikidata":"Q138313103","operator":"San Diego Police Department","operator:type":"government","operator:wikidata":"Q6580207","source:url":"https://webmaps.sandiego.gov/portal/apps/webappviewer/index.html?id=a70a4dc00702448da5948992b144a98f","surveillance":"outdoor","surveillance:type":"ALPR","surveillance:zone":"town"}},{"type":"Feature","geometry":{"type":"Point","coordinates":[-117.096088,32.947189]},"properties":{"camera:type":"fixed","direction":"249","man_made":"surveillance","manufacturer":"Ubicquia","operator":"San Diego Police Department","source:url":"https://webmaps.sandiego.gov/portal/apps/webappviewer/index.html?id=a70a4dc00702448da5948992b144a98f","surveillance":"traffic","surveillance:type":"ALPR","surveillance:zone":"public"}},{"type":"Feature","geometry":{"type":"Point","coordinates":[-117.0936501,32.9468983]},"properties":{"camera:mount":"traffic_signals","camera:type":"fixed","direction":"255","man_made":"surveillance","manufacturer":"Ubicquia, Inc.","manufacturer:wikidata":"Q138313103","operator":"San Diego Police Department","operator:type":"government","operator:wikidata":"Q6580207","source:url":"https://webmaps.sandiego.gov/portal/apps/webappviewer/index.html?id=a70a4dc00702448da5948992b144a98f","surveillance":"outdoor","surveillance:mount":"https://webmaps.sandiego.gov/portal/apps/webappviewer/index.html?id=a70a4dc00702448da5948992b144a98f","surveillance:type":"ALPR","surveillance:zone":"town"}},{"type":"Feature","geometry":{"type":"Point","coordinates":[-117.0982943,32.9468355]},"properties":{"camera:mount":"traffic_signals","camera:type":"fixed","direction":"56","man_made":"surveillance","manufacturer":"Ubicquia, Inc.","manufacturer:wikidata":"Q138313103","operator":"San Diego Police Department","operator:type":"government","operator:wikidata":"Q6580207","source:url":"https://webmaps.sandiego.gov/portal/apps/webappviewer/index.html?id=a70a4dc00702448da5948992b144a98f","surveillance":"outdoor","surveillance:mount":"https://webmaps.sandiego.gov/portal/apps/webappviewer/index.html?id=a70a4dc00702448da5948992b144a98f","surveillance:type":"ALPR","surveillance:zone":"town"}},{"type":"Feature","geometry":{"type":"Point","coordinates":[-117.1021622,32.9460019]},"properties":{"camera:mount":"traffic_signals","camera:type":"fixed","direction":"56","man_made":"surveillance","manufacturer":"Ubicquia, Inc.","manufacturer:wikidata":"Q138313103","operator":"San Diego Police Department","operator:type":"government","operator:wikidata":"Q6580207","source:url":"https://webmaps.sandiego.gov/portal/apps/webappviewer/index.html?id=a70a4dc00702448da5948992b144a98f","surveillance":"outdoor","surveillance:mount":"https://webmaps.sandiego.gov/portal/apps/webappviewer/index.html?id=a70a4dc00702448da5948992b144a98f","surveillance:type":"ALPR","surveillance:zone":"town"}},{"type":"Feature","geometry":{"type":"Point","coordinates":[-117.1130642,32.9372811]},"properties":{"camera:mount":"traffic_signals","camera:type":"fixed","direction":"260","man_made":"surveillance","manufacturer":"Ubicquia, Inc.","manufacturer:wikidata":"Q138313103","operator":"San Diego Police Department","operator:type":"government","operator:wikidata":"Q6580207","source:url":"https://webmaps.sandiego.gov/portal/apps/webappviewer/index.html?id=a70a4dc00702448da5948992b144a98f","surveillance":"outdoor","surveillance:mount":"https://webmaps.sandiego.gov/portal/apps/webappviewer/index.html?id=a70a4dc00702448da5948992b144a98f","surveillance:type":"ALPR","surveillance:zone":"town"}},{"type":"Feature","geometry":{"type":"Point","coordinates":[-117.1128825,32.936945]},"properties":{"camera:mount":"traffic_signals","camera:type":"fixed","direction":"0;45;90;135;180;225;270;315","man_made":"surveillance","manufacturer":"Ubicquia, Inc.","manufacturer:wikidata":"Q138313103","operator":"San Diego Police Department","operator:type":"government","operator:wikidata":"Q6580207","source:url":"https://webmaps.sandiego.gov/portal/apps/webappviewer/index.html?id=a70a4dc00702448da5948992b144a98f","surveillance":"outdoor","surveillance:mount":"https://webmaps.sandiego.gov/portal/apps/webappviewer/index.html?id=a70a4dc00702448da5948992b144a98f","surveillance:type":"ALPR","surveillance:zone":"town"}},{"type":"Feature","geometry":{"type":"Point","coordinates":[-117.1076479,32.9366806]},"properties":{"camera:mount":"traffic_signals","camera:type":"fixed","direction":"0;45;90;135;180;225;270;315","man_made":"surveillance","manufacturer":"Ubicquia, Inc.","manufacturer:wikidata":"Q138313103","operator":"San Diego Police Department","operator:type":"government","operator:wikidata":"Q6580207","source:url":"https://webmaps.sandiego.gov/portal/apps/webappviewer/index.html?id=a70a4dc00702448da5948992b144a98f","surveillance":"outdoor","surveillance:mount":"https://webmaps.sandiego.gov/portal/apps/webappviewer/index.html?id=a70a4dc00702448da5948992b144a98f","surveillance:type":"ALPR","surveillance:zone":"town"}},{"type":"Feature","geometry":{"type":"Point","coordinates":[-117.1078562,32.936538]},"properties":{"camera:mount":"traffic_signals","camera:type":"fixed","direction":"0;45;90;135;180;225;270;315","man_made":"surveillance","manufacturer":"Ubicquia, Inc.","manufacturer:wikidata":"Q138313103","operator":"San Diego Police Department","operator:type":"government","operator:wikidata":"Q6580207","source:url":"https://webmaps.sandiego.gov/portal/apps/webappviewer/index.html?id=a70a4dc00702448da5948992b144a98f","surveillance":"outdoor","surveillance:mount":"https://webmaps.sandiego.gov/portal/apps/webappviewer/index.html?id=a70a4dc00702448da5948992b144a98f","surveillance:type":"ALPR","surveillance:zone":"town"}},{"type":"Feature","geometry":{"type":"Point","coordinates":[-117.08235,33.0240128]},"properties":{"camera:mount":"street_lamp","camera:type":"fixed","direction":"0;65;130;195;260;325","man_made":"surveillance","manufacturer":"Ubicquia, Inc.","manufacturer:wikidata":"Q138313103","operator":"San Diego Police Department","operator:type":"government","operator:wikidata":"Q6580207","source:url":"https://webmaps.sandiego.gov/portal/apps/webappviewer/index.html?id=a70a4dc00702448da5948992b144a98f","surveillance":"outdoor","surveillance:type":"ALPR","surveillance:zone":"town"}},{"type":"Feature","geometry":{"type":"Point","coordinates":[-117.08194,33.0236617]},"properties":{"camera:mount":"street_lamp","camera:type":"fixed","direction":"0;65;130;195;260;325","man_made":"surveillance","manufacturer":"Ubicquia, Inc.","manufacturer:wikidata":"Q138313103","operator":"San Diego Police Department","operator:type":"government","operator:wikidata":"Q6580207","source:url":"https://webmaps.sandiego.gov/portal/apps/webappviewer/index.html?id=a70a4dc00702448da5948992b144a98f","surveillance":"outdoor","surveillance:type":"ALPR","surveillance:zone":"town"}},{"type":"Feature","geometry":{"type":"Point","coordinates":[-117.083658,33.0114481]},"properties":{"camera:mount":"street_lamp","camera:type":"fixed","direction":"0;65;130;195;260;325","man_made":"surveillance","manufacturer":"Ubicquia, Inc.","manufacturer:wikidata":"Q138313103","operator":"San Diego Police Department","operator:type":"government","operator:wikidata":"Q6580207","source:url":"https://webmaps.sandiego.gov/portal/apps/webappviewer/index.html?id=a70a4dc00702448da5948992b144a98f","surveillance":"outdoor","surveillance:type":"ALPR","surveillance:zone":"town"}},{"type":"Feature","geometry":{"type":"Point","coordinates":[-117.0807405,32.996491]},"properties":{"camera:mount":"street_lamp","camera:type":"fixed","direction":"0;65;130;195;260;325","man_made":"surveillance","manufacturer":"Ubicquia, Inc.","manufacturer:wikidata":"Q138313103","operator":"San Diego Police Department","operator:type":"government","operator:wikidata":"Q6580207","source:url":"https://webmaps.sandiego.gov/portal/apps/webappviewer/index.html?id=a70a4dc00702448da5948992b144a98f","surveillance":"outdoor","surveillance:type":"ALPR","surveillance:zone":"town"}},{"type":"Feature","geometry":{"type":"Point","coordinates":[-117.0749794,32.9885645]},"properties":{"camera:mount":"traffic_signals","camera:type":"fixed","direction":"0;45;90;135;180;225;270;315","man_made":"surveillance","manufacturer":"Ubicquia, Inc.","manufacturer:wikidata":"Q138313103","operator":"San Diego Police Department","operator:type":"government","operator:wikidata":"Q6580207","source:url":"https://webmaps.sandiego.gov/portal/apps/webappviewer/index.html?id=a70a4dc00702448da5948992b144a98f","surveillance":"outdoor","surveillance:mount":"https://webmaps.sandiego.gov/portal/apps/webappviewer/index.html?id=a70a4dc00702448da5948992b144a98f","surveillance:type":"ALPR","surveillance:zone":"town"}},{"type":"Feature","geometry":{"type":"Point","coordinates":[-117.0822146,32.9790856]},"properties":{"camera:mount":"traffic_signals","camera:type":"fixed","direction":"0;45;90;135;180;225;270;315","man_made":"surveillance","manufacturer":"Ubicquia, Inc.","manufacturer:wikidata":"Q138313103","operator":"San Diego Police Department","operator:type":"government","operator:wikidata":"Q6580207","source:url":"https://webmaps.sandiego.gov/portal/apps/webappviewer/index.html?id=a70a4dc00702448da5948992b144a98f","surveillance":"outdoor","surveillance:mount":"https://webmaps.sandiego.gov/portal/apps/webappviewer/index.html?id=a70a4dc00702448da5948992b144a98f","surveillance:type":"ALPR","surveillance:zone":"town"}},{"type":"Feature","geometry":{"type":"Point","coordinates":[-117.2549462,32.7944818]},"properties":{"camera:mount":"street_lamp","camera:type":"fixed","direction":"0;65;130;195;260;325","man_made":"surveillance","manufacturer":"Ubicquia, Inc.","manufacturer:wikidata":"Q138313103","operator":"San Diego Police Department","operator:type":"government","operator:wikidata":"Q6580207","source:url":"https://webmaps.sandiego.gov/portal/apps/webappviewer/index.html?id=a70a4dc00702448da5948992b144a98f","surveillance":"outdoor","surveillance:type":"ALPR","surveillance:zone":"town"}},{"type":"Feature","geometry":{"type":"Point","coordinates":[-117.1703251,32.7936447]},"properties":{"camera:mount":"street_lamp","camera:type":"fixed","direction":"0;65;130;195;260;325","man_made":"surveillance","manufacturer":"Ubicquia, Inc.","manufacturer:wikidata":"Q138313103","operator":"San Diego Police Department","operator:type":"government","operator:wikidata":"Q6580207","source:url":"https://webmaps.sandiego.gov/portal/apps/webappviewer/index.html?id=a70a4dc00702448da5948992b144a98f","surveillance":"outdoor","surveillance:type":"ALPR","surveillance:zone":"town"}},{"type":"Feature","geometry":{"type":"Point","coordinates":[-117.1661044,32.791482]},"properties":{"camera:mount":"street_lamp","camera:type":"fixed","direction":"0;65;130;195;260;325","man_made":"surveillance","manufacturer":"Ubicquia, Inc.","manufacturer:wikidata":"Q138313103","operator":"San Diego Police Department","operator:type":"government","operator:wikidata":"Q6580207","source:url":"https://webmaps.sandiego.gov/portal/apps/webappviewer/index.html?id=a70a4dc00702448da5948992b144a98f","surveillance":"outdoor","surveillance:type":"ALPR","surveillance:zone":"town"}},{"type":"Feature","geometry":{"type":"Point","coordinates":[-117.1631592,32.7913726]},"properties":{"camera:mount":"street_lamp","camera:type":"fixed","direction":"0;65;130;195;260;325","man_made":"surveillance","manufacturer":"Ubicquia, Inc.","manufacturer:wikidata":"Q138313103","operator":"San Diego Police Department","operator:type":"government","operator:wikidata":"Q6580207","source:url":"https://webmaps.sandiego.gov/portal/apps/webappviewer/index.html?id=a70a4dc00702448da5948992b144a98f","surveillance":"outdoor","surveillance:type":"ALPR","surveillance:zone":"town"}},{"type":"Feature","geometry":{"type":"Point","coordinates":[-117.1629604,32.7911764]},"properties":{"camera:mount":"street_lamp","camera:type":"fixed","direction":"0;65;130;195;260;325","man_made":"surveillance","manufacturer":"Ubicquia, Inc.","manufacturer:wikidata":"Q138313103","operator":"San Diego Police Department","operator:type":"government","operator:wikidata":"Q6580207","source:url":"https://webmaps.sandiego.gov/portal/apps/webappviewer/index.html?id=a70a4dc00702448da5948992b144a98f","surveillance":"outdoor","surveillance:type":"ALPR","surveillance:zone":"town"}},{"type":"Feature","geometry":{"type":"Point","coordinates":[-117.2537328,32.7910843]},"properties":{"camera:mount":"street_lamp","camera:type":"fixed","direction":"0;65;130;195;260;325","man_made":"surveillance","manufacturer":"Ubicquia, Inc.","manufacturer:wikidata":"Q138313103","operator":"San Diego Police Department","operator:type":"government","operator:wikidata":"Q6580207","source:url":"https://webmaps.sandiego.gov/portal/apps/webappviewer/index.html?id=a70a4dc00702448da5948992b144a98f","surveillance":"outdoor","surveillance:type":"ALPR","surveillance:zone":"town"}},{"type":"Feature","geometry":{"type":"Point","coordinates":[-117.2538498,32.7907586]},"properties":{"camera:mount":"street_lamp","camera:type":"fixed","direction":"0;65;130;195;260;325","man_made":"surveillance","manufacturer":"Ubicquia, Inc.","manufacturer:wikidata":"Q138313103","operator":"San Diego Police Department","operator:type":"government","operator:wikidata":"Q6580207","source:url":"https://webmaps.sandiego.gov/portal/apps/webappviewer/index.html?id=a70a4dc00702448da5948992b144a98f","surveillance":"outdoor","surveillance:type":"ALPR","surveillance:zone":"town"}},{"type":"Feature","geometry":{"type":"Point","coordinates":[-117.2091876,32.7904526]},"properties":{"camera:mount":"street_lamp","camera:type":"fixed","direction":"0;65;130;195;260;325","man_made":"surveillance","manufacturer":"Ubicquia, Inc.","manufacturer:wikidata":"Q138313103","operator":"San Diego Police Department","operator:type":"government","operator:wikidata":"Q6580207","source:url":"https://webmaps.sandiego.gov/portal/apps/webappviewer/index.html?id=a70a4dc00702448da5948992b144a98f","surveillance":"outdoor","surveillance:type":"ALPR","surveillance:zone":"town"}},{"type":"Feature","geometry":{"type":"Point","coordinates":[-117.2032123,32.7903321]},"properties":{"camera:mount":"street_lamp","camera:type":"fixed","direction":"0;65;130;195;260;325","man_made":"surveillance","manufacturer":"Ubicquia, Inc.","manufacturer:wikidata":"Q138313103","operator":"San Diego Police Department","operator:type":"government","operator:wikidata":"Q6580207","source:url":"https://webmaps.sandiego.gov/portal/apps/webappviewer/index.html?id=a70a4dc00702448da5948992b144a98f","surveillance":"outdoor","surveillance:type":"ALPR","surveillance:zone":"town"}},{"type":"Feature","geometry":{"type":"Point","coordinates":[-117.2034193,32.7903007]},"properties":{"camera:mount":"street_lamp","camera:type":"fixed","direction":"0;65;130;195;260;325","man_made":"surveillance","manufacturer":"Ubicquia, Inc.","manufacturer:wikidata":"Q138313103","operator":"San Diego Police Department","operator:type":"government","operator:wikidata":"Q6580207","source:url":"https://webmaps.sandiego.gov/portal/apps/webappviewer/index.html?id=a70a4dc00702448da5948992b144a98f","surveillance":"outdoor","surveillance:type":"ALPR","surveillance:zone":"town"}},{"type":"Feature","geometry":{"type":"Point","coordinates":[-117.2092992,32.7902269]},"properties":{"camera:mount":"street_lamp","camera:type":"fixed","direction":"0;65;130;195;260;325","man_made":"surveillance","manufacturer":"Ubicquia, Inc.","manufacturer:wikidata":"Q138313103","operator":"San Diego Police Department","operator:type":"government","operator:wikidata":"Q6580207","source:url":"https://webmaps.sandiego.gov/portal/apps/webappviewer/index.html?id=a70a4dc00702448da5948992b144a98f","surveillance":"outdoor","surveillance:type":"ALPR","surveillance:zone":"town"}},{"type":"Feature","geometry":{"type":"Point","coordinates":[-117.2086663,32.7893892]},"properties":{"camera:mount":"street_lamp","camera:type":"fixed","direction":"0;65;130;195;260;325","man_made":"surveillance","manufacturer":"Ubicquia, Inc.","manufacturer:wikidata":"Q138313103","operator":"San Diego Police Department","operator:type":"government","operator:wikidata":"Q6580207","source:url":"https://webmaps.sandiego.gov/portal/apps/webappviewer/index.html?id=a70a4dc00702448da5948992b144a98f","surveillance":"outdoor","surveillance:type":"ALPR","surveillance:zone":"town"}},{"type":"Feature","geometry":{"type":"Point","coordinates":[-117.1704633,32.7866244]},"properties":{"camera:mount":"street_lamp","camera:type":"fixed","direction":"0;65;130;195;260;325","man_made":"surveillance","manufacturer":"Ubicquia, Inc.","manufacturer:wikidata":"Q138313103","operator":"San Diego Police Department","operator:type":"government","operator:wikidata":"Q6580207","source:url":"https://webmaps.sandiego.gov/portal/apps/webappviewer/index.html?id=a70a4dc00702448da5948992b144a98f","surveillance":"outdoor","surveillance:type":"ALPR","surveillance:zone":"town"}},{"type":"Feature","geometry":{"type":"Point","coordinates":[-117.1701526,32.7865986]},"properties":{"camera:mount":"street_lamp","camera:type":"fixed","direction":"0;65;130;195;260;325","man_made":"surveillance","manufacturer":"Ubicquia, Inc.","manufacturer:wikidata":"Q138313103","operator":"San Diego Police Department","operator:type":"government","operator:wikidata":"Q6580207","source:url":"https://webmaps.sandiego.gov/portal/apps/webappviewer/index.html?id=a70a4dc00702448da5948992b144a98f","surveillance":"outdoor","surveillance:type":"ALPR","surveillance:zone":"town"}},{"type":"Feature","geometry":{"type":"Point","coordinates":[-117.1704807,32.7864516]},"properties":{"camera:mount":"street_lamp","camera:type":"fixed","direction":"0;65;130;195;260;325","man_made":"surveillance","manufacturer":"Ubicquia, Inc.","manufacturer:wikidata":"Q138313103","operator":"San Diego Police Department","operator:type":"government","operator:wikidata":"Q6580207","source:url":"https://webmaps.sandiego.gov/portal/apps/webappviewer/index.html?id=a70a4dc00702448da5948992b144a98f","surveillance":"outdoor","surveillance:type":"ALPR","surveillance:zone":"town"}},{"type":"Feature","geometry":{"type":"Point","coordinates":[-117.1701727,32.7863635]},"properties":{"camera:mount":"street_lamp","camera:type":"fixed","direction":"0;65;130;195;260;325","man_made":"surveillance","manufacturer":"Ubicquia, Inc.","manufacturer:wikidata":"Q138313103","operator":"San Diego Police Department","operator:type":"government","operator:wikidata":"Q6580207","source:url":"https://webmaps.sandiego.gov/portal/apps/webappviewer/index.html?id=a70a4dc00702448da5948992b144a98f","surveillance":"outdoor","surveillance:type":"ALPR","surveillance:zone":"town"}},{"type":"Feature","geometry":{"type":"Point","coordinates":[-117.1069207,32.8961857]},"properties":{"camera:mount":"traffic_signals","camera:type":"fixed","direction":"230","man_made":"surveillance","manufacturer":"Ubicquia, Inc.","manufacturer:wikidata":"Q138313103","operator":"San Diego Police Department","operator:type":"government","operator:wikidata":"Q6580207","source:url":"https://webmaps.sandiego.gov/portal/apps/webappviewer/index.html?id=a70a4dc00702448da5948992b144a98f","surveillance":"outdoor","surveillance:mount":"https://webmaps.sandiego.gov/portal/apps/webappviewer/index.html?id=a70a4dc00702448da5948992b144a98f","surveillance:type":"ALPR","surveillance:zone":"town"}},{"type":"Feature","geometry":{"type":"Point","coordinates":[-117.1939186,32.8955519]},"properties":{"camera:mount":"street_lamp","camera:type":"fixed","direction":"0;65;130;195;260;325","man_made":"surveillance","manufacturer":"Ubicquia, Inc.","manufacturer:wikidata":"Q138313103","operator":"San Diego Police Department","operator:type":"government","operator:wikidata":"Q6580207","source:url":"https://webmaps.sandiego.gov/portal/apps/webappviewer/index.html?id=a70a4dc00702448da5948992b144a98f","surveillance":"outdoor","surveillance:type":"ALPR","surveillance:zone":"town"}},{"type":"Feature","geometry":{"type":"Point","coordinates":[-117.1201824,32.8939561]},"properties":{"camera:mount":"traffic_signals","camera:type":"fixed","direction":"0;45;90;135;180;225;270;315","man_made":"surveillance","manufacturer":"Ubicquia, Inc.","manufacturer:wikidata":"Q138313103","operator":"San Diego Police Department","operator:type":"government","operator:wikidata":"Q6580207","source:url":"https://webmaps.sandiego.gov/portal/apps/webappviewer/index.html?id=a70a4dc00702448da5948992b144a98f","surveillance":"outdoor","surveillance:mount":"https://webmaps.sandiego.gov/portal/apps/webappviewer/index.html?id=a70a4dc00702448da5948992b144a98f","surveillance:type":"ALPR","surveillance:zone":"town"}},{"type":"Feature","geometry":{"type":"Point","coordinates":[-117.118295,32.89394]},"properties":{"camera:mount":"traffic_signals","camera:type":"fixed","direction":"0;45;90;135;180;225;270;315","man_made":"surveillance","manufacturer":"Ubicquia, Inc.","manufacturer:wikidata":"Q138313103","operator":"San Diego Police Department","operator:type":"government","operator:wikidata":"Q6580207","source:url":"https://webmaps.sandiego.gov/portal/apps/webappviewer/index.html?id=a70a4dc00702448da5948992b144a98f","surveillance":"outdoor","surveillance:mount":"https://webmaps.sandiego.gov/portal/apps/webappviewer/index.html?id=a70a4dc00702448da5948992b144a98f","surveillance:type":"ALPR","surveillance:zone":"town"}},{"type":"Feature","geometry":{"type":"Point","coordinates":[-117.1185582,32.8939143]},"properties":{"camera:mount":"traffic_signals","camera:type":"fixed","direction":"0;45;90;135;180;225;270;315","man_made":"surveillance","manufacturer":"Ubicquia, Inc.","manufacturer:wikidata":"Q138313103","operator":"San Diego Police Department","operator:type":"government","operator:wikidata":"Q6580207","source:url":"https://webmaps.sandiego.gov/portal/apps/webappviewer/index.html?id=a70a4dc00702448da5948992b144a98f","surveillance":"outdoor","surveillance:mount":"https://webmaps.sandiego.gov/portal/apps/webappviewer/index.html?id=a70a4dc00702448da5948992b144a98f","surveillance:type":"ALPR","surveillance:zone":"town"}},{"type":"Feature","geometry":{"type":"Point","coordinates":[-117.1197344,32.8937393]},"properties":{"camera:mount":"traffic_signals","camera:type":"fixed","direction":"0;45;90;135;180;225;270;315","man_made":"surveillance","manufacturer":"Ubicquia, Inc.","manufacturer:wikidata":"Q138313103","operator":"San Diego Police Department","operator:type":"government","operator:wikidata":"Q6580207","source:url":"https://webmaps.sandiego.gov/portal/apps/webappviewer/index.html?id=a70a4dc00702448da5948992b144a98f","surveillance":"outdoor","surveillance:mount":"https://webmaps.sandiego.gov/portal/apps/webappviewer/index.html?id=a70a4dc00702448da5948992b144a98f","surveillance:type":"ALPR","surveillance:zone":"town"}},{"type":"Feature","geometry":{"type":"Point","coordinates":[-117.1200708,32.8936555]},"properties":{"camera:mount":"traffic_signals","camera:type":"fixed","direction":"0;45;90;135;180;225;270;315","man_made":"surveillance","manufacturer":"Ubicquia, Inc.","manufacturer:wikidata":"Q138313103","operator":"San Diego Police Department","operator:type":"government","operator:wikidata":"Q6580207","source:url":"https://webmaps.sandiego.gov/portal/apps/webappviewer/index.html?id=a70a4dc00702448da5948992b144a98f","surveillance":"outdoor","surveillance:mount":"https://webmaps.sandiego.gov/portal/apps/webappviewer/index.html?id=a70a4dc00702448da5948992b144a98f","surveillance:type":"ALPR","surveillance:zone":"town"}},{"type":"Feature","geometry":{"type":"Point","coordinates":[-117.1184166,32.893554]},"properties":{"camera:mount":"traffic_signals","camera:type":"fixed","direction":"0;45;90;135;180;225;270;315","man_made":"surveillance","manufacturer":"Ubicquia, Inc.","manufacturer:wikidata":"Q138313103","operator":"San Diego Police Department","operator:type":"government","operator:wikidata":"Q6580207","source:url":"https://webmaps.sandiego.gov/portal/apps/webappviewer/index.html?id=a70a4dc00702448da5948992b144a98f","surveillance":"outdoor","surveillance:mount":"https://webmaps.sandiego.gov/portal/apps/webappviewer/index.html?id=a70a4dc00702448da5948992b144a98f","surveillance:type":"ALPR","surveillance:zone":"public"}},{"type":"Feature","geometry":{"type":"Point","coordinates":[-117.1182193,32.8936077]},"properties":{"camera:mount":"traffic_signals","camera:type":"fixed","direction":"0;45;90;135;180;225;270;315","man_made":"surveillance","manufacturer":"Ubicquia, Inc.","manufacturer:wikidata":"Q138313103","operator":"San Diego Police Department","operator:type":"government","operator:wikidata":"Q6580207","source:url":"https://webmaps.sandiego.gov/portal/apps/webappviewer/index.html?id=a70a4dc00702448da5948992b144a98f","surveillance":"outdoor","surveillance:mount":"https://webmaps.sandiego.gov/portal/apps/webappviewer/index.html?id=a70a4dc00702448da5948992b144a98f","surveillance:type":"ALPR","surveillance:zone":"town"}},{"type":"Feature","geometry":{"type":"Point","coordinates":[-117.2236685,32.8860368]},"properties":{"camera:mount":"traffic_signals","camera:type":"fixed","direction":"0;45;90;135;180;225;270;315","man_made":"surveillance","manufacturer":"Ubicquia, Inc.","manufacturer:wikidata":"Q138313103","operator":"San Diego Police Department","operator:type":"government","operator:wikidata":"Q6580207","source:url":"https://webmaps.sandiego.gov/portal/apps/webappviewer/index.html?id=a70a4dc00702448da5948992b144a98f","surveillance":"outdoor","surveillance:mount":"https://webmaps.sandiego.gov/portal/apps/webappviewer/index.html?id=a70a4dc00702448da5948992b144a98f","surveillance:type":"ALPR","surveillance:zone":"town"}},{"type":"Feature","geometry":{"type":"Point","coordinates":[-117.223323,32.8857804]},"properties":{"camera:mount":"traffic_signals","camera:type":"fixed","direction":"0;45;90;135;180;225;270;315","man_made":"surveillance","manufacturer":"Ubicquia, Inc.","manufacturer:wikidata":"Q138313103","operator":"San Diego Police Department","operator:type":"government","operator:wikidata":"Q6580207","source:url":"https://webmaps.sandiego.gov/portal/apps/webappviewer/index.html?id=a70a4dc00702448da5948992b144a98f","surveillance":"outdoor","surveillance:mount":"https://webmaps.sandiego.gov/portal/apps/webappviewer/index.html?id=a70a4dc00702448da5948992b144a98f","surveillance:type":"ALPR","surveillance:zone":"town"}},{"type":"Feature","geometry":{"type":"Point","coordinates":[-117.2217642,32.8840032]},"properties":{"camera:mount":"traffic_signals","camera:type":"fixed","direction":"0;45;90;135;180;225;270;315","man_made":"surveillance","manufacturer":"Ubicquia, Inc.","manufacturer:wikidata":"Q138313103","operator":"San Diego Police Department","operator:type":"government","operator:wikidata":"Q6580207","source:url":"https://webmaps.sandiego.gov/portal/apps/webappviewer/index.html?id=a70a4dc00702448da5948992b144a98f","surveillance":"outdoor","surveillance:mount":"https://webmaps.sandiego.gov/portal/apps/webappviewer/index.html?id=a70a4dc00702448da5948992b144a98f","surveillance:type":"ALPR","surveillance:zone":"town"}},{"type":"Feature","geometry":{"type":"Point","coordinates":[-117.2213576,32.883412]},"properties":{"camera:mount":"traffic_signals","camera:type":"fixed","direction":"0;45;90;135;180;225;270;315","man_made":"surveillance","manufacturer":"Ubicquia, Inc.","manufacturer:wikidata":"Q138313103","operator":"San Diego Police Department","operator:type":"government","operator:wikidata":"Q6580207","source:url":"https://webmaps.sandiego.gov/portal/apps/webappviewer/index.html?id=a70a4dc00702448da5948992b144a98f","surveillance":"outdoor","surveillance:mount":"https://webmaps.sandiego.gov/portal/apps/webappviewer/index.html?id=a70a4dc00702448da5948992b144a98f","surveillance:type":"ALPR","surveillance:zone":"town"}},{"type":"Feature","geometry":{"type":"Point","coordinates":[-117.1865283,32.8770386]},"properties":{"camera:mount":"street_lamp","camera:type":"fixed","direction":"0;65;130;195;260;325","man_made":"surveillance","manufacturer":"Ubicquia, Inc.","manufacturer:wikidata":"Q138313103","operator":"San Diego Police Department","operator:type":"government","operator:wikidata":"Q6580207","source:url":"https://webmaps.sandiego.gov/portal/apps/webappviewer/index.html?id=a70a4dc00702448da5948992b144a98f","surveillance":"outdoor","surveillance:type":"ALPR","surveillance:zone":"town"}},{"type":"Feature","geometry":{"type":"Point","coordinates":[-117.1881755,32.8767046]},"properties":{"camera:mount":"street_lamp","camera:type":"fixed","direction":"0;65;130;195;260;325","man_made":"surveillance","manufacturer":"Ubicquia, Inc.","manufacturer:wikidata":"Q138313103","operator":"San Diego Police Department","operator:type":"government","operator:wikidata":"Q6580207","source:url":"https://webmaps.sandiego.gov/portal/apps/webappviewer/index.html?id=a70a4dc00702448da5948992b144a98f","surveillance":"outdoor","surveillance:type":"ALPR","surveillance:zone":"town"}},{"type":"Feature","geometry":{"type":"Point","coordinates":[-117.203747,32.8746908]},"properties":{"camera:mount":"street_lamp","camera:type":"fixed","direction":"0;65;130;195;260;325","man_made":"surveillance","manufacturer":"Ubicquia, Inc.","manufacturer:wikidata":"Q138313103","operator":"San Diego Police Department","operator:type":"government","operator:wikidata":"Q6580207","source:url":"https://webmaps.sandiego.gov/portal/apps/webappviewer/index.html?id=a70a4dc00702448da5948992b144a98f","surveillance":"outdoor","surveillance:type":"ALPR","surveillance:zone":"town"}},{"type":"Feature","geometry":{"type":"Point","coordinates":[-117.2042496,32.8746164]},"properties":{"camera:mount":"street_lamp","camera:type":"fixed","direction":"0;65;130;195;260;325","man_made":"surveillance","manufacturer":"Ubicquia, Inc.","manufacturer:wikidata":"Q138313103","operator":"San Diego Police Department","operator:type":"government","operator:wikidata":"Q6580207","source:url":"https://webmaps.sandiego.gov/portal/apps/webappviewer/index.html?id=a70a4dc00702448da5948992b144a98f","surveillance":"outdoor","surveillance:type":"ALPR","surveillance:zone":"town"}},{"type":"Feature","geometry":{"type":"Point","coordinates":[-117.207373,32.8742681]},"properties":{"camera:mount":"street_lamp","camera:type":"fixed","direction":"0;65;130;195;260;325","man_made":"surveillance","manufacturer":"Ubicquia, Inc.","manufacturer:wikidata":"Q138313103","operator":"San Diego Police Department","operator:type":"government","operator:wikidata":"Q6580207","source:url":"https://webmaps.sandiego.gov/portal/apps/webappviewer/index.html?id=a70a4dc00702448da5948992b144a98f","surveillance":"outdoor","surveillance:type":"ALPR","surveillance:zone":"town"}},{"type":"Feature","geometry":{"type":"Point","coordinates":[-117.2058629,32.874092]},"properties":{"camera:mount":"street_lamp","camera:type":"fixed","direction":"0;65;130;195;260;325","man_made":"surveillance","manufacturer":"Ubicquia, Inc.","manufacturer:wikidata":"Q138313103","operator":"San Diego Police Department","operator:type":"government","operator:wikidata":"Q6580207","source:url":"https://webmaps.sandiego.gov/portal/apps/webappviewer/index.html?id=a70a4dc00702448da5948992b144a98f","surveillance":"outdoor","surveillance:type":"ALPR","surveillance:zone":"town"}},{"type":"Feature","geometry":{"type":"Point","coordinates":[-117.2071878,32.8739265]},"properties":{"camera:mount":"street_lamp","camera:type":"fixed","direction":"0;65;130;195;260;325","man_made":"surveillance","manufacturer":"Ubicquia, Inc.","manufacturer:wikidata":"Q138313103","operator":"San Diego Police Department","operator:type":"government","operator:wikidata":"Q6580207","source:url":"https://webmaps.sandiego.gov/portal/apps/webappviewer/index.html?id=a70a4dc00702448da5948992b144a98f","surveillance":"outdoor","surveillance:type":"ALPR","surveillance:zone":"town"}},{"type":"Feature","geometry":{"type":"Point","coordinates":[-117.0569043,32.7373132]},"properties":{"camera:mount":"street_lamp","camera:type":"fixed","description":"Two cameras per node. 1 wide angle looking straight down from lamp to capture metadata about vehicle (color, type, roof mounts, etc). 1 telephoto mounted on pole to capture license plate info.","direction":"0;65;130;195;260;325","man_made":"surveillance","manufacturer":"Ubicquia, Inc.","manufacturer:wikidata":"Q138313103","operator":"San Diego Police Department","operator:type":"government","operator:wikidata":"Q6580207","source:url":"https://webmaps.sandiego.gov/portal/apps/webappviewer/index.html?id=a70a4dc00702448da5948992b144a98f","surveillance":"outdoor","surveillance:type":"ALPR","surveillance:zone":"town"}},{"type":"Feature","geometry":{"type":"Point","coordinates":[-117.1465455,32.7485082]},"properties":{"camera:mount":"street_lamp","camera:type":"fixed","description":"Two cameras per node. 1 wide angle looking straight down from lamp to capture metadata about vehicle (color, type, roof mounts, etc). 1 telephoto mounted on pole to capture license plate info.","direction":"0;65;130;195;260;325","man_made":"surveillance","manufacturer":"Ubicquia, Inc.","manufacturer:wikidata":"Q138313103","operator":"San Diego Police Department","operator:type":"government","operator:wikidata":"Q6580207","source:url":"https://webmaps.sandiego.gov/portal/apps/webappviewer/index.html?id=a70a4dc00702448da5948992b144a98f","surveillance":"outdoor","surveillance:type":"ALPR","surveillance:zone":"town"}},{"type":"Feature","geometry":{"type":"Point","coordinates":[-117.1530943,32.8326252]},"properties":{"camera:mount":"street_lamp","camera:type":"fixed","direction":"0;65;130;195;260;325","man_made":"surveillance","manufacturer":"Ubicquia, Inc.","manufacturer:wikidata":"Q138313103","operator":"San Diego Police Department","operator:type":"government","operator:wikidata":"Q6580207","source:url":"https://webmaps.sandiego.gov/portal/apps/webappviewer/index.html?id=a70a4dc00702448da5948992b144a98f","surveillance":"outdoor","surveillance:type":"ALPR","surveillance:zone":"town"}},{"type":"Feature","geometry":{"type":"Point","coordinates":[-117.1534105,32.832553]},"properties":{"camera:mount":"street_lamp","camera:type":"fixed","direction":"0;65;130;195;260;325","man_made":"surveillance","manufacturer":"Ubicquia, Inc.","manufacturer:wikidata":"Q138313103","operator":"San Diego Police Department","operator:type":"government","operator:wikidata":"Q6580207","source:url":"https://webmaps.sandiego.gov/portal/apps/webappviewer/index.html?id=a70a4dc00702448da5948992b144a98f","surveillance":"outdoor","surveillance:type":"ALPR","surveillance:zone":"town"}},{"type":"Feature","geometry":{"type":"Point","coordinates":[-117.215654,32.831217]},"properties":{"camera:mount":"street_lamp","camera:type":"fixed","direction":"0;65;130;195;260;325","man_made":"surveillance","manufacturer":"Ubicquia, Inc.","manufacturer:wikidata":"Q138313103","operator":"San Diego Police Department","operator:type":"government","operator:wikidata":"Q6580207","source:url":"https://webmaps.sandiego.gov/portal/apps/webappviewer/index.html?id=a70a4dc00702448da5948992b144a98f","surveillance":"outdoor","surveillance:type":"ALPR","surveillance:zone":"town"}},{"type":"Feature","geometry":{"type":"Point","coordinates":[-117.1840004,32.8230772]},"properties":{"camera:mount":"street_lamp","camera:type":"fixed","direction":"0;65;130;195;260;325","man_made":"surveillance","manufacturer":"Ubicquia, Inc.","manufacturer:wikidata":"Q138313103","operator":"San Diego Police Department","operator:type":"government","operator:wikidata":"Q6580207","source:url":"https://webmaps.sandiego.gov/portal/apps/webappviewer/index.html?id=a70a4dc00702448da5948992b144a98f","surveillance":"outdoor","surveillance:type":"ALPR","surveillance:zone":"town"}},{"type":"Feature","geometry":{"type":"Point","coordinates":[-117.1549697,32.8219651]},"properties":{"camera:mount":"street_lamp","camera:type":"fixed","direction":"0;65;130;195;260;325","man_made":"surveillance","manufacturer":"Ubicquia, Inc.","manufacturer:wikidata":"Q138313103","operator":"San Diego Police Department","operator:type":"government","operator:wikidata":"Q6580207","source:url":"https://webmaps.sandiego.gov/portal/apps/webappviewer/index.html?id=a70a4dc00702448da5948992b144a98f","surveillance":"outdoor","surveillance:type":"ALPR","surveillance:zone":"town"}},{"type":"Feature","geometry":{"type":"Point","coordinates":[-117.1553102,32.8219118]},"properties":{"camera:mount":"street_lamp","camera:type":"fixed","direction":"0;65;130;195;260;325","man_made":"surveillance","manufacturer":"Ubicquia, Inc.","manufacturer:wikidata":"Q138313103","operator":"San Diego Police Department","operator:type":"government","operator:wikidata":"Q6580207","source:url":"https://webmaps.sandiego.gov/portal/apps/webappviewer/index.html?id=a70a4dc00702448da5948992b144a98f","surveillance":"outdoor","surveillance:type":"ALPR","surveillance:zone":"town"}},{"type":"Feature","geometry":{"type":"Point","coordinates":[-117.154892,32.8216546]},"properties":{"camera:mount":"street_lamp","camera:type":"fixed","direction":"0;65;130;195;260;325","man_made":"surveillance","manufacturer":"Ubicquia, Inc.","manufacturer:wikidata":"Q138313103","operator":"San Diego Police Department","operator:type":"government","operator:wikidata":"Q6580207","source:url":"https://webmaps.sandiego.gov/portal/apps/webappviewer/index.html?id=a70a4dc00702448da5948992b144a98f","surveillance":"outdoor","surveillance:type":"ALPR","surveillance:zone":"town"}},{"type":"Feature","geometry":{"type":"Point","coordinates":[-117.1552158,32.8215451]},"properties":{"camera:mount":"street_lamp","camera:type":"fixed","direction":"0;65;130;195;260;325","man_made":"surveillance","manufacturer":"Ubicquia, Inc.","manufacturer:wikidata":"Q138313103","operator":"San Diego Police Department","operator:type":"government","operator:wikidata":"Q6580207","source:url":"https://webmaps.sandiego.gov/portal/apps/webappviewer/index.html?id=a70a4dc00702448da5948992b144a98f","surveillance":"outdoor","surveillance:type":"ALPR","surveillance:zone":"town"}},{"type":"Feature","geometry":{"type":"Point","coordinates":[-117.1716536,32.8204012]},"properties":{"camera:mount":"street_lamp","camera:type":"fixed","direction":"0;65;130;195;260;325","man_made":"surveillance","manufacturer":"Ubicquia, Inc.","manufacturer:wikidata":"Q138313103","operator":"San Diego Police Department","operator:type":"government","operator:wikidata":"Q6580207","source:url":"https://webmaps.sandiego.gov/portal/apps/webappviewer/index.html?id=a70a4dc00702448da5948992b144a98f","surveillance":"outdoor","surveillance:type":"ALPR","surveillance:zone":"town"}},{"type":"Feature","geometry":{"type":"Point","coordinates":[-117.1759729,32.8202011]},"properties":{"camera:mount":"street_lamp","camera:type":"fixed","direction":"0;65;130;195;260;325","man_made":"surveillance","manufacturer":"Ubicquia, Inc.","manufacturer:wikidata":"Q138313103","operator":"San Diego Police Department","operator:type":"government","operator:wikidata":"Q6580207","source:url":"https://webmaps.sandiego.gov/portal/apps/webappviewer/index.html?id=a70a4dc00702448da5948992b144a98f","surveillance":"outdoor","surveillance:type":"ALPR","surveillance:zone":"town"}},{"type":"Feature","geometry":{"type":"Point","coordinates":[-117.182241,32.8193377]},"properties":{"camera:mount":"street_lamp","camera:type":"fixed","direction":"0;65;130;195;260;325","man_made":"surveillance","manufacturer":"Ubicquia, Inc.","manufacturer:wikidata":"Q138313103","operator":"San Diego Police Department","operator:type":"government","operator:wikidata":"Q6580207","source:url":"https://webmaps.sandiego.gov/portal/apps/webappviewer/index.html?id=a70a4dc00702448da5948992b144a98f","surveillance":"outdoor","surveillance:type":"ALPR","surveillance:zone":"town"}},{"type":"Feature","geometry":{"type":"Point","coordinates":[-117.1809037,32.8170987]},"properties":{"camera:mount":"street_lamp","camera:type":"fixed","direction":"0;65;130;195;260;325","man_made":"surveillance","manufacturer":"Ubicquia, Inc.","manufacturer:wikidata":"Q138313103","operator":"San Diego Police Department","operator:type":"government","operator:wikidata":"Q6580207","source:url":"https://webmaps.sandiego.gov/portal/apps/webappviewer/index.html?id=a70a4dc00702448da5948992b144a98f","surveillance":"outdoor","surveillance:type":"ALPR","surveillance:zone":"town"}},{"type":"Feature","geometry":{"type":"Point","coordinates":[-117.2008765,32.8119197]},"properties":{"camera:mount":"street_lamp","camera:type":"fixed","direction":"0;65;130;195;260;325","man_made":"surveillance","manufacturer":"Ubicquia, Inc.","manufacturer:wikidata":"Q138313103","operator":"San Diego Police Department","operator:type":"government","operator:wikidata":"Q6580207","source:url":"https://webmaps.sandiego.gov/portal/apps/webappviewer/index.html?id=a70a4dc00702448da5948992b144a98f","surveillance":"outdoor","surveillance:type":"ALPR","surveillance:zone":"town"}},{"type":"Feature","geometry":{"type":"Point","coordinates":[-117.2008361,32.8116701]},"properties":{"camera:mount":"street_lamp","camera:type":"fixed","direction":"0;65;130;195;260;325","man_made":"surveillance","manufacturer":"Ubicquia, Inc.","manufacturer:wikidata":"Q138313103","operator":"San Diego Police Department","operator:type":"government","operator:wikidata":"Q6580207","source:url":"https://webmaps.sandiego.gov/portal/apps/webappviewer/index.html?id=a70a4dc00702448da5948992b144a98f","surveillance":"outdoor","surveillance:type":"ALPR","surveillance:zone":"town"}},{"type":"Feature","geometry":{"type":"Point","coordinates":[-117.2074913,32.8737897]},"properties":{"camera:mount":"street_lamp","camera:type":"fixed","direction":"0;65;130;195;260;325","man_made":"surveillance","manufacturer":"Ubicquia, Inc.","manufacturer:wikidata":"Q138313103","operator":"San Diego Police Department","operator:type":"government","operator:wikidata":"Q6580207","source:url":"https://webmaps.sandiego.gov/portal/apps/webappviewer/index.html?id=a70a4dc00702448da5948992b144a98f","surveillance":"outdoor","surveillance:type":"ALPR","surveillance:zone":"town"}},{"type":"Feature","geometry":{"type":"Point","coordinates":[-117.1916997,32.8728777]},"properties":{"camera:mount":"street_lamp","camera:type":"fixed","direction":"0;65;130;195;260;325","man_made":"surveillance","manufacturer":"Ubicquia, Inc.","manufacturer:wikidata":"Q138313103","operator":"San Diego Police Department","operator:type":"government","operator:wikidata":"Q6580207","source:url":"https://webmaps.sandiego.gov/portal/apps/webappviewer/index.html?id=a70a4dc00702448da5948992b144a98f","surveillance":"outdoor","surveillance:type":"ALPR","surveillance:zone":"town"}},{"type":"Feature","geometry":{"type":"Point","coordinates":[-117.2138902,32.8728282]},"properties":{"camera:mount":"street_lamp","camera:type":"fixed","direction":"0;65;130;195;260;325","man_made":"surveillance","manufacturer":"Ubicquia, Inc.","manufacturer:wikidata":"Q138313103","operator":"San Diego Police Department","operator:type":"government","operator:wikidata":"Q6580207","source:url":"https://webmaps.sandiego.gov/portal/apps/webappviewer/index.html?id=a70a4dc00702448da5948992b144a98f","surveillance":"outdoor","surveillance:type":"ALPR","surveillance:zone":"town"}},{"type":"Feature","geometry":{"type":"Point","coordinates":[-117.2143726,32.8726372]},"properties":{"camera:mount":"street_lamp","camera:type":"fixed","direction":"0;65;130;195;260;325","man_made":"surveillance","manufacturer":"Ubicquia, Inc.","manufacturer:wikidata":"Q138313103","operator":"San Diego Police Department","operator:type":"government","operator:wikidata":"Q6580207","source:url":"https://webmaps.sandiego.gov/portal/apps/webappviewer/index.html?id=a70a4dc00702448da5948992b144a98f","surveillance":"outdoor","surveillance:type":"ALPR","surveillance:zone":"town"}},{"type":"Feature","geometry":{"type":"Point","coordinates":[-117.2138041,32.872481]},"properties":{"camera:mount":"street_lamp","camera:type":"fixed","direction":"0;65;130;195;260;325","man_made":"surveillance","manufacturer":"Ubicquia, Inc.","manufacturer:wikidata":"Q138313103","operator":"San Diego Police Department","operator:type":"government","operator:wikidata":"Q6580207","source:url":"https://webmaps.sandiego.gov/portal/apps/webappviewer/index.html?id=a70a4dc00702448da5948992b144a98f","surveillance":"outdoor","surveillance:type":"ALPR","surveillance:zone":"town"}},{"type":"Feature","geometry":{"type":"Point","coordinates":[-117.2142592,32.8722253]},"properties":{"camera:mount":"street_lamp","camera:type":"fixed","direction":"0;65;130;195;260;325","man_made":"surveillance","manufacturer":"Ubicquia, Inc.","manufacturer:wikidata":"Q138313103","operator":"San Diego Police Department","operator:type":"government","operator:wikidata":"Q6580207","source:url":"https://webmaps.sandiego.gov/portal/apps/webappviewer/index.html?id=a70a4dc00702448da5948992b144a98f","surveillance":"outdoor","surveillance:type":"ALPR","surveillance:zone":"town"}},{"type":"Feature","geometry":{"type":"Point","coordinates":[-117.2245589,32.8712193]},"properties":{"camera:mount":"street_lamp","camera:type":"fixed","direction":"0;65;130;195;260;325","man_made":"surveillance","manufacturer":"Ubicquia, Inc.","manufacturer:wikidata":"Q138313103","operator":"San Diego Police Department","operator:type":"government","operator:wikidata":"Q6580207","source:url":"https://webmaps.sandiego.gov/portal/apps/webappviewer/index.html?id=a70a4dc00702448da5948992b144a98f","surveillance":"outdoor","surveillance:type":"ALPR","surveillance:zone":"town"}},{"type":"Feature","geometry":{"type":"Point","coordinates":[-117.2235203,32.8710245]},"properties":{"camera:mount":"street_lamp","camera:type":"fixed","direction":"0;65;130;195;260;325","man_made":"surveillance","manufacturer":"Ubicquia, Inc.","manufacturer:wikidata":"Q138313103","operator":"San Diego Police Department","operator:type":"government","operator:wikidata":"Q6580207","source:url":"https://webmaps.sandiego.gov/portal/apps/webappviewer/index.html?id=a70a4dc00702448da5948992b144a98f","surveillance":"outdoor","surveillance:type":"ALPR","surveillance:zone":"town"}},{"type":"Feature","geometry":{"type":"Point","coordinates":[-117.1961738,32.8686637]},"properties":{"camera:mount":"traffic_signals","camera:type":"fixed","direction":"195","man_made":"surveillance","manufacturer":"Ubicquia, Inc.","manufacturer:wikidata":"Q138313103","operator":"San Diego Police Department","operator:type":"government","operator:wikidata":"Q6580207","source:url":"https://webmaps.sandiego.gov/portal/apps/webappviewer/index.html?id=a70a4dc00702448da5948992b144a98f","surveillance":"outdoor","surveillance:mount":"https://webmaps.sandiego.gov/portal/apps/webappviewer/index.html?id=a70a4dc00702448da5948992b144a98f","surveillance:type":"ALPR","surveillance:zone":"town"}},{"type":"Feature","geometry":{"type":"Point","coordinates":[-117.1964236,32.867791]},"properties":{"camera:mount":"traffic_signals","camera:type":"fixed","direction":"20","man_made":"surveillance","manufacturer":"Ubicquia, Inc.","manufacturer:wikidata":"Q138313103","operator":"San Diego Police Department","operator:type":"government","operator:wikidata":"Q6580207","source:url":"https://webmaps.sandiego.gov/portal/apps/webappviewer/index.html?id=a70a4dc00702448da5948992b144a98f","surveillance":"outdoor","surveillance:mount":"https://webmaps.sandiego.gov/portal/apps/webappviewer/index.html?id=a70a4dc00702448da5948992b144a98f","surveillance:type":"ALPR","surveillance:zone":"town"}},{"type":"Feature","geometry":{"type":"Point","coordinates":[-117.1969455,32.8673924]},"properties":{"camera:mount":"traffic_signals","camera:type":"fixed","direction":"0;45;90;135;180;225;270;315","man_made":"surveillance","manufacturer":"Ubicquia, Inc.","manufacturer:wikidata":"Q138313103","operator":"San Diego Police Department","operator:type":"government","operator:wikidata":"Q6580207","source:url":"https://webmaps.sandiego.gov/portal/apps/webappviewer/index.html?id=a70a4dc00702448da5948992b144a98f","surveillance":"outdoor","surveillance:mount":"https://webmaps.sandiego.gov/portal/apps/webappviewer/index.html?id=a70a4dc00702448da5948992b144a98f","surveillance:type":"ALPR","surveillance:zone":"town"}},{"type":"Feature","geometry":{"type":"Point","coordinates":[-117.213503,32.867156]},"properties":{"camera:type":"fixed","man_made":"surveillance","manufacturer":"Ubicquia","operator":"San Diego Police Department","source:url":"https://webmaps.sandiego.gov/portal/apps/webappviewer/index.html?id=a70a4dc00702448da5948992b144a98f","surveillance":"traffic","surveillance:type":"ALPR","surveillance:zone":"public"}},{"type":"Feature","geometry":{"type":"Point","coordinates":[-117.213287,32.866795]},"properties":{"camera:type":"fixed","man_made":"surveillance","manufacturer":"Ubicquia","operator":"San Diego Police Department","source:url":"https://webmaps.sandiego.gov/portal/apps/webappviewer/index.html?id=a70a4dc00702448da5948992b144a98f","surveillance":"traffic","surveillance:type":"ALPR","surveillance:zone":"public"}},{"type":"Feature","geometry":{"type":"Point","coordinates":[-117.213698,32.86665]},"properties":{"camera:type":"fixed","man_made":"surveillance","manufacturer":"Ubicquia","operator":"San Diego Police Department","source:url":"https://webmaps.sandiego.gov/portal/apps/webappviewer/index.html?id=a70a4dc00702448da5948992b144a98f","surveillance":"traffic","surveillance:type":"ALPR","surveillance:zone":"public"}},{"type":"Feature","geometry":{"type":"Point","coordinates":[-117.2524314,32.8505313]},"properties":{"camera:mount":"street_lamp","camera:type":"fixed","direction":"0;65;130;195;260;325","man_made":"surveillance","manufacturer":"Ubicquia, Inc.","manufacturer:wikidata":"Q138313103","operator":"San Diego Police Department","operator:type":"government","operator:wikidata":"Q6580207","source:url":"https://webmaps.sandiego.gov/portal/apps/webappviewer/index.html?id=a70a4dc00702448da5948992b144a98f","surveillance":"outdoor","surveillance:type":"ALPR","surveillance:zone":"town"}},{"type":"Feature","geometry":{"type":"Point","coordinates":[-117.2506377,32.8496055]},"properties":{"camera:mount":"street_lamp","camera:type":"fixed","direction":"0;65;130;195;260;325","man_made":"surveillance","manufacturer":"Ubicquia, Inc.","manufacturer:wikidata":"Q138313103","operator":"San Diego Police Department","operator:type":"government","operator:wikidata":"Q6580207","source:url":"https://webmaps.sandiego.gov/portal/apps/webappviewer/index.html?id=a70a4dc00702448da5948992b144a98f","surveillance":"outdoor","surveillance:type":"ALPR","surveillance:zone":"town"}},{"type":"Feature","geometry":{"type":"Point","coordinates":[-117.1737819,32.8343695]},"properties":{"camera:mount":"street_lamp","camera:type":"fixed","direction":"0;65;130;195;260;325","man_made":"surveillance","manufacturer":"Ubicquia, Inc.","manufacturer:wikidata":"Q138313103","operator":"San Diego Police Department","operator:type":"government","operator:wikidata":"Q6580207","source:url":"https://webmaps.sandiego.gov/portal/apps/webappviewer/index.html?id=a70a4dc00702448da5948992b144a98f","surveillance":"outdoor","surveillance:type":"ALPR","surveillance:zone":"town"}},{"type":"Feature","geometry":{"type":"Point","coordinates":[-117.1786049,32.8343174]},"properties":{"camera:mount":"street_lamp","camera:type":"fixed","direction":"0;65;130;195;260;325","man_made":"surveillance","manufacturer":"Ubicquia, Inc.","manufacturer:wikidata":"Q138313103","operator":"San Diego Police Department","operator:type":"government","operator:wikidata":"Q6580207","source:url":"https://webmaps.sandiego.gov/portal/apps/webappviewer/index.html?id=a70a4dc00702448da5948992b144a98f","surveillance":"outdoor","surveillance:type":"ALPR","surveillance:zone":"town"}},{"type":"Feature","geometry":{"type":"Point","coordinates":[-117.1531682,32.8329441]},"properties":{"camera:mount":"street_lamp","camera:type":"fixed","direction":"0;65;130;195;260;325","man_made":"surveillance","manufacturer":"Ubicquia, Inc.","manufacturer:wikidata":"Q138313103","operator":"San Diego Police Department","operator:type":"government","operator:wikidata":"Q6580207","source:url":"https://webmaps.sandiego.gov/portal/apps/webappviewer/index.html?id=a70a4dc00702448da5948992b144a98f","surveillance":"outdoor","surveillance:type":"ALPR","surveillance:zone":"town"}},{"type":"Feature","geometry":{"type":"Point","coordinates":[-117.1534716,32.8328845]},"properties":{"camera:mount":"street_lamp","camera:type":"fixed","direction":"0;65;130;195;260;325","man_made":"surveillance","manufacturer":"Ubicquia, Inc.","manufacturer:wikidata":"Q138313103","operator":"San Diego Police Department","operator:type":"government","operator:wikidata":"Q6580207","source:url":"https://webmaps.sandiego.gov/portal/apps/webappviewer/index.html?id=a70a4dc00702448da5948992b144a98f","surveillance":"outdoor","surveillance:type":"ALPR","surveillance:zone":"town"}},{"type":"Feature","geometry":{"type":"Point","coordinates":[-117.1110775,32.7633506]},"properties":{"camera:mount":"street_lamp","camera:type":"fixed","description":"Two cameras per node. 1 wide angle looking straight down from lamp to capture metadata about vehicle (color, type, roof mounts, etc). 1 telephoto mounted on pole to capture license plate info.","direction":"0;65;130;195;260;325","man_made":"surveillance","manufacturer":"Ubicquia, Inc.","manufacturer:wikidata":"Q138313103","operator":"San Diego Police Department","operator:type":"government","operator:wikidata":"Q6580207","source:url":"https://webmaps.sandiego.gov/portal/apps/webappviewer/index.html?id=a70a4dc00702448da5948992b144a98f","surveillance":"outdoor","surveillance:type":"ALPR","surveillance:zone":"town"}},{"type":"Feature","geometry":{"type":"Point","coordinates":[-117.1108917,32.7632218]},"properties":{"camera:mount":"street_lamp","camera:type":"fixed","description":"Two cameras per node. 1 wide angle looking straight down from lamp to capture metadata about vehicle (color, type, roof mounts, etc). 1 telephoto mounted on pole to capture license plate info.","direction":"0;65;130;195;260;325","man_made":"surveillance","manufacturer":"Ubicquia, Inc.","manufacturer:wikidata":"Q138313103","operator":"San Diego Police Department","operator:type":"government","operator:wikidata":"Q6580207","source:url":"https://webmaps.sandiego.gov/portal/apps/webappviewer/index.html?id=a70a4dc00702448da5948992b144a98f","surveillance":"outdoor","surveillance:type":"ALPR","surveillance:zone":"town"}},{"type":"Feature","geometry":{"type":"Point","coordinates":[-117.128875,32.7628472]},"properties":{"camera:mount":"street_lamp","camera:type":"fixed","description":"Two cameras per node. 1 wide angle looking straight down from lamp to capture metadata about vehicle (color, type, roof mounts, etc). 1 telephoto mounted on pole to capture license plate info.","direction":"0;65;130;195;260;325","man_made":"surveillance","manufacturer":"Ubicquia, Inc.","manufacturer:wikidata":"Q138313103","operator":"San Diego Police Department","operator:type":"government","operator:wikidata":"Q6580207","source:url":"https://webmaps.sandiego.gov/portal/apps/webappviewer/index.html?id=a70a4dc00702448da5948992b144a98f","surveillance":"outdoor","surveillance:type":"ALPR","surveillance:zone":"town"}},{"type":"Feature","geometry":{"type":"Point","coordinates":[-117.171208,32.760659]},"properties":{"camera:type":"fixed","man_made":"surveillance","manufacturer":"Ubicquia","operator":"San Diego Police Department","source:url":"https://webmaps.sandiego.gov/portal/apps/webappviewer/index.html?id=a70a4dc00702448da5948992b144a98f","surveillance":"traffic","surveillance:type":"ALPR","surveillance:zone":"public"}},{"type":"Feature","geometry":{"type":"Point","coordinates":[-117.171558,32.760605]},"properties":{"camera:type":"fixed","man_made":"surveillance","manufacturer":"Ubicquia","operator":"San Diego Police Department","source:url":"https://webmaps.sandiego.gov/portal/apps/webappviewer/index.html?id=a70a4dc00702448da5948992b144a98f","surveillance":"traffic","surveillance:type":"ALPR","surveillance:zone":"public"}},{"type":"Feature","geometry":{"type":"Point","coordinates":[-117.1686718,32.7605265]},"properties":{"camera:mount":"street_lamp","camera:type":"fixed","direction":"0;65;130;195;260;325","man_made":"surveillance","manufacturer":"Ubicquia, Inc.","manufacturer:wikidata":"Q138313103","operator":"San Diego Police Department","operator:type":"government","operator:wikidata":"Q6580207","source:url":"https://webmaps.sandiego.gov/portal/apps/webappviewer/index.html?id=a70a4dc00702448da5948992b144a98f","surveillance":"outdoor","surveillance:type":"ALPR","surveillance:zone":"town"}},{"type":"Feature","geometry":{"type":"Point","coordinates":[-117.1865534,32.7601961]},"properties":{"camera:mount":"street_lamp","camera:type":"fixed","direction":"0;65;130;195;260;325","man_made":"surveillance","manufacturer":"Ubicquia, Inc.","manufacturer:wikidata":"Q138313103","operator":"San Diego Police Department","operator:type":"government","operator:wikidata":"Q6580207","source:url":"https://webmaps.sandiego.gov/portal/apps/webappviewer/index.html?id=a70a4dc00702448da5948992b144a98f","surveillance":"outdoor","surveillance:type":"ALPR","surveillance:zone":"town"}},{"type":"Feature","geometry":{"type":"Point","coordinates":[-117.1859865,32.7599348]},"properties":{"camera:mount":"street_lamp","camera:type":"fixed","direction":"0;65;130;195;260;325","man_made":"surveillance","manufacturer":"Ubicquia, Inc.","manufacturer:wikidata":"Q138313103","operator":"San Diego Police Department","operator:type":"government","operator:wikidata":"Q6580207","source:url":"https://webmaps.sandiego.gov/portal/apps/webappviewer/index.html?id=a70a4dc00702448da5948992b144a98f","surveillance":"outdoor","surveillance:type":"ALPR","surveillance:zone":"town"}},{"type":"Feature","geometry":{"type":"Point","coordinates":[-117.1721076,32.7597202]},"properties":{"camera:mount":"street_lamp","camera:type":"fixed","direction":"0;65;130;195;260;325","man_made":"surveillance","manufacturer":"Ubicquia, Inc.","manufacturer:wikidata":"Q138313103","operator":"San Diego Police Department","operator:type":"government","operator:wikidata":"Q6580207","source:url":"https://webmaps.sandiego.gov/portal/apps/webappviewer/index.html?id=a70a4dc00702448da5948992b144a98f","surveillance":"outdoor","surveillance:type":"ALPR","surveillance:zone":"town"}},{"type":"Feature","geometry":{"type":"Point","coordinates":[-117.2013004,32.7555128]},"properties":{"camera:mount":"street_lamp","camera:type":"fixed","description":"Two cameras per node. 1 wide angle looking straight down from lamp to capture metadata about vehicle (color, type, roof mounts, etc). 1 telephoto mounted on pole to capture license plate info.","direction":"0;65;130;195;260;325","man_made":"surveillance","manufacturer":"Ubicquia, Inc.","manufacturer:wikidata":"Q138313103","operator":"San Diego Police Department","operator:type":"government","operator:wikidata":"Q6580207","source:url":"https://webmaps.sandiego.gov/portal/apps/webappviewer/index.html?id=a70a4dc00702448da5948992b144a98f","surveillance":"outdoor","surveillance:type":"ALPR","surveillance:zone":"town"}},{"type":"Feature","geometry":{"type":"Point","coordinates":[-117.1278621,32.7554653]},"properties":{"camera:mount":"street_lamp","camera:type":"fixed","description":"Two cameras per node. 1 wide angle looking straight down from lamp to capture metadata about vehicle (color, type, roof mounts, etc). 1 telephoto mounted on pole to capture license plate info.","direction":"0;65;130;195;260;325","man_made":"surveillance","manufacturer":"Ubicquia, Inc.","manufacturer:wikidata":"Q138313103","operator":"San Diego Police Department","operator:type":"government","operator:wikidata":"Q6580207","source:url":"https://webmaps.sandiego.gov/portal/apps/webappviewer/index.html?id=a70a4dc00702448da5948992b144a98f","surveillance":"outdoor","surveillance:type":"ALPR","surveillance:zone":"town"}},{"type":"Feature","geometry":{"type":"Point","coordinates":[-117.1180887,32.7553585]},"properties":{"camera:mount":"street_lamp","camera:type":"fixed","description":"Two cameras per node. 1 wide angle looking straight down from lamp to capture metadata about vehicle (color, type, roof mounts, etc). 1 telephoto mounted on pole to capture license plate info.","direction":"0;65;130;195;260;325","man_made":"surveillance","manufacturer":"Ubicquia, Inc.","manufacturer:wikidata":"Q138313103","operator":"San Diego Police Department","operator:type":"government","operator:wikidata":"Q6580207","source:url":"https://webmaps.sandiego.gov/portal/apps/webappviewer/index.html?id=a70a4dc00702448da5948992b144a98f","surveillance":"outdoor","surveillance:type":"ALPR","surveillance:zone":"town"}},{"type":"Feature","geometry":{"type":"Point","coordinates":[-117.1105551,32.7553242]},"properties":{"camera:mount":"street_lamp","camera:type":"fixed","description":"Two cameras per node. 1 wide angle looking straight down from lamp to capture metadata about vehicle (color, type, roof mounts, etc). 1 telephoto mounted on pole to capture license plate info.","direction":"0;65;130;195;260;325","man_made":"surveillance","manufacturer":"Ubicquia, Inc.","manufacturer:wikidata":"Q138313103","operator":"San Diego Police Department","operator:type":"government","operator:wikidata":"Q6580207","source:url":"https://webmaps.sandiego.gov/portal/apps/webappviewer/index.html?id=a70a4dc00702448da5948992b144a98f","surveillance":"outdoor","surveillance:type":"ALPR","surveillance:zone":"town"}},{"type":"Feature","geometry":{"type":"Point","coordinates":[-117.1062542,32.7552884]},"properties":{"camera:mount":"street_lamp","camera:type":"fixed","description":"Two cameras per node. 1 wide angle looking straight down from lamp to capture metadata about vehicle (color, type, roof mounts, etc). 1 telephoto mounted on pole to capture license plate info.","direction":"0;65;130;195;260;325","man_made":"surveillance","manufacturer":"Ubicquia, Inc.","manufacturer:wikidata":"Q138313103","operator":"San Diego Police Department","operator:type":"government","operator:wikidata":"Q6580207","source:url":"https://webmaps.sandiego.gov/portal/apps/webappviewer/index.html?id=a70a4dc00702448da5948992b144a98f","surveillance":"outdoor","surveillance:type":"ALPR","surveillance:zone":"town"}},{"type":"Feature","geometry":{"type":"Point","coordinates":[-117.126363,32.7552977]},"properties":{"camera:mount":"street_lamp","camera:type":"fixed","description":"Two cameras per node. 1 wide angle looking straight down from lamp to capture metadata about vehicle (color, type, roof mounts, etc). 1 telephoto mounted on pole to capture license plate info.","direction":"0;65;130;195;260;325","man_made":"surveillance","manufacturer":"Ubicquia, Inc.","manufacturer:wikidata":"Q138313103","operator":"San Diego Police Department","operator:type":"government","operator:wikidata":"Q6580207","source:url":"https://webmaps.sandiego.gov/portal/apps/webappviewer/index.html?id=a70a4dc00702448da5948992b144a98f","surveillance":"outdoor","surveillance:type":"ALPR","surveillance:zone":"town"}},{"type":"Feature","geometry":{"type":"Point","coordinates":[-117.2047522,32.7552943]},"properties":{"camera:mount":"street_lamp","camera:type":"fixed","description":"Two cameras per node. 1 wide angle looking straight down from lamp to capture metadata about vehicle (color, type, roof mounts, etc). 1 telephoto mounted on pole to capture license plate info.","direction":"0;65;130;195;260;325","man_made":"surveillance","manufacturer":"Ubicquia, Inc.","manufacturer:wikidata":"Q138313103","operator":"San Diego Police Department","operator:type":"government","operator:wikidata":"Q6580207","source:url":"https://webmaps.sandiego.gov/portal/apps/webappviewer/index.html?id=a70a4dc00702448da5948992b144a98f","surveillance":"outdoor","surveillance:type":"ALPR","surveillance:zone":"town"}},{"type":"Feature","geometry":{"type":"Point","coordinates":[-117.111415,32.75509]},"properties":{"camera:mount":"street_lamp","camera:type":"fixed","description":"Two cameras per node. 1 wide angle looking straight down from lamp to capture metadata about vehicle (color, type, roof mounts, etc). 1 telephoto mounted on pole to capture license plate info.","direction":"0;65;130;195;260;325","man_made":"surveillance","manufacturer":"Ubicquia, Inc.","manufacturer:wikidata":"Q138313103","operator":"San Diego Police Department","operator:type":"government","operator:wikidata":"Q6580207","source:url":"https://webmaps.sandiego.gov/portal/apps/webappviewer/index.html?id=a70a4dc00702448da5948992b144a98f","surveillance":"outdoor","surveillance:type":"ALPR","surveillance:zone":"town"}},{"type":"Feature","geometry":{"type":"Point","coordinates":[-117.2011745,32.7550907]},"properties":{"camera:mount":"street_lamp","camera:type":"fixed","description":"Two cameras per node. 1 wide angle looking straight down from lamp to capture metadata about vehicle (color, type, roof mounts, etc). 1 telephoto mounted on pole to capture license plate info.","direction":"0;65;130;195;260;325","man_made":"surveillance","manufacturer":"Ubicquia, Inc.","manufacturer:wikidata":"Q138313103","operator":"San Diego Police Department","operator:type":"government","operator:wikidata":"Q6580207","source:url":"https://webmaps.sandiego.gov/portal/apps/webappviewer/index.html?id=a70a4dc00702448da5948992b144a98f","surveillance":"outdoor","surveillance:type":"ALPR","surveillance:zone":"public"}},{"type":"Feature","geometry":{"type":"Point","coordinates":[-117.1075524,32.7550646]},"properties":{"camera:mount":"street_lamp","camera:type":"fixed","description":"Two cameras per node. 1 wide angle looking straight down from lamp to capture metadata about vehicle (color, type, roof mounts, etc). 1 telephoto mounted on pole to capture license plate info.","direction":"0;65;130;195;260;325","man_made":"surveillance","manufacturer":"Ubicquia, Inc.","manufacturer:wikidata":"Q138313103","operator":"San Diego Police Department","operator:type":"government","operator:wikidata":"Q6580207","source:url":"https://webmaps.sandiego.gov/portal/apps/webappviewer/index.html?id=a70a4dc00702448da5948992b144a98f","surveillance":"outdoor","surveillance:type":"ALPR","surveillance:zone":"town"}},{"type":"Feature","geometry":{"type":"Point","coordinates":[-117.2052481,32.7544198]},"properties":{"camera:mount":"street_lamp","camera:type":"fixed","description":"Two cameras per node. 1 wide angle looking straight down from lamp to capture metadata about vehicle (color, type, roof mounts, etc). 1 telephoto mounted on pole to capture license plate info.","direction":"0;65;130;195;260;325","man_made":"surveillance","manufacturer":"Ubicquia, Inc.","manufacturer:wikidata":"Q138313103","operator":"San Diego Police Department","operator:type":"government","operator:wikidata":"Q6580207","source:url":"https://webmaps.sandiego.gov/portal/apps/webappviewer/index.html?id=a70a4dc00702448da5948992b144a98f","surveillance":"outdoor","surveillance:type":"ALPR","surveillance:zone":"town"}},{"type":"Feature","geometry":{"type":"Point","coordinates":[-117.1074509,32.9363617]},"properties":{"camera:mount":"traffic_signals","camera:type":"fixed","direction":"0;45;90;135;180;225;270;315","man_made":"surveillance","manufacturer":"Ubicquia, Inc.","manufacturer:wikidata":"Q138313103","operator":"San Diego Police Department","operator:type":"government","operator:wikidata":"Q6580207","source:url":"https://webmaps.sandiego.gov/portal/apps/webappviewer/index.html?id=a70a4dc00702448da5948992b144a98f","surveillance":"outdoor","surveillance:mount":"https://webmaps.sandiego.gov/portal/apps/webappviewer/index.html?id=a70a4dc00702448da5948992b144a98f","surveillance:type":"ALPR","surveillance:zone":"town"}},{"type":"Feature","geometry":{"type":"Point","coordinates":[-117.1077037,32.9361809]},"properties":{"camera:mount":"traffic_signals","camera:type":"fixed","direction":"0;45;90;135;180;225;270;315","man_made":"surveillance","manufacturer":"Ubicquia, Inc.","manufacturer:wikidata":"Q138313103","operator":"San Diego Police Department","operator:type":"government","operator:wikidata":"Q6580207","source:url":"https://webmaps.sandiego.gov/portal/apps/webappviewer/index.html?id=a70a4dc00702448da5948992b144a98f","surveillance":"outdoor","surveillance:mount":"https://webmaps.sandiego.gov/portal/apps/webappviewer/index.html?id=a70a4dc00702448da5948992b144a98f","surveillance:type":"ALPR","surveillance:zone":"town"}},{"type":"Feature","geometry":{"type":"Point","coordinates":[-117.242854,32.9313794]},"properties":{"camera:mount":"street_lamp","camera:type":"fixed","direction":"0;65;130;195;260;325","man_made":"surveillance","manufacturer":"Ubicquia, Inc.","manufacturer:wikidata":"Q138313103","operator":"San Diego Police Department","operator:type":"government","operator:wikidata":"Q6580207","source:url":"https://webmaps.sandiego.gov/portal/apps/webappviewer/index.html?id=a70a4dc00702448da5948992b144a98f","surveillance":"outdoor","surveillance:type":"ALPR","surveillance:zone":"town"}},{"type":"Feature","geometry":{"type":"Point","coordinates":[-117.1186517,32.9172932]},"properties":{"camera:mount":"street_lamp","camera:type":"fixed","direction":"0;65;130;195;260;325","man_made":"surveillance","manufacturer":"Ubicquia, Inc.","manufacturer:wikidata":"Q138313103","operator":"San Diego Police Department","operator:type":"government","operator:wikidata":"Q6580207","source:url":"https://webmaps.sandiego.gov/portal/apps/webappviewer/index.html?id=a70a4dc00702448da5948992b144a98f","surveillance":"outdoor","surveillance:type":"ALPR","surveillance:zone":"town"}},{"type":"Feature","geometry":{"type":"Point","coordinates":[-117.1180153,32.917298]},"properties":{"camera:mount":"street_lamp","camera:type":"fixed","direction":"0;65;130;195;260;325","man_made":"surveillance","manufacturer":"Ubicquia, Inc.","manufacturer:wikidata":"Q138313103","operator":"San Diego Police Department","operator:type":"government","operator:wikidata":"Q6580207","source:url":"https://webmaps.sandiego.gov/portal/apps/webappviewer/index.html?id=a70a4dc00702448da5948992b144a98f","surveillance":"outdoor","surveillance:type":"ALPR","surveillance:zone":"town"}},{"type":"Feature","geometry":{"type":"Point","coordinates":[-117.1203576,32.9170533]},"properties":{"camera:mount":"street_lamp","camera:type":"fixed","direction":"0;65;130;195;260;325","man_made":"surveillance","manufacturer":"Ubicquia, Inc.","manufacturer:wikidata":"Q138313103","operator":"San Diego Police Department","operator:type":"government","operator:wikidata":"Q6580207","source:url":"https://webmaps.sandiego.gov/portal/apps/webappviewer/index.html?id=a70a4dc00702448da5948992b144a98f","surveillance":"outdoor","surveillance:type":"ALPR","surveillance:zone":"town"}},{"type":"Feature","geometry":{"type":"Point","coordinates":[-117.1131502,32.9169035]},"properties":{"camera:mount":"traffic_signals","camera:type":"fixed","direction":"0;45;90;135;180;225;270;315","man_made":"surveillance","manufacturer":"Ubicquia, Inc.","manufacturer:wikidata":"Q138313103","operator":"San Diego Police Department","operator:type":"government","operator:wikidata":"Q6580207","source:url":"https://webmaps.sandiego.gov/portal/apps/webappviewer/index.html?id=a70a4dc00702448da5948992b144a98f","surveillance":"outdoor","surveillance:mount":"https://webmaps.sandiego.gov/portal/apps/webappviewer/index.html?id=a70a4dc00702448da5948992b144a98f","surveillance:type":"ALPR","surveillance:zone":"town"}},{"type":"Feature","geometry":{"type":"Point","coordinates":[-117.1129693,32.916646]},"properties":{"camera:mount":"traffic_signals","camera:type":"fixed","direction":"0;45;90;135;180;225;270;315","man_made":"surveillance","manufacturer":"Ubicquia, Inc.","manufacturer:wikidata":"Q138313103","operator":"San Diego Police Department","operator:type":"government","operator:wikidata":"Q6580207","source:url":"https://webmaps.sandiego.gov/portal/apps/webappviewer/index.html?id=a70a4dc00702448da5948992b144a98f","surveillance":"outdoor","surveillance:mount":"https://webmaps.sandiego.gov/portal/apps/webappviewer/index.html?id=a70a4dc00702448da5948992b144a98f","surveillance:type":"ALPR","surveillance:zone":"town"}},{"type":"Feature","geometry":{"type":"Point","coordinates":[-117.2372605,32.9165091]},"properties":{"camera:mount":"street_lamp","camera:type":"fixed","direction":"0;65;130;195;260;325","man_made":"surveillance","manufacturer":"Ubicquia, Inc.","manufacturer:wikidata":"Q138313103","operator":"San Diego Police Department","operator:type":"government","operator:wikidata":"Q6580207","source:url":"https://webmaps.sandiego.gov/portal/apps/webappviewer/index.html?id=a70a4dc00702448da5948992b144a98f","surveillance":"outdoor","surveillance:type":"ALPR","surveillance:zone":"town"}},{"type":"Feature","geometry":{"type":"Point","coordinates":[-117.2370096,32.9163569]},"properties":{"camera:mount":"street_lamp","camera:type":"fixed","direction":"0;65;130;195;260;325","man_made":"surveillance","manufacturer":"Ubicquia, Inc.","manufacturer:wikidata":"Q138313103","operator":"San Diego Police Department","operator:type":"government","operator:wikidata":"Q6580207","source:url":"https://webmaps.sandiego.gov/portal/apps/webappviewer/index.html?id=a70a4dc00702448da5948992b144a98f","surveillance":"outdoor","surveillance:type":"ALPR","surveillance:zone":"town"}},{"type":"Feature","geometry":{"type":"Point","coordinates":[-117.2371655,32.9161874]},"properties":{"camera:mount":"street_lamp","camera:type":"fixed","direction":"0;65;130;195;260;325","man_made":"surveillance","manufacturer":"Ubicquia, Inc.","manufacturer:wikidata":"Q138313103","operator":"San Diego Police Department","operator:type":"government","operator:wikidata":"Q6580207","source:url":"https://webmaps.sandiego.gov/portal/apps/webappviewer/index.html?id=a70a4dc00702448da5948992b144a98f","surveillance":"outdoor","surveillance:type":"ALPR","surveillance:zone":"town"}},{"type":"Feature","geometry":{"type":"Point","coordinates":[-117.1438268,32.91585]},"properties":{"camera:mount":"traffic_signals","camera:type":"fixed","direction":"0;45;90;135;180;225;270;315","man_made":"surveillance","manufacturer":"Ubicquia, Inc.","manufacturer:wikidata":"Q138313103","operator":"San Diego Police Department","operator:type":"government","operator:wikidata":"Q6580207","source:url":"https://webmaps.sandiego.gov/portal/apps/webappviewer/index.html?id=a70a4dc00702448da5948992b144a98f","surveillance":"outdoor","surveillance:mount":"https://webmaps.sandiego.gov/portal/apps/webappviewer/index.html?id=a70a4dc00702448da5948992b144a98f","surveillance:type":"ALPR","surveillance:zone":"town"}},{"type":"Feature","geometry":{"type":"Point","coordinates":[-117.1383839,32.9127609]},"properties":{"camera:mount":"traffic_signals","camera:type":"fixed","direction":"0;45;90;135;180;225;270;315","man_made":"surveillance","manufacturer":"Ubicquia, Inc.","manufacturer:wikidata":"Q138313103","operator":"San Diego Police Department","operator:type":"government","operator:wikidata":"Q6580207","source:url":"https://webmaps.sandiego.gov/portal/apps/webappviewer/index.html?id=a70a4dc00702448da5948992b144a98f","surveillance":"outdoor","surveillance:mount":"https://webmaps.sandiego.gov/portal/apps/webappviewer/index.html?id=a70a4dc00702448da5948992b144a98f","surveillance:type":"ALPR","surveillance:zone":"town"}},{"type":"Feature","geometry":{"type":"Point","coordinates":[-117.1493936,32.9125384]},"properties":{"camera:mount":"traffic_signals","camera:type":"fixed","direction":"0;45;90;135;180;225;270;315","man_made":"surveillance","manufacturer":"Ubicquia, Inc.","manufacturer:wikidata":"Q138313103","operator":"San Diego Police Department","operator:type":"government","operator:wikidata":"Q6580207","source:url":"https://webmaps.sandiego.gov/portal/apps/webappviewer/index.html?id=a70a4dc00702448da5948992b144a98f","surveillance":"outdoor","surveillance:mount":"https://webmaps.sandiego.gov/portal/apps/webappviewer/index.html?id=a70a4dc00702448da5948992b144a98f","surveillance:type":"ALPR","surveillance:zone":"town"}},{"type":"Feature","geometry":{"type":"Point","coordinates":[-117.1454386,32.9080551]},"properties":{"camera:mount":"traffic_signals","camera:type":"fixed","direction":"0;45;90;135;180;225;270;315","man_made":"surveillance","manufacturer":"Ubicquia, Inc.","manufacturer:wikidata":"Q138313103","operator":"San Diego Police Department","operator:type":"government","operator:wikidata":"Q6580207","source:url":"https://webmaps.sandiego.gov/portal/apps/webappviewer/index.html?id=a70a4dc00702448da5948992b144a98f","surveillance":"outdoor","surveillance:mount":"https://webmaps.sandiego.gov/portal/apps/webappviewer/index.html?id=a70a4dc00702448da5948992b144a98f","surveillance:type":"ALPR","surveillance:zone":"town"}},{"type":"Feature","geometry":{"type":"Point","coordinates":[-117.2211982,32.9025268]},"properties":{"camera:mount":"street_lamp","camera:type":"fixed","direction":"0;65;130;195;260;325","man_made":"surveillance","manufacturer":"Ubicquia, Inc.","manufacturer:wikidata":"Q138313103","operator":"San Diego Police Department","operator:type":"government","operator:wikidata":"Q6580207","source:url":"https://webmaps.sandiego.gov/portal/apps/webappviewer/index.html?id=a70a4dc00702448da5948992b144a98f","surveillance":"outdoor","surveillance:type":"ALPR","surveillance:zone":"town"}},{"type":"Feature","geometry":{"type":"Point","coordinates":[-117.2232706,32.9014637]},"properties":{"camera:mount":"street_lamp","camera:type":"fixed","direction":"0;65;130;195;260;325","man_made":"surveillance","manufacturer":"Ubicquia, Inc.","manufacturer:wikidata":"Q138313103","operator":"San Diego Police Department","operator:type":"government","operator:wikidata":"Q6580207","source:url":"https://webmaps.sandiego.gov/portal/apps/webappviewer/index.html?id=a70a4dc00702448da5948992b144a98f","surveillance":"outdoor","surveillance:type":"ALPR","surveillance:zone":"town"}},{"type":"Feature","geometry":{"type":"Point","coordinates":[-117.2230512,32.901331]},"properties":{"camera:mount":"street_lamp","camera:type":"fixed","direction":"0;65;130;195;260;325","man_made":"surveillance","manufacturer":"Ubicquia, Inc.","manufacturer:wikidata":"Q138313103","operator":"San Diego Police Department","operator:type":"government","operator:wikidata":"Q6580207","source:url":"https://webmaps.sandiego.gov/portal/apps/webappviewer/index.html?id=a70a4dc00702448da5948992b144a98f","surveillance":"outdoor","surveillance:type":"ALPR","surveillance:zone":"town"}},{"type":"Feature","geometry":{"type":"Point","coordinates":[-117.2232078,32.9010714]},"properties":{"camera:mount":"street_lamp","camera:type":"fixed","direction":"0;65;130;195;260;325","man_made":"surveillance","manufacturer":"Ubicquia, Inc.","manufacturer:wikidata":"Q138313103","operator":"San Diego Police Department","operator:type":"government","operator:wikidata":"Q6580207","source:url":"https://webmaps.sandiego.gov/portal/apps/webappviewer/index.html?id=a70a4dc00702448da5948992b144a98f","surveillance":"outdoor","surveillance:type":"ALPR","surveillance:zone":"town"}},{"type":"Feature","geometry":{"type":"Point","coordinates":[-117.1038722,32.8971435]},"properties":{"camera:mount":"traffic_signals","camera:type":"fixed","direction":"0;45;90;135;180;225;270;315","man_made":"surveillance","manufacturer":"Ubicquia, Inc.","manufacturer:wikidata":"Q138313103","operator":"San Diego Police Department","operator:type":"government","operator:wikidata":"Q6580207","source:url":"https://webmaps.sandiego.gov/portal/apps/webappviewer/index.html?id=a70a4dc00702448da5948992b144a98f","surveillance":"outdoor","surveillance:mount":"https://webmaps.sandiego.gov/portal/apps/webappviewer/index.html?id=a70a4dc00702448da5948992b144a98f","surveillance:type":"ALPR","surveillance:zone":"town"}},{"type":"Feature","geometry":{"type":"Point","coordinates":[-117.22402,32.804982]},"properties":{"camera:mount":"street_lamp","camera:type":"fixed","direction":"0;65;130;195;260;325","man_made":"surveillance","manufacturer":"Ubicquia, Inc.","manufacturer:wikidata":"Q138313103","operator":"San Diego Police Department","operator:type":"government","operator:wikidata":"Q6580207","source:url":"https://webmaps.sandiego.gov/portal/apps/webappviewer/index.html?id=a70a4dc00702448da5948992b144a98f","surveillance":"outdoor","surveillance:type":"ALPR","surveillance:zone":"town"}},{"type":"Feature","geometry":{"type":"Point","coordinates":[-117.2242547,32.8046033]},"properties":{"camera:mount":"street_lamp","camera:type":"fixed","direction":"0;65;130;195;260;325","man_made":"surveillance","manufacturer":"Ubicquia, Inc.","manufacturer:wikidata":"Q138313103","operator":"San Diego Police Department","operator:type":"government","operator:wikidata":"Q6580207","source:url":"https://webmaps.sandiego.gov/portal/apps/webappviewer/index.html?id=a70a4dc00702448da5948992b144a98f","surveillance":"outdoor","surveillance:type":"ALPR","surveillance:zone":"town"}},{"type":"Feature","geometry":{"type":"Point","coordinates":[-117.1399494,32.8045628]},"properties":{"camera:mount":"street_lamp","camera:type":"fixed","direction":"0;65;130;195;260;325","man_made":"surveillance","manufacturer":"Ubicquia, Inc.","manufacturer:wikidata":"Q138313103","operator":"San Diego Police Department","operator:type":"government","operator:wikidata":"Q6580207","source:url":"https://webmaps.sandiego.gov/portal/apps/webappviewer/index.html?id=a70a4dc00702448da5948992b144a98f","surveillance":"outdoor","surveillance:type":"ALPR","surveillance:zone":"town"}},{"type":"Feature","geometry":{"type":"Point","coordinates":[-117.1401833,32.8043986]},"properties":{"camera:mount":"street_lamp","camera:type":"fixed","direction":"0;65;130;195;260;325","man_made":"surveillance","manufacturer":"Ubicquia, Inc.","manufacturer:wikidata":"Q138313103","operator":"San Diego Police Department","operator:type":"government","operator:wikidata":"Q6580207","source:url":"https://webmaps.sandiego.gov/portal/apps/webappviewer/index.html?id=a70a4dc00702448da5948992b144a98f","surveillance":"outdoor","surveillance:type":"ALPR","surveillance:zone":"town"}},{"type":"Feature","geometry":{"type":"Point","coordinates":[-117.1565226,32.8034134]},"properties":{"camera:mount":"street_lamp","camera:type":"fixed","direction":"0;65;130;195;260;325","man_made":"surveillance","manufacturer":"Ubicquia, Inc.","manufacturer:wikidata":"Q138313103","operator":"San Diego Police Department","operator:type":"government","operator:wikidata":"Q6580207","source:url":"https://webmaps.sandiego.gov/portal/apps/webappviewer/index.html?id=a70a4dc00702448da5948992b144a98f","surveillance":"outdoor","surveillance:type":"ALPR","surveillance:zone":"town"}},{"type":"Feature","geometry":{"type":"Point","coordinates":[-117.2179411,32.8024998]},"properties":{"camera:mount":"street_lamp","camera:type":"fixed","direction":"0;65;130;195;260;325","man_made":"surveillance","manufacturer":"Ubicquia, Inc.","manufacturer:wikidata":"Q138313103","operator":"San Diego Police Department","operator:type":"government","operator:wikidata":"Q6580207","source:url":"https://webmaps.sandiego.gov/portal/apps/webappviewer/index.html?id=a70a4dc00702448da5948992b144a98f","surveillance":"outdoor","surveillance:type":"ALPR","surveillance:zone":"town"}},{"type":"Feature","geometry":{"type":"Point","coordinates":[-117.217741,32.8023028]},"properties":{"camera:mount":"street_lamp","camera:type":"fixed","direction":"0;65;130;195;260;325","man_made":"surveillance","manufacturer":"Ubicquia, Inc.","manufacturer:wikidata":"Q138313103","operator":"San Diego Police Department","operator:type":"government","operator:wikidata":"Q6580207","source:url":"https://webmaps.sandiego.gov/portal/apps/webappviewer/index.html?id=a70a4dc00702448da5948992b144a98f","surveillance":"outdoor","surveillance:type":"ALPR","surveillance:zone":"town"}},{"type":"Feature","geometry":{"type":"Point","coordinates":[-117.1534824,32.8020178]},"properties":{"camera:mount":"street_lamp","camera:type":"fixed","direction":"0;65;130;195;260;325","man_made":"surveillance","manufacturer":"Ubicquia, Inc.","manufacturer:wikidata":"Q138313103","operator":"San Diego Police Department","operator:type":"government","operator:wikidata":"Q6580207","source:url":"https://webmaps.sandiego.gov/portal/apps/webappviewer/index.html?id=a70a4dc00702448da5948992b144a98f","surveillance":"outdoor","surveillance:type":"ALPR","surveillance:zone":"town"}},{"type":"Feature","geometry":{"type":"Point","coordinates":[-117.160202,32.801777]},"properties":{"camera:type":"fixed","man_made":"surveillance","manufacturer":"Ubicquia","operator":"San Diego Police Department","source:url":"https://webmaps.sandiego.gov/portal/apps/webappviewer/index.html?id=a70a4dc00702448da5948992b144a98f","surveillance":"traffic","surveillance:type":"ALPR","surveillance:zone":"public"}},{"type":"Feature","geometry":{"type":"Point","coordinates":[-117.1583525,32.8007168]},"properties":{"camera:mount":"street_lamp","camera:type":"fixed","direction":"0;65;130;195;260;325","man_made":"surveillance","manufacturer":"Ubicquia, Inc.","manufacturer:wikidata":"Q138313103","operator":"San Diego Police Department","operator:type":"government","operator:wikidata":"Q6580207","source:url":"https://webmaps.sandiego.gov/portal/apps/webappviewer/index.html?id=a70a4dc00702448da5948992b144a98f","surveillance":"outdoor","surveillance:type":"ALPR","surveillance:zone":"town"}},{"type":"Feature","geometry":{"type":"Point","coordinates":[-117.213659,32.800719]},"properties":{"camera:mount":"street_lamp","camera:type":"fixed","direction":"0;65;130;195;260;325","man_made":"surveillance","manufacturer":"Ubicquia, Inc.","manufacturer:wikidata":"Q138313103","operator":"San Diego Police Department","operator:type":"government","operator:wikidata":"Q6580207","source:url":"https://webmaps.sandiego.gov/portal/apps/webappviewer/index.html?id=a70a4dc00702448da5948992b144a98f","surveillance":"outdoor","surveillance:type":"ALPR","surveillance:zone":"town"}},{"type":"Feature","geometry":{"type":"Point","coordinates":[-117.2136111,32.8004029]},"properties":{"camera:mount":"street_lamp","camera:type":"fixed","direction":"0;65;130;195;260;325","man_made":"surveillance","manufacturer":"Ubicquia, Inc.","manufacturer:wikidata":"Q138313103","operator":"San Diego Police Department","operator:type":"government","operator:wikidata":"Q6580207","source:url":"https://webmaps.sandiego.gov/portal/apps/webappviewer/index.html?id=a70a4dc00702448da5948992b144a98f","surveillance":"outdoor","surveillance:type":"ALPR","surveillance:zone":"town"}},{"type":"Feature","geometry":{"type":"Point","coordinates":[-117.2535359,32.7969639]},"properties":{"camera:mount":"street_lamp","camera:type":"fixed","direction":"0;65;130;195;260;325","man_made":"surveillance","manufacturer":"Ubicquia, Inc.","manufacturer:wikidata":"Q138313103","operator":"San Diego Police Department","operator:type":"government","operator:wikidata":"Q6580207","source:url":"https://webmaps.sandiego.gov/portal/apps/webappviewer/index.html?id=a70a4dc00702448da5948992b144a98f","surveillance":"outdoor","surveillance:type":"ALPR","surveillance:zone":"town"}},{"type":"Feature","geometry":{"type":"Point","coordinates":[-117.2554564,32.7967228]},"properties":{"camera:mount":"street_lamp","camera:type":"fixed","direction":"0;65;130;195;260;325","man_made":"surveillance","manufacturer":"Ubicquia, Inc.","manufacturer:wikidata":"Q138313103","operator":"San Diego Police Department","operator:type":"government","operator:wikidata":"Q6580207","source:url":"https://webmaps.sandiego.gov/portal/apps/webappviewer/index.html?id=a70a4dc00702448da5948992b144a98f","surveillance":"outdoor","surveillance:type":"ALPR","surveillance:zone":"town"}},{"type":"Feature","geometry":{"type":"Point","coordinates":[-117.2547335,32.7945871]},"properties":{"camera:mount":"street_lamp","camera:type":"fixed","direction":"0;65;130;195;260;325","man_made":"surveillance","manufacturer":"Ubicquia, Inc.","manufacturer:wikidata":"Q138313103","operator":"San Diego Police Department","operator:type":"government","operator:wikidata":"Q6580207","source:url":"https://webmaps.sandiego.gov/portal/apps/webappviewer/index.html?id=a70a4dc00702448da5948992b144a98f","surveillance":"outdoor","surveillance:type":"ALPR","surveillance:zone":"town"}},{"type":"Feature","geometry":{"type":"Point","coordinates":[-117.0588596,32.7777135]},"properties":{"camera:mount":"street_lamp","camera:type":"fixed","description":"Two cameras per node. 1 wide angle looking straight down from lamp to capture metadata about vehicle (color, type, roof mounts, etc). 1 telephoto mounted on pole to capture license plate info.","direction":"0;65;130;195;260;325","man_made":"surveillance","manufacturer":"Ubicquia, Inc.","manufacturer:wikidata":"Q138313103","operator":"San Diego Police Department","operator:type":"government","operator:wikidata":"Q6580207","source:url":"https://webmaps.sandiego.gov/portal/apps/webappviewer/index.html?id=a70a4dc00702448da5948992b144a98f","surveillance":"outdoor","surveillance:type":"ALPR","surveillance:zone":"town"}},{"type":"Feature","geometry":{"type":"Point","coordinates":[-117.0586588,32.7775646]},"properties":{"camera:mount":"street_lamp","camera:type":"fixed","description":"Two cameras per node. 1 wide angle looking straight down from lamp to capture metadata about vehicle (color, type, roof mounts, etc). 1 telephoto mounted on pole to capture license plate info.","direction":"0;65;130;195;260;325","man_made":"surveillance","manufacturer":"Ubicquia, Inc.","manufacturer:wikidata":"Q138313103","operator":"San Diego Police Department","operator:type":"government","operator:wikidata":"Q6580207","source:url":"https://webmaps.sandiego.gov/portal/apps/webappviewer/index.html?id=a70a4dc00702448da5948992b144a98f","surveillance":"outdoor","surveillance:type":"ALPR","surveillance:zone":"town"}},{"type":"Feature","geometry":{"type":"Point","coordinates":[-117.0676793,32.7769587]},"properties":{"camera:mount":"street_lamp","camera:type":"fixed","description":"Two cameras per node. 1 wide angle looking straight down from lamp to capture metadata about vehicle (color, type, roof mounts, etc). 1 telephoto mounted on pole to capture license plate info.","direction":"0;65;130;195;260;325","man_made":"surveillance","manufacturer":"Ubicquia, Inc.","manufacturer:wikidata":"Q138313103","operator":"San Diego Police Department","operator:type":"government","operator:wikidata":"Q6580207","source:url":"https://webmaps.sandiego.gov/portal/apps/webappviewer/index.html?id=a70a4dc00702448da5948992b144a98f","surveillance":"outdoor","surveillance:type":"ALPR","surveillance:zone":"town"}},{"type":"Feature","geometry":{"type":"Point","coordinates":[-117.0681611,32.7769424]},"properties":{"camera:mount":"street_lamp","camera:type":"fixed","description":"Two cameras per node. 1 wide angle looking straight down from lamp to capture metadata about vehicle (color, type, roof mounts, etc). 1 telephoto mounted on pole to capture license plate info.","direction":"0;65;130;195;260;325","man_made":"surveillance","manufacturer":"Ubicquia, Inc.","manufacturer:wikidata":"Q138313103","operator":"San Diego Police Department","operator:type":"government","operator:wikidata":"Q6580207","source:url":"https://webmaps.sandiego.gov/portal/apps/webappviewer/index.html?id=a70a4dc00702448da5948992b144a98f","surveillance":"outdoor","surveillance:type":"ALPR","surveillance:zone":"town"}},{"type":"Feature","geometry":{"type":"Point","coordinates":[-117.067669,32.7767328]},"properties":{"camera:mount":"street_lamp","camera:type":"fixed","description":"Two cameras per node. 1 wide angle looking straight down from lamp to capture metadata about vehicle (color, type, roof mounts, etc). 1 telephoto mounted on pole to capture license plate info.","direction":"0;65;130;195;260;325","man_made":"surveillance","manufacturer":"Ubicquia, Inc.","manufacturer:wikidata":"Q138313103","operator":"San Diego Police Department","operator:type":"government","operator:wikidata":"Q6580207","source:url":"https://webmaps.sandiego.gov/portal/apps/webappviewer/index.html?id=a70a4dc00702448da5948992b144a98f","surveillance":"outdoor","surveillance:type":"ALPR","surveillance:zone":"town"}},{"type":"Feature","geometry":{"type":"Point","coordinates":[-117.0680557,32.7766864]},"properties":{"camera:mount":"street_lamp","camera:type":"fixed","description":"Two cameras per node. 1 wide angle looking straight down from lamp to capture metadata about vehicle (color, type, roof mounts, etc). 1 telephoto mounted on pole to capture license plate info.","direction":"0;65;130;195;260;325","man_made":"surveillance","manufacturer":"Ubicquia, Inc.","manufacturer:wikidata":"Q138313103","operator":"San Diego Police Department","operator:type":"government","operator:wikidata":"Q6580207","source:url":"https://webmaps.sandiego.gov/portal/apps/webappviewer/index.html?id=a70a4dc00702448da5948992b144a98f","surveillance":"outdoor","surveillance:type":"ALPR","surveillance:zone":"town"}},{"type":"Feature","geometry":{"type":"Point","coordinates":[-117.050331,32.7756855]},"properties":{"camera:mount":"street_lamp","camera:type":"fixed","description":"Two cameras per node. 1 wide angle looking straight down from lamp to capture metadata about vehicle (color, type, roof mounts, etc). 1 telephoto mounted on pole to capture license plate info.","direction":"0;65;130;195;260;325","man_made":"surveillance","manufacturer":"Ubicquia, Inc.","manufacturer:wikidata":"Q138313103","operator":"San Diego Police Department","operator:type":"government","operator:wikidata":"Q6580207","source:url":"https://webmaps.sandiego.gov/portal/apps/webappviewer/index.html?id=a70a4dc00702448da5948992b144a98f","surveillance":"outdoor","surveillance:type":"ALPR","surveillance:zone":"town"}},{"type":"Feature","geometry":{"type":"Point","coordinates":[-117.0496249,32.7754371]},"properties":{"camera:mount":"street_lamp","camera:type":"fixed","description":"Two cameras per node. 1 wide angle looking straight down from lamp to capture metadata about vehicle (color, type, roof mounts, etc). 1 telephoto mounted on pole to capture license plate info.","direction":"0;65;130;195;260;325","man_made":"surveillance","manufacturer":"Ubicquia, Inc.","manufacturer:wikidata":"Q138313103","operator":"San Diego Police Department","operator:type":"government","operator:wikidata":"Q6580207","source:url":"https://webmaps.sandiego.gov/portal/apps/webappviewer/index.html?id=a70a4dc00702448da5948992b144a98f","surveillance":"outdoor","surveillance:type":"ALPR","surveillance:zone":"town"}},{"type":"Feature","geometry":{"type":"Point","coordinates":[-117.1679202,32.7740917]},"properties":{"camera:mount":"street_lamp","camera:type":"fixed","direction":"0;65;130;195;260;325","man_made":"surveillance","manufacturer":"Ubicquia, Inc.","manufacturer:wikidata":"Q138313103","operator":"San Diego Police Department","operator:type":"government","operator:wikidata":"Q6580207","source:url":"https://webmaps.sandiego.gov/portal/apps/webappviewer/index.html?id=a70a4dc00702448da5948992b144a98f","surveillance":"outdoor","surveillance:type":"ALPR","surveillance:zone":"town"}},{"type":"Feature","geometry":{"type":"Point","coordinates":[-117.1657615,32.7734045]},"properties":{"camera:mount":"street_lamp","camera:type":"fixed","direction":"0;65;130;195;260;325","man_made":"surveillance","manufacturer":"Ubicquia, Inc.","manufacturer:wikidata":"Q138313103","operator":"San Diego Police Department","operator:type":"government","operator:wikidata":"Q6580207","source:url":"https://webmaps.sandiego.gov/portal/apps/webappviewer/index.html?id=a70a4dc00702448da5948992b144a98f","surveillance":"outdoor","surveillance:type":"ALPR","surveillance:zone":"town"}},{"type":"Feature","geometry":{"type":"Point","coordinates":[-117.069601,32.7730443]},"properties":{"camera:mount":"street_lamp","camera:type":"fixed","description":"Two cameras per node. 1 wide angle looking straight down from lamp to capture metadata about vehicle (color, type, roof mounts, etc). 1 telephoto mounted on pole to capture license plate info.","direction":"0;65;130;195;260;325","man_made":"surveillance","manufacturer":"Ubicquia, Inc.","manufacturer:wikidata":"Q138313103","operator":"San Diego Police Department","operator:type":"government","operator:wikidata":"Q6580207","source:url":"https://webmaps.sandiego.gov/portal/apps/webappviewer/index.html?id=a70a4dc00702448da5948992b144a98f","surveillance":"outdoor","surveillance:type":"ALPR","surveillance:zone":"town"}},{"type":"Feature","geometry":{"type":"Point","coordinates":[-117.2026779,32.7726895]},"properties":{"camera:mount":"street_lamp","camera:type":"fixed","direction":"0;65;130;195;260;325","man_made":"surveillance","manufacturer":"Ubicquia, Inc.","manufacturer:wikidata":"Q138313103","operator":"San Diego Police Department","operator:type":"government","operator:wikidata":"Q6580207","source:url":"https://webmaps.sandiego.gov/portal/apps/webappviewer/index.html?id=a70a4dc00702448da5948992b144a98f","surveillance":"outdoor","surveillance:type":"ALPR","surveillance:zone":"town"}},{"type":"Feature","geometry":{"type":"Point","coordinates":[-117.202706,32.77247]},"properties":{"camera:mount":"street_lamp","camera:type":"fixed","direction":"0;65;130;195;260;325","man_made":"surveillance","manufacturer":"Ubicquia, Inc.","manufacturer:wikidata":"Q138313103","operator":"San Diego Police Department","operator:type":"government","operator:wikidata":"Q6580207","source:url":"https://webmaps.sandiego.gov/portal/apps/webappviewer/index.html?id=a70a4dc00702448da5948992b144a98f","surveillance":"outdoor","surveillance:type":"ALPR","surveillance:zone":"town"}},{"type":"Feature","geometry":{"type":"Point","coordinates":[-117.2511331,32.7721903]},"properties":{"camera:mount":"street_lamp","camera:type":"fixed","direction":"0;65;130;195;260;325","man_made":"surveillance","manufacturer":"Ubicquia, Inc.","manufacturer:wikidata":"Q138313103","operator":"San Diego Police Department","operator:type":"government","operator:wikidata":"Q6580207","source:url":"https://webmaps.sandiego.gov/portal/apps/webappviewer/index.html?id=a70a4dc00702448da5948992b144a98f","surveillance":"outdoor","surveillance:type":"ALPR","surveillance:zone":"town"}},{"type":"Feature","geometry":{"type":"Point","coordinates":[-117.2509636,32.7719425]},"properties":{"camera:mount":"street_lamp","camera:type":"fixed","direction":"0;65;130;195;260;325","man_made":"surveillance","manufacturer":"Ubicquia, Inc.","manufacturer:wikidata":"Q138313103","operator":"San Diego Police Department","operator:type":"government","operator:wikidata":"Q6580207","source:url":"https://webmaps.sandiego.gov/portal/apps/webappviewer/index.html?id=a70a4dc00702448da5948992b144a98f","surveillance":"outdoor","surveillance:type":"ALPR","surveillance:zone":"town"}},{"type":"Feature","geometry":{"type":"Point","coordinates":[-117.0820838,32.633139]},"properties":{"camera:type":"fixed","direction":"90","man_made":"surveillance","manufacturer":"Flock Safety","manufacturer:wikidata":"Q108485435","surveillance:type":"ALPR"}},{"type":"Feature","geometry":{"type":"Point","coordinates":[-117.2512609,32.7718321]},"properties":{"camera:mount":"street_lamp","camera:type":"fixed","direction":"0;65;130;195;260;325","man_made":"surveillance","manufacturer":"Ubicquia, Inc.","manufacturer:wikidata":"Q138313103","operator":"San Diego Police Department","operator:type":"government","operator:wikidata":"Q6580207","source:url":"https://webmaps.sandiego.gov/portal/apps/webappviewer/index.html?id=a70a4dc00702448da5948992b144a98f","surveillance":"outdoor","surveillance:type":"ALPR","surveillance:zone":"town"}},{"type":"Feature","geometry":{"type":"Point","coordinates":[-117.1621998,32.7714615]},"properties":{"camera:mount":"street_lamp","camera:type":"fixed","direction":"0;65;130;195;260;325","man_made":"surveillance","manufacturer":"Ubicquia, Inc.","manufacturer:wikidata":"Q138313103","operator":"San Diego Police Department","operator:type":"government","operator:wikidata":"Q6580207","source:url":"https://webmaps.sandiego.gov/portal/apps/webappviewer/index.html?id=a70a4dc00702448da5948992b144a98f","surveillance":"outdoor","surveillance:type":"ALPR","surveillance:zone":"town"}},{"type":"Feature","geometry":{"type":"Point","coordinates":[-117.0697774,32.7708619]},"properties":{"camera:mount":"street_lamp","camera:type":"fixed","description":"Two cameras per node. 1 wide angle looking straight down from lamp to capture metadata about vehicle (color, type, roof mounts, etc). 1 telephoto mounted on pole to capture license plate info.","direction":"0;65;130;195;260;325","man_made":"surveillance","manufacturer":"Ubicquia, Inc.","manufacturer:wikidata":"Q138313103","operator":"San Diego Police Department","operator:type":"government","operator:wikidata":"Q6580207","source:url":"https://webmaps.sandiego.gov/portal/apps/webappviewer/index.html?id=a70a4dc00702448da5948992b144a98f","surveillance":"outdoor","surveillance:type":"ALPR","surveillance:zone":"town"}},{"type":"Feature","geometry":{"type":"Point","coordinates":[-117.0700589,32.7708102]},"properties":{"camera:mount":"street_lamp","camera:type":"fixed","description":"Two cameras per node. 1 wide angle looking straight down from lamp to capture metadata about vehicle (color, type, roof mounts, etc). 1 telephoto mounted on pole to capture license plate info.","direction":"0;65;130;195;260;325","man_made":"surveillance","manufacturer":"Ubicquia, Inc.","manufacturer:wikidata":"Q138313103","operator":"San Diego Police Department","operator:type":"government","operator:wikidata":"Q6580207","source:url":"https://webmaps.sandiego.gov/portal/apps/webappviewer/index.html?id=a70a4dc00702448da5948992b144a98f","surveillance":"outdoor","surveillance:type":"ALPR","surveillance:zone":"town"}},{"type":"Feature","geometry":{"type":"Point","coordinates":[-117.069592,32.7706243]},"properties":{"camera:mount":"street_lamp","camera:type":"fixed","description":"Two cameras per node. 1 wide angle looking straight down from lamp to capture metadata about vehicle (color, type, roof mounts, etc). 1 telephoto mounted on pole to capture license plate info.","direction":"0;65;130;195;260;325","man_made":"surveillance","manufacturer":"Ubicquia, Inc.","manufacturer:wikidata":"Q138313103","operator":"San Diego Police Department","operator:type":"government","operator:wikidata":"Q6580207","source:url":"https://webmaps.sandiego.gov/portal/apps/webappviewer/index.html?id=a70a4dc00702448da5948992b144a98f","surveillance":"outdoor","surveillance:type":"ALPR","surveillance:zone":"town"}},{"type":"Feature","geometry":{"type":"Point","coordinates":[-117.1640978,32.770368]},"properties":{"camera:mount":"street_lamp","camera:type":"fixed","direction":"0;65;130;195;260;325","man_made":"surveillance","manufacturer":"Ubicquia, Inc.","manufacturer:wikidata":"Q138313103","operator":"San Diego Police Department","operator:type":"government","operator:wikidata":"Q6580207","source:url":"https://webmaps.sandiego.gov/portal/apps/webappviewer/index.html?id=a70a4dc00702448da5948992b144a98f","surveillance":"outdoor","surveillance:type":"ALPR","surveillance:zone":"town"}},{"type":"Feature","geometry":{"type":"Point","coordinates":[-117.0862492,32.770083]},"properties":{"camera:mount":"street_lamp","camera:type":"fixed","description":"Two cameras per node. 1 wide angle looking straight down from lamp to capture metadata about vehicle (color, type, roof mounts, etc). 1 telephoto mounted on pole to capture license plate info.","direction":"0;65;130;195;260;325","man_made":"surveillance","manufacturer":"Ubicquia, Inc.","manufacturer:wikidata":"Q138313103","operator":"San Diego Police Department","operator:type":"government","operator:wikidata":"Q6580207","source:url":"https://webmaps.sandiego.gov/portal/apps/webappviewer/index.html?id=a70a4dc00702448da5948992b144a98f","surveillance":"outdoor","surveillance:type":"ALPR","surveillance:zone":"town"}},{"type":"Feature","geometry":{"type":"Point","coordinates":[-117.1655859,32.770048]},"properties":{"camera:mount":"street_lamp","camera:type":"fixed","direction":"0;65;130;195;260;325","man_made":"surveillance","manufacturer":"Ubicquia, Inc.","manufacturer:wikidata":"Q138313103","operator":"San Diego Police Department","operator:type":"government","operator:wikidata":"Q6580207","source:url":"https://webmaps.sandiego.gov/portal/apps/webappviewer/index.html?id=a70a4dc00702448da5948992b144a98f","surveillance":"outdoor","surveillance:type":"ALPR","surveillance:zone":"town"}},{"type":"Feature","geometry":{"type":"Point","coordinates":[-117.1641509,32.7700435]},"properties":{"camera:mount":"street_lamp","camera:type":"fixed","direction":"0;65;130;195;260;325","man_made":"surveillance","manufacturer":"Ubicquia, Inc.","manufacturer:wikidata":"Q138313103","operator":"San Diego Police Department","operator:type":"government","operator:wikidata":"Q6580207","source:url":"https://webmaps.sandiego.gov/portal/apps/webappviewer/index.html?id=a70a4dc00702448da5948992b144a98f","surveillance":"outdoor","surveillance:type":"ALPR","surveillance:zone":"town"}},{"type":"Feature","geometry":{"type":"Point","coordinates":[-117.085839,32.770023]},"properties":{"camera:mount":"street_lamp","camera:type":"fixed","description":"Two cameras per node. 1 wide angle looking straight down from lamp to capture metadata about vehicle (color, type, roof mounts, etc). 1 telephoto mounted on pole to capture license plate info.","direction":"0;65;130;195;260;325","man_made":"surveillance","manufacturer":"Ubicquia, Inc.","manufacturer:wikidata":"Q138313103","operator":"San Diego Police Department","operator:type":"government","operator:wikidata":"Q6580207","source:url":"https://webmaps.sandiego.gov/portal/apps/webappviewer/index.html?id=a70a4dc00702448da5948992b144a98f","surveillance":"outdoor","surveillance:type":"ALPR","surveillance:zone":"town"}},{"type":"Feature","geometry":{"type":"Point","coordinates":[-117.171483,32.768674]},"properties":{"camera:type":"fixed","man_made":"surveillance","manufacturer":"Ubicquia","operator":"San Diego Police Department","source:url":"https://webmaps.sandiego.gov/portal/apps/webappviewer/index.html?id=a70a4dc00702448da5948992b144a98f","surveillance":"traffic","surveillance:type":"ALPR","surveillance:zone":"public"}},{"type":"Feature","geometry":{"type":"Point","coordinates":[-117.2335865,32.7679718]},"properties":{"camera:mount":"street_lamp","camera:type":"fixed","direction":"0;65;130;195;260;325","man_made":"surveillance","manufacturer":"Ubicquia, Inc.","manufacturer:wikidata":"Q138313103","operator":"San Diego Police Department","operator:type":"government","operator:wikidata":"Q6580207","source:url":"https://webmaps.sandiego.gov/portal/apps/webappviewer/index.html?id=a70a4dc00702448da5948992b144a98f","surveillance":"outdoor","surveillance:type":"ALPR","surveillance:zone":"town"}},{"type":"Feature","geometry":{"type":"Point","coordinates":[-117.2337727,32.7676725]},"properties":{"camera:mount":"street_lamp","camera:type":"fixed","direction":"0;65;130;195;260;325","man_made":"surveillance","manufacturer":"Ubicquia, Inc.","manufacturer:wikidata":"Q138313103","operator":"San Diego Police Department","operator:type":"government","operator:wikidata":"Q6580207","source:url":"https://webmaps.sandiego.gov/portal/apps/webappviewer/index.html?id=a70a4dc00702448da5948992b144a98f","surveillance":"outdoor","surveillance:type":"ALPR","surveillance:zone":"town"}},{"type":"Feature","geometry":{"type":"Point","coordinates":[-117.18381,32.7664262]},"properties":{"camera:mount":"street_lamp","camera:type":"fixed","direction":"0;65;130;195;260;325","man_made":"surveillance","manufacturer":"Ubicquia, Inc.","manufacturer:wikidata":"Q138313103","operator":"San Diego Police Department","operator:type":"government","operator:wikidata":"Q6580207","source:url":"https://webmaps.sandiego.gov/portal/apps/webappviewer/index.html?id=a70a4dc00702448da5948992b144a98f","surveillance":"outdoor","surveillance:type":"ALPR","surveillance:zone":"town"}},{"type":"Feature","geometry":{"type":"Point","coordinates":[-117.1643093,32.7658678]},"properties":{"camera:mount":"street_lamp","camera:type":"fixed","direction":"0;65;130;195;260;325","man_made":"surveillance","manufacturer":"Ubicquia, Inc.","manufacturer:wikidata":"Q138313103","operator":"San Diego Police Department","operator:type":"government","operator:wikidata":"Q6580207","source:url":"https://webmaps.sandiego.gov/portal/apps/webappviewer/index.html?id=a70a4dc00702448da5948992b144a98f","surveillance":"outdoor","surveillance:type":"ALPR","surveillance:zone":"town"}},{"type":"Feature","geometry":{"type":"Point","coordinates":[-117.16403,32.765847]},"properties":{"camera:mount":"street_lamp","camera:type":"fixed","direction":"0;65;130;195;260;325","man_made":"surveillance","manufacturer":"Ubicquia, Inc.","manufacturer:wikidata":"Q138313103","operator":"San Diego Police Department","operator:type":"government","operator:wikidata":"Q6580207","source:url":"https://webmaps.sandiego.gov/portal/apps/webappviewer/index.html?id=a70a4dc00702448da5948992b144a98f","surveillance":"outdoor","surveillance:type":"ALPR","surveillance:zone":"town"}},{"type":"Feature","geometry":{"type":"Point","coordinates":[-117.1704343,32.7653553]},"properties":{"camera:mount":"street_lamp","camera:type":"fixed","direction":"0;65;130;195;260;325","man_made":"surveillance","manufacturer":"Ubicquia, Inc.","manufacturer:wikidata":"Q138313103","operator":"San Diego Police Department","operator:type":"government","operator:wikidata":"Q6580207","source:url":"https://webmaps.sandiego.gov/portal/apps/webappviewer/index.html?id=a70a4dc00702448da5948992b144a98f","surveillance":"outdoor","surveillance:type":"ALPR","surveillance:zone":"town"}},{"type":"Feature","geometry":{"type":"Point","coordinates":[-117.2378657,32.7653197]},"properties":{"camera:mount":"street_lamp","camera:type":"fixed","direction":"0;65;130;195;260;325","man_made":"surveillance","manufacturer":"Ubicquia, Inc.","manufacturer:wikidata":"Q138313103","operator":"San Diego Police Department","operator:type":"government","operator:wikidata":"Q6580207","source:url":"https://webmaps.sandiego.gov/portal/apps/webappviewer/index.html?id=a70a4dc00702448da5948992b144a98f","surveillance":"outdoor","surveillance:type":"ALPR","surveillance:zone":"town"}},{"type":"Feature","geometry":{"type":"Point","coordinates":[-117.1705218,32.7650768]},"properties":{"camera:mount":"street_lamp","camera:type":"fixed","direction":"0;65;130;195;260;325","man_made":"surveillance","manufacturer":"Ubicquia, Inc.","manufacturer:wikidata":"Q138313103","operator":"San Diego Police Department","operator:type":"government","operator:wikidata":"Q6580207","source:url":"https://webmaps.sandiego.gov/portal/apps/webappviewer/index.html?id=a70a4dc00702448da5948992b144a98f","surveillance":"outdoor","surveillance:type":"ALPR","surveillance:zone":"town"}},{"type":"Feature","geometry":{"type":"Point","coordinates":[-117.1980624,32.7636824]},"properties":{"camera:mount":"street_lamp","camera:type":"fixed","direction":"0;65;130;195;260;325","man_made":"surveillance","manufacturer":"Ubicquia, Inc.","manufacturer:wikidata":"Q138313103","operator":"San Diego Police Department","operator:type":"government","operator:wikidata":"Q6580207","source:url":"https://webmaps.sandiego.gov/portal/apps/webappviewer/index.html?id=a70a4dc00702448da5948992b144a98f","surveillance":"outdoor","surveillance:type":"ALPR","surveillance:zone":"town"}},{"type":"Feature","geometry":{"type":"Point","coordinates":[-117.1017601,32.6620836]},"properties":{"camera:type":"fixed","direction":"210","man_made":"surveillance","manufacturer":"Flock Safety","manufacturer:wikidata":"Q108485435","surveillance:type":"ALPR"}},{"type":"Feature","geometry":{"type":"Point","coordinates":[-117.0999155,32.6571275]},"properties":{"camera:type":"fixed","direction":"225","man_made":"surveillance","manufacturer":"Flock Safety","manufacturer:wikidata":"Q108485435","surveillance:type":"ALPR"}},{"type":"Feature","geometry":{"type":"Point","coordinates":[-117.0767236,32.632589]},"properties":{"camera:type":"fixed","direction":"225","man_made":"surveillance","manufacturer":"Flock Safety","manufacturer:wikidata":"Q108485435","surveillance:type":"ALPR"}},{"type":"Feature","geometry":{"type":"Point","coordinates":[-117.0751217,32.6287006]},"properties":{"camera:type":"fixed","direction":"10","man_made":"surveillance","manufacturer":"Flock Safety","manufacturer:wikidata":"Q108485435","surveillance:type":"ALPR"}},{"type":"Feature","geometry":{"type":"Point","coordinates":[-117.2051774,32.7539976]},"properties":{"camera:mount":"street_lamp","camera:type":"fixed","description":"Two cameras per node. 1 wide angle looking straight down from lamp to capture metadata about vehicle (color, type, roof mounts, etc). 1 telephoto mounted on pole to capture license plate info.","direction":"0;65;130;195;260;325","man_made":"surveillance","manufacturer":"Ubicquia, Inc.","manufacturer:wikidata":"Q138313103","operator":"San Diego Police Department","operator:type":"government","operator:wikidata":"Q6580207","source:url":"https://webmaps.sandiego.gov/portal/apps/webappviewer/index.html?id=a70a4dc00702448da5948992b144a98f","surveillance":"outdoor","surveillance:type":"ALPR","surveillance:zone":"town"}},{"type":"Feature","geometry":{"type":"Point","coordinates":[-117.204746,32.753975]},"properties":{"camera:mount":"street_lamp","camera:type":"fixed","description":"Two cameras per node. 1 wide angle looking straight down from lamp to capture metadata about vehicle (color, type, roof mounts, etc). 1 telephoto mounted on pole to capture license plate info.","direction":"0;65;130;195;260;325","man_made":"surveillance","manufacturer":"Ubicquia, Inc.","manufacturer:wikidata":"Q138313103","operator":"San Diego Police Department","operator:type":"government","operator:wikidata":"Q6580207","source:url":"https://webmaps.sandiego.gov/portal/apps/webappviewer/index.html?id=a70a4dc00702448da5948992b144a98f","surveillance":"outdoor","surveillance:type":"ALPR","surveillance:zone":"town"}},{"type":"Feature","geometry":{"type":"Point","coordinates":[-117.2103522,32.7535607]},"properties":{"camera:mount":"street_lamp","camera:type":"fixed","description":"Two cameras per node. 1 wide angle looking straight down from lamp to capture metadata about vehicle (color, type, roof mounts, etc). 1 telephoto mounted on pole to capture license plate info.","direction":"0;65;130;195;260;325","man_made":"surveillance","manufacturer":"Ubicquia, Inc.","manufacturer:wikidata":"Q138313103","operator":"San Diego Police Department","operator:type":"government","operator:wikidata":"Q6580207","source:url":"https://webmaps.sandiego.gov/portal/apps/webappviewer/index.html?id=a70a4dc00702448da5948992b144a98f","surveillance":"outdoor","surveillance:type":"ALPR","surveillance:zone":"town"}},{"type":"Feature","geometry":{"type":"Point","coordinates":[-117.2100238,32.7532508]},"properties":{"camera:mount":"street_lamp","camera:type":"fixed","description":"Two cameras per node. 1 wide angle looking straight down from lamp to capture metadata about vehicle (color, type, roof mounts, etc). 1 telephoto mounted on pole to capture license plate info.","direction":"0;65;130;195;260;325","man_made":"surveillance","manufacturer":"Ubicquia, Inc.","manufacturer:wikidata":"Q138313103","operator":"San Diego Police Department","operator:type":"government","operator:wikidata":"Q6580207","source:url":"https://webmaps.sandiego.gov/portal/apps/webappviewer/index.html?id=a70a4dc00702448da5948992b144a98f","surveillance":"outdoor","surveillance:type":"ALPR","surveillance:zone":"town"}},{"type":"Feature","geometry":{"type":"Point","coordinates":[-117.1094397,32.7531268]},"properties":{"camera:mount":"street_lamp","camera:type":"fixed","description":"Two cameras per node. 1 wide angle looking straight down from lamp to capture metadata about vehicle (color, type, roof mounts, etc). 1 telephoto mounted on pole to capture license plate info.","direction":"0;65;130;195;260;325","man_made":"surveillance","manufacturer":"Ubicquia, Inc.","manufacturer:wikidata":"Q138313103","operator":"San Diego Police Department","operator:type":"government","operator:wikidata":"Q6580207","source:url":"https://webmaps.sandiego.gov/portal/apps/webappviewer/index.html?id=a70a4dc00702448da5948992b144a98f","surveillance":"outdoor","surveillance:type":"ALPR","surveillance:zone":"town"}},{"type":"Feature","geometry":{"type":"Point","coordinates":[-117.10807,32.752459]},"properties":{"camera:type":"fixed","man_made":"surveillance","manufacturer":"Ubicquia","operator":"San Diego Police Department","source:url":"https://webmaps.sandiego.gov/portal/apps/webappviewer/index.html?id=a70a4dc00702448da5948992b144a98f","surveillance":"traffic","surveillance:type":"ALPR","surveillance:zone":"public"}},{"type":"Feature","geometry":{"type":"Point","coordinates":[-117.2413636,32.7520958]},"properties":{"camera:mount":"street_lamp","camera:type":"fixed","description":"Two cameras per node. 1 wide angle looking straight down from lamp to capture metadata about vehicle (color, type, roof mounts, etc). 1 telephoto mounted on pole to capture license plate info.","direction":"0;65;130;195;260;325","man_made":"surveillance","manufacturer":"Ubicquia, Inc.","manufacturer:wikidata":"Q138313103","operator":"San Diego Police Department","operator:type":"government","operator:wikidata":"Q6580207","source:url":"https://webmaps.sandiego.gov/portal/apps/webappviewer/index.html?id=a70a4dc00702448da5948992b144a98f","surveillance":"outdoor","surveillance:type":"ALPR","surveillance:zone":"town"}},{"type":"Feature","geometry":{"type":"Point","coordinates":[-117.10942,32.751526]},"properties":{"camera:mount":"street_lamp","camera:type":"fixed","description":"Two cameras per node. 1 wide angle looking straight down from lamp to capture metadata about vehicle (color, type, roof mounts, etc). 1 telephoto mounted on pole to capture license plate info.","direction":"0;65;130;195;260;325","man_made":"surveillance","manufacturer":"Ubicquia, Inc.","manufacturer:wikidata":"Q138313103","operator":"San Diego Police Department","operator:type":"government","operator:wikidata":"Q6580207","source:url":"https://webmaps.sandiego.gov/portal/apps/webappviewer/index.html?id=a70a4dc00702448da5948992b144a98f","surveillance":"outdoor","surveillance:type":"ALPR","surveillance:zone":"town"}},{"type":"Feature","geometry":{"type":"Point","coordinates":[-117.23603,32.7514323]},"properties":{"camera:mount":"street_lamp","camera:type":"fixed","description":"Two cameras per node. 1 wide angle looking straight down from lamp to capture metadata about vehicle (color, type, roof mounts, etc). 1 telephoto mounted on pole to capture license plate info.","direction":"0;65;130;195;260;325","man_made":"surveillance","manufacturer":"Ubicquia, Inc.","manufacturer:wikidata":"Q138313103","operator":"San Diego Police Department","operator:type":"government","operator:wikidata":"Q6580207","source:url":"https://webmaps.sandiego.gov/portal/apps/webappviewer/index.html?id=a70a4dc00702448da5948992b144a98f","surveillance":"outdoor","surveillance:type":"ALPR","surveillance:zone":"town"}},{"type":"Feature","geometry":{"type":"Point","coordinates":[-117.2420789,32.751043]},"properties":{"camera:mount":"street_lamp","camera:type":"fixed","description":"Two cameras per node. 1 wide angle looking straight down from lamp to capture metadata about vehicle (color, type, roof mounts, etc). 1 telephoto mounted on pole to capture license plate info.","direction":"0;65;130;195;260;325","man_made":"surveillance","manufacturer":"Ubicquia, Inc.","manufacturer:wikidata":"Q138313103","operator":"San Diego Police Department","operator:type":"government","operator:wikidata":"Q6580207","source:url":"https://webmaps.sandiego.gov/portal/apps/webappviewer/index.html?id=a70a4dc00702448da5948992b144a98f","surveillance":"outdoor","surveillance:type":"ALPR","surveillance:zone":"town"}},{"type":"Feature","geometry":{"type":"Point","coordinates":[-117.157566,32.750186]},"properties":{"camera:type":"fixed","man_made":"surveillance","manufacturer":"Ubicquia","operator":"San Diego Police Department","source:url":"https://webmaps.sandiego.gov/portal/apps/webappviewer/index.html?id=a70a4dc00702448da5948992b144a98f","surveillance":"traffic","surveillance:type":"ALPR","surveillance:zone":"public"}},{"type":"Feature","geometry":{"type":"Point","coordinates":[-117.1615696,32.7500758]},"properties":{"camera:mount":"street_lamp","camera:type":"fixed","description":"Two cameras per node. 1 wide angle looking straight down from lamp to capture metadata about vehicle (color, type, roof mounts, etc). 1 telephoto mounted on pole to capture license plate info.","direction":"0;65;130;195;260;325","man_made":"surveillance","manufacturer":"Ubicquia, Inc.","manufacturer:wikidata":"Q138313103","operator":"San Diego Police Department","operator:type":"government","operator:wikidata":"Q6580207","source:url":"https://webmaps.sandiego.gov/portal/apps/webappviewer/index.html?id=a70a4dc00702448da5948992b144a98f","surveillance":"outdoor","surveillance:type":"ALPR","surveillance:zone":"town"}},{"type":"Feature","geometry":{"type":"Point","coordinates":[-117.1617534,32.7500244]},"properties":{"camera:mount":"street_lamp","camera:type":"fixed","description":"Two cameras per node. 1 wide angle looking straight down from lamp to capture metadata about vehicle (color, type, roof mounts, etc). 1 telephoto mounted on pole to capture license plate info.","direction":"0;65;130;195;260;325","man_made":"surveillance","manufacturer":"Ubicquia, Inc.","manufacturer:wikidata":"Q138313103","operator":"San Diego Police Department","operator:type":"government","operator:wikidata":"Q6580207","source:url":"https://webmaps.sandiego.gov/portal/apps/webappviewer/index.html?id=a70a4dc00702448da5948992b144a98f","surveillance":"outdoor","surveillance:type":"ALPR","surveillance:zone":"town"}},{"type":"Feature","geometry":{"type":"Point","coordinates":[-117.1573549,32.7500332]},"properties":{"camera:mount":"street_lamp","camera:type":"fixed","description":"Two cameras per node. 1 wide angle looking straight down from lamp to capture metadata about vehicle (color, type, roof mounts, etc). 1 telephoto mounted on pole to capture license plate info.","direction":"0;65;130;195;260;325","man_made":"surveillance","manufacturer":"Ubicquia, Inc.","manufacturer:wikidata":"Q138313103","operator":"San Diego Police Department","operator:type":"government","operator:wikidata":"Q6580207","source:url":"https://webmaps.sandiego.gov/portal/apps/webappviewer/index.html?id=a70a4dc00702448da5948992b144a98f","surveillance":"outdoor","surveillance:type":"ALPR","surveillance:zone":"town"}},{"type":"Feature","geometry":{"type":"Point","coordinates":[-117.1651603,32.7499962]},"properties":{"camera:mount":"street_lamp","camera:type":"fixed","description":"Two cameras per node. 1 wide angle looking straight down from lamp to capture metadata about vehicle (color, type, roof mounts, etc). 1 telephoto mounted on pole to capture license plate info.","direction":"0;65;130;195;260;325","man_made":"surveillance","manufacturer":"Ubicquia, Inc.","manufacturer:wikidata":"Q138313103","operator":"San Diego Police Department","operator:type":"government","operator:wikidata":"Q6580207","source:url":"https://webmaps.sandiego.gov/portal/apps/webappviewer/index.html?id=a70a4dc00702448da5948992b144a98f","surveillance":"outdoor","surveillance:type":"ALPR","surveillance:zone":"town"}},{"type":"Feature","geometry":{"type":"Point","coordinates":[-117.1713504,32.749996]},"properties":{"camera:mount":"street_lamp","camera:type":"fixed","description":"Two cameras per node. 1 wide angle looking straight down from lamp to capture metadata about vehicle (color, type, roof mounts, etc). 1 telephoto mounted on pole to capture license plate info.","direction":"0;65;130;195;260;325","man_made":"surveillance","manufacturer":"Ubicquia, Inc.","manufacturer:wikidata":"Q138313103","operator":"San Diego Police Department","operator:type":"government","operator:wikidata":"Q6580207","source:url":"https://webmaps.sandiego.gov/portal/apps/webappviewer/index.html?id=a70a4dc00702448da5948992b144a98f","surveillance":"outdoor","surveillance:type":"ALPR","surveillance:zone":"town"}},{"type":"Feature","geometry":{"type":"Point","coordinates":[-117.171525,32.749944]},"properties":{"camera:mount":"street_lamp","camera:type":"fixed","description":"Two cameras per node. 1 wide angle looking straight down from lamp to capture metadata about vehicle (color, type, roof mounts, etc). 1 telephoto mounted on pole to capture license plate info.","direction":"0;65;130;195;260;325","man_made":"surveillance","manufacturer":"Ubicquia, Inc.","manufacturer:wikidata":"Q138313103","operator":"San Diego Police Department","operator:type":"government","operator:wikidata":"Q6580207","source:url":"https://webmaps.sandiego.gov/portal/apps/webappviewer/index.html?id=a70a4dc00702448da5948992b144a98f","surveillance":"outdoor","surveillance:type":"ALPR","surveillance:zone":"town"}},{"type":"Feature","geometry":{"type":"Point","coordinates":[-117.1192433,32.7498957]},"properties":{"camera:mount":"street_lamp","camera:type":"fixed","description":"Two cameras per node. 1 wide angle looking straight down from lamp to capture metadata about vehicle (color, type, roof mounts, etc). 1 telephoto mounted on pole to capture license plate info.","direction":"0;65;130;195;260;325","man_made":"surveillance","manufacturer":"Ubicquia, Inc.","manufacturer:wikidata":"Q138313103","operator":"San Diego Police Department","operator:type":"government","operator:wikidata":"Q6580207","source:url":"https://webmaps.sandiego.gov/portal/apps/webappviewer/index.html?id=a70a4dc00702448da5948992b144a98f","surveillance":"outdoor","surveillance:type":"ALPR","surveillance:zone":"town"}},{"type":"Feature","geometry":{"type":"Point","coordinates":[-117.160329,32.749868]},"properties":{"camera:mount":"street_lamp","camera:type":"fixed","description":"Two cameras per node. 1 wide angle looking straight down from lamp to capture metadata about vehicle (color, type, roof mounts, etc). 1 telephoto mounted on pole to capture license plate info.","direction":"0;65;130;195;260;325","man_made":"surveillance","manufacturer":"Ubicquia, Inc.","manufacturer:wikidata":"Q138313103","operator":"San Diego Police Department","operator:type":"government","operator:wikidata":"Q6580207","source:url":"https://webmaps.sandiego.gov/portal/apps/webappviewer/index.html?id=a70a4dc00702448da5948992b144a98f","surveillance":"outdoor","surveillance:type":"ALPR","surveillance:zone":"town"}},{"type":"Feature","geometry":{"type":"Point","coordinates":[-117.1648827,32.7498115]},"properties":{"camera:mount":"street_lamp","camera:type":"fixed","description":"Two cameras per node. 1 wide angle looking straight down from lamp to capture metadata about vehicle (color, type, roof mounts, etc). 1 telephoto mounted on pole to capture license plate info.","direction":"0;65;130;195;260;325","man_made":"surveillance","manufacturer":"Ubicquia, Inc.","manufacturer:wikidata":"Q138313103","operator":"San Diego Police Department","operator:type":"government","operator:wikidata":"Q6580207","source:url":"https://webmaps.sandiego.gov/portal/apps/webappviewer/index.html?id=a70a4dc00702448da5948992b144a98f","surveillance":"outdoor","surveillance:type":"ALPR","surveillance:zone":"town"}},{"type":"Feature","geometry":{"type":"Point","coordinates":[-117.0670323,32.6086921]},"properties":{"camera:type":"fixed","direction":"320","man_made":"surveillance","manufacturer":"Flock Safety","manufacturer:wikidata":"Q108485435","surveillance:type":"ALPR"}},{"type":"Feature","geometry":{"type":"Point","coordinates":[-117.1106036,32.7498203]},"properties":{"camera:mount":"street_lamp","camera:type":"fixed","description":"Two cameras per node. 1 wide angle looking straight down from lamp to capture metadata about vehicle (color, type, roof mounts, etc). 1 telephoto mounted on pole to capture license plate info.","direction":"0;65;130;195;260;325","man_made":"surveillance","manufacturer":"Ubicquia, Inc.","manufacturer:wikidata":"Q138313103","operator":"San Diego Police Department","operator:type":"government","operator:wikidata":"Q6580207","source:url":"https://webmaps.sandiego.gov/portal/apps/webappviewer/index.html?id=a70a4dc00702448da5948992b144a98f","surveillance":"outdoor","surveillance:type":"ALPR","surveillance:zone":"town"}},{"type":"Feature","geometry":{"type":"Point","coordinates":[-117.1107956,32.7497497]},"properties":{"camera:mount":"street_lamp","camera:type":"fixed","description":"Two cameras per node. 1 wide angle looking straight down from lamp to capture metadata about vehicle (color, type, roof mounts, etc). 1 telephoto mounted on pole to capture license plate info.","direction":"0;65;130;195;260;325","man_made":"surveillance","manufacturer":"Ubicquia, Inc.","manufacturer:wikidata":"Q138313103","operator":"San Diego Police Department","operator:type":"government","operator:wikidata":"Q6580207","source:url":"https://webmaps.sandiego.gov/portal/apps/webappviewer/index.html?id=a70a4dc00702448da5948992b144a98f","surveillance":"outdoor","surveillance:type":"ALPR","surveillance:zone":"town"}},{"type":"Feature","geometry":{"type":"Point","coordinates":[-117.107087,32.7497473]},"properties":{"camera:mount":"street_lamp","camera:type":"fixed","description":"Two cameras per node. 1 wide angle looking straight down from lamp to capture metadata about vehicle (color, type, roof mounts, etc). 1 telephoto mounted on pole to capture license plate info.","direction":"0;65;130;195;260;325","man_made":"surveillance","manufacturer":"Ubicquia, Inc.","manufacturer:wikidata":"Q138313103","operator":"San Diego Police Department","operator:type":"government","operator:wikidata":"Q6580207","source:url":"https://webmaps.sandiego.gov/portal/apps/webappviewer/index.html?id=a70a4dc00702448da5948992b144a98f","surveillance":"outdoor","surveillance:type":"ALPR","surveillance:zone":"town"}},{"type":"Feature","geometry":{"type":"Point","coordinates":[-117.1712634,32.7497794]},"properties":{"camera:mount":"street_lamp","camera:type":"fixed","description":"Two cameras per node. 1 wide angle looking straight down from lamp to capture metadata about vehicle (color, type, roof mounts, etc). 1 telephoto mounted on pole to capture license plate info.","direction":"0;65;130;195;260;325","man_made":"surveillance","manufacturer":"Ubicquia, Inc.","manufacturer:wikidata":"Q138313103","operator":"San Diego Police Department","operator:type":"government","operator:wikidata":"Q6580207","source:url":"https://webmaps.sandiego.gov/portal/apps/webappviewer/index.html?id=a70a4dc00702448da5948992b144a98f","surveillance":"outdoor","surveillance:type":"ALPR","surveillance:zone":"town"}},{"type":"Feature","geometry":{"type":"Point","coordinates":[-117.1714584,32.7496924]},"properties":{"camera:mount":"street_lamp","camera:type":"fixed","description":"Two cameras per node. 1 wide angle looking straight down from lamp to capture metadata about vehicle (color, type, roof mounts, etc). 1 telephoto mounted on pole to capture license plate info.","direction":"0;65;130;195;260;325","man_made":"surveillance","manufacturer":"Ubicquia, Inc.","manufacturer:wikidata":"Q138313103","operator":"San Diego Police Department","operator:type":"government","operator:wikidata":"Q6580207","source:url":"https://webmaps.sandiego.gov/portal/apps/webappviewer/index.html?id=a70a4dc00702448da5948992b144a98f","surveillance":"outdoor","surveillance:type":"ALPR","surveillance:zone":"town"}},{"type":"Feature","geometry":{"type":"Point","coordinates":[-117.0922674,32.7496867]},"properties":{"camera:mount":"street_lamp","camera:type":"fixed","description":"Two cameras per node. 1 wide angle looking straight down from lamp to capture metadata about vehicle (color, type, roof mounts, etc). 1 telephoto mounted on pole to capture license plate info.","direction":"0;65;130;195;260;325","man_made":"surveillance","manufacturer":"Ubicquia, Inc.","manufacturer:wikidata":"Q138313103","operator":"San Diego Police Department","operator:type":"government","operator:wikidata":"Q6580207","source:url":"https://webmaps.sandiego.gov/portal/apps/webappviewer/index.html?id=a70a4dc00702448da5948992b144a98f","surveillance":"outdoor","surveillance:type":"ALPR","surveillance:zone":"town"}},{"type":"Feature","geometry":{"type":"Point","coordinates":[-117.1193676,32.7496631]},"properties":{"camera:mount":"street_lamp","camera:type":"fixed","description":"Two cameras per node. 1 wide angle looking straight down from lamp to capture metadata about vehicle (color, type, roof mounts, etc). 1 telephoto mounted on pole to capture license plate info.","direction":"0;65;130;195;260;325","man_made":"surveillance","manufacturer":"Ubicquia, Inc.","manufacturer:wikidata":"Q138313103","operator":"San Diego Police Department","operator:type":"government","operator:wikidata":"Q6580207","source:url":"https://webmaps.sandiego.gov/portal/apps/webappviewer/index.html?id=a70a4dc00702448da5948992b144a98f","surveillance":"outdoor","surveillance:type":"ALPR","surveillance:zone":"town"}},{"type":"Feature","geometry":{"type":"Point","coordinates":[-117.1179639,32.7497232]},"properties":{"camera:mount":"street_lamp","camera:type":"fixed","description":"Two cameras per node. 1 wide angle looking straight down from lamp to capture metadata about vehicle (color, type, roof mounts, etc). 1 telephoto mounted on pole to capture license plate info.","direction":"0;65;130;195;260;325","man_made":"surveillance","manufacturer":"Ubicquia, Inc.","manufacturer:wikidata":"Q138313103","operator":"San Diego Police Department","operator:type":"government","operator:wikidata":"Q6580207","source:url":"https://webmaps.sandiego.gov/portal/apps/webappviewer/index.html?id=a70a4dc00702448da5948992b144a98f","surveillance":"outdoor","surveillance:type":"ALPR","surveillance:zone":"town"}},{"type":"Feature","geometry":{"type":"Point","coordinates":[-117.093072,32.749626]},"properties":{"camera:type":"fixed","man_made":"surveillance","manufacturer":"Ubicquia","operator":"San Diego Police Department","source:url":"https://webmaps.sandiego.gov/portal/apps/webappviewer/index.html?id=a70a4dc00702448da5948992b144a98f","surveillance":"traffic","surveillance:type":"ALPR","surveillance:zone":"public"}},{"type":"Feature","geometry":{"type":"Point","coordinates":[-117.106828,32.749613]},"properties":{"camera:mount":"street_lamp","camera:type":"fixed","description":"Two cameras per node. 1 wide angle looking straight down from lamp to capture metadata about vehicle (color, type, roof mounts, etc). 1 telephoto mounted on pole to capture license plate info.","direction":"0;65;130;195;260;325","man_made":"surveillance","manufacturer":"Ubicquia, Inc.","manufacturer:wikidata":"Q138313103","operator":"San Diego Police Department","operator:type":"government","operator:wikidata":"Q6580207","source:url":"https://webmaps.sandiego.gov/portal/apps/webappviewer/index.html?id=a70a4dc00702448da5948992b144a98f","surveillance":"outdoor","surveillance:type":"ALPR","surveillance:zone":"town"}},{"type":"Feature","geometry":{"type":"Point","coordinates":[-117.1107206,32.7495941]},"properties":{"camera:mount":"street_lamp","camera:type":"fixed","description":"Two cameras per node. 1 wide angle looking straight down from lamp to capture metadata about vehicle (color, type, roof mounts, etc). 1 telephoto mounted on pole to capture license plate info.","direction":"0;65;130;195;260;325","man_made":"surveillance","manufacturer":"Ubicquia, Inc.","manufacturer:wikidata":"Q138313103","operator":"San Diego Police Department","operator:type":"government","operator:wikidata":"Q6580207","source:url":"https://webmaps.sandiego.gov/portal/apps/webappviewer/index.html?id=a70a4dc00702448da5948992b144a98f","surveillance":"outdoor","surveillance:type":"ALPR","surveillance:zone":"town"}},{"type":"Feature","geometry":{"type":"Point","coordinates":[-117.0922196,32.7494896]},"properties":{"camera:mount":"street_lamp","camera:type":"fixed","description":"Two cameras per node. 1 wide angle looking straight down from lamp to capture metadata about vehicle (color, type, roof mounts, etc). 1 telephoto mounted on pole to capture license plate info.","direction":"0;65;130;195;260;325","man_made":"surveillance","manufacturer":"Ubicquia, Inc.","manufacturer:wikidata":"Q138313103","operator":"San Diego Police Department","operator:type":"government","operator:wikidata":"Q6580207","source:url":"https://webmaps.sandiego.gov/portal/apps/webappviewer/index.html?id=a70a4dc00702448da5948992b144a98f","surveillance":"outdoor","surveillance:type":"ALPR","surveillance:zone":"town"}},{"type":"Feature","geometry":{"type":"Point","coordinates":[-117.0923472,32.7494297]},"properties":{"camera:mount":"street_lamp","camera:type":"fixed","description":"Two cameras per node. 1 wide angle looking straight down from lamp to capture metadata about vehicle (color, type, roof mounts, etc). 1 telephoto mounted on pole to capture license plate info.","direction":"0;65;130;195;260;325","man_made":"surveillance","manufacturer":"Ubicquia, Inc.","manufacturer:wikidata":"Q138313103","operator":"San Diego Police Department","operator:type":"government","operator:wikidata":"Q6580207","source:url":"https://webmaps.sandiego.gov/portal/apps/webappviewer/index.html?id=a70a4dc00702448da5948992b144a98f","surveillance":"outdoor","surveillance:type":"ALPR","surveillance:zone":"town"}},{"type":"Feature","geometry":{"type":"Point","coordinates":[-117.0816322,32.7491585]},"properties":{"camera:mount":"street_lamp","camera:type":"fixed","description":"Two cameras per node. 1 wide angle looking straight down from lamp to capture metadata about vehicle (color, type, roof mounts, etc). 1 telephoto mounted on pole to capture license plate info.","direction":"0;65;130;195;260;325","man_made":"surveillance","manufacturer":"Ubicquia, Inc.","manufacturer:wikidata":"Q138313103","operator":"San Diego Police Department","operator:type":"government","operator:wikidata":"Q6580207","source:url":"https://webmaps.sandiego.gov/portal/apps/webappviewer/index.html?id=a70a4dc00702448da5948992b144a98f","surveillance":"outdoor","surveillance:type":"ALPR","surveillance:zone":"town"}},{"type":"Feature","geometry":{"type":"Point","coordinates":[-117.1213769,32.748993]},"properties":{"camera:mount":"street_lamp","camera:type":"fixed","description":"Two cameras per node. 1 wide angle looking straight down from lamp to capture metadata about vehicle (color, type, roof mounts, etc). 1 telephoto mounted on pole to capture license plate info.","direction":"0;65;130;195;260;325","man_made":"surveillance","manufacturer":"Ubicquia, Inc.","manufacturer:wikidata":"Q138313103","operator":"San Diego Police Department","operator:type":"government","operator:wikidata":"Q6580207","source:url":"https://webmaps.sandiego.gov/portal/apps/webappviewer/index.html?id=a70a4dc00702448da5948992b144a98f","surveillance":"outdoor","surveillance:type":"ALPR","surveillance:zone":"town"}},{"type":"Feature","geometry":{"type":"Point","coordinates":[-117.121876,32.7487467]},"properties":{"camera:mount":"street_lamp","camera:type":"fixed","description":"Two cameras per node. 1 wide angle looking straight down from lamp to capture metadata about vehicle (color, type, roof mounts, etc). 1 telephoto mounted on pole to capture license plate info.","direction":"0;65;130;195;260;325","man_made":"surveillance","manufacturer":"Ubicquia, Inc.","manufacturer:wikidata":"Q138313103","operator":"San Diego Police Department","operator:type":"government","operator:wikidata":"Q6580207","source:url":"https://webmaps.sandiego.gov/portal/apps/webappviewer/index.html?id=a70a4dc00702448da5948992b144a98f","surveillance":"outdoor","surveillance:type":"ALPR","surveillance:zone":"town"}},{"type":"Feature","geometry":{"type":"Point","coordinates":[-117.1942268,32.7486961]},"properties":{"camera:mount":"street_lamp","camera:type":"fixed","description":"Two cameras per node. 1 wide angle looking straight down from lamp to capture metadata about vehicle (color, type, roof mounts, etc). 1 telephoto mounted on pole to capture license plate info.","direction":"0;65;130;195;260;325","man_made":"surveillance","manufacturer":"Ubicquia, Inc.","manufacturer:wikidata":"Q138313103","operator":"San Diego Police Department","operator:type":"government","operator:wikidata":"Q6580207","source:url":"https://webmaps.sandiego.gov/portal/apps/webappviewer/index.html?id=a70a4dc00702448da5948992b144a98f","surveillance":"outdoor","surveillance:type":"ALPR","surveillance:zone":"town"}},{"type":"Feature","geometry":{"type":"Point","coordinates":[-117.1461903,32.7486157]},"properties":{"camera:mount":"street_lamp","camera:type":"fixed","description":"Two cameras per node. 1 wide angle looking straight down from lamp to capture metadata about vehicle (color, type, roof mounts, etc). 1 telephoto mounted on pole to capture license plate info.","direction":"0;65;130;195;260;325","man_made":"surveillance","manufacturer":"Ubicquia, Inc.","manufacturer:wikidata":"Q138313103","operator":"San Diego Police Department","operator:type":"government","operator:wikidata":"Q6580207","source:url":"https://webmaps.sandiego.gov/portal/apps/webappviewer/index.html?id=a70a4dc00702448da5948992b144a98f","surveillance":"traffic","surveillance:type":"ALPR","surveillance:zone":"public"}},{"type":"Feature","geometry":{"type":"Point","coordinates":[-117.1241251,32.7485589]},"properties":{"camera:mount":"street_lamp","camera:type":"fixed","description":"Two cameras per node. 1 wide angle looking straight down from lamp to capture metadata about vehicle (color, type, roof mounts, etc). 1 telephoto mounted on pole to capture license plate info.","direction":"0;65;130;195;260;325","man_made":"surveillance","manufacturer":"Ubicquia, Inc.","manufacturer:wikidata":"Q138313103","operator":"San Diego Police Department","operator:type":"government","operator:wikidata":"Q6580207","source:url":"https://webmaps.sandiego.gov/portal/apps/webappviewer/index.html?id=a70a4dc00702448da5948992b144a98f","surveillance":"outdoor","surveillance:type":"ALPR","surveillance:zone":"town"}},{"type":"Feature","geometry":{"type":"Point","coordinates":[-117.1596946,32.7484027]},"properties":{"camera:mount":"street_lamp","camera:type":"fixed","description":"Two cameras per node. 1 wide angle looking straight down from lamp to capture metadata about vehicle (color, type, roof mounts, etc). 1 telephoto mounted on pole to capture license plate info.","direction":"0;65;130;195;260;325","man_made":"surveillance","manufacturer":"Ubicquia, Inc.","manufacturer:wikidata":"Q138313103","operator":"San Diego Police Department","operator:type":"government","operator:wikidata":"Q6580207","source:url":"https://webmaps.sandiego.gov/portal/apps/webappviewer/index.html?id=a70a4dc00702448da5948992b144a98f","surveillance":"outdoor","surveillance:type":"ALPR","surveillance:zone":"town"}},{"type":"Feature","geometry":{"type":"Point","coordinates":[-117.0800951,32.6074252]},"properties":{"camera:type":"fixed","direction":"315","man_made":"surveillance","manufacturer":"Flock Safety","manufacturer:wikidata":"Q108485435","surveillance:type":"ALPR"}},{"type":"Feature","geometry":{"type":"Point","coordinates":[-117.0770036,32.6037342]},"properties":{"camera:type":"fixed","direction":"40","man_made":"surveillance","manufacturer":"Flock Safety","manufacturer:wikidata":"Q108485435","surveillance:type":"ALPR"}},{"type":"Feature","geometry":{"type":"Point","coordinates":[-117.1594486,32.7485047]},"properties":{"camera:mount":"street_lamp","camera:type":"fixed","description":"Two cameras per node. 1 wide angle looking straight down from lamp to capture metadata about vehicle (color, type, roof mounts, etc). 1 telephoto mounted on pole to capture license plate info.","direction":"0;65;130;195;260;325","man_made":"surveillance","manufacturer":"Ubicquia, Inc.","manufacturer:wikidata":"Q138313103","operator":"San Diego Police Department","operator:type":"government","operator:wikidata":"Q6580207","source:url":"https://webmaps.sandiego.gov/portal/apps/webappviewer/index.html?id=a70a4dc00702448da5948992b144a98f","surveillance":"outdoor","surveillance:type":"ALPR","surveillance:zone":"town"}},{"type":"Feature","geometry":{"type":"Point","coordinates":[-117.1230171,32.7484882]},"properties":{"camera:mount":"street_lamp","camera:type":"fixed","description":"Two cameras per node. 1 wide angle looking straight down from lamp to capture metadata about vehicle (color, type, roof mounts, etc). 1 telephoto mounted on pole to capture license plate info.","direction":"0;65;130;195;260;325","man_made":"surveillance","manufacturer":"Ubicquia, Inc.","manufacturer:wikidata":"Q138313103","operator":"San Diego Police Department","operator:type":"government","operator:wikidata":"Q6580207","source:url":"https://webmaps.sandiego.gov/portal/apps/webappviewer/index.html?id=a70a4dc00702448da5948992b144a98f","surveillance":"outdoor","surveillance:type":"ALPR","surveillance:zone":"town"}},{"type":"Feature","geometry":{"type":"Point","coordinates":[-117.1249067,32.7484412]},"properties":{"camera:mount":"street_lamp","camera:type":"fixed","description":"Two cameras per node. 1 wide angle looking straight down from lamp to capture metadata about vehicle (color, type, roof mounts, etc). 1 telephoto mounted on pole to capture license plate info.","direction":"0;65;130;195;260;325","man_made":"surveillance","manufacturer":"Ubicquia, Inc.","manufacturer:wikidata":"Q138313103","operator":"San Diego Police Department","operator:type":"government","operator:wikidata":"Q6580207","source:url":"https://webmaps.sandiego.gov/portal/apps/webappviewer/index.html?id=a70a4dc00702448da5948992b144a98f","surveillance":"outdoor","surveillance:type":"ALPR","surveillance:zone":"public"}},{"type":"Feature","geometry":{"type":"Point","coordinates":[-117.1605161,32.7483885]},"properties":{"camera:mount":"street_lamp","camera:type":"fixed","description":"Two cameras per node. 1 wide angle looking straight down from lamp to capture metadata about vehicle (color, type, roof mounts, etc). 1 telephoto mounted on pole to capture license plate info.","direction":"0;65;130;195;260;325","man_made":"surveillance","manufacturer":"Ubicquia, Inc.","manufacturer:wikidata":"Q138313103","operator":"San Diego Police Department","operator:type":"government","operator:wikidata":"Q6580207","source:url":"https://webmaps.sandiego.gov/portal/apps/webappviewer/index.html?id=a70a4dc00702448da5948992b144a98f","surveillance":"outdoor","surveillance:type":"ALPR","surveillance:zone":"town"}},{"type":"Feature","geometry":{"type":"Point","coordinates":[-117.146082,32.7483611]},"properties":{"camera:mount":"street_lamp","camera:type":"fixed","description":"Two cameras per node. 1 wide angle looking straight down from lamp to capture metadata about vehicle (color, type, roof mounts, etc). 1 telephoto mounted on pole to capture license plate info.","direction":"0;65;130;195;260;325","man_made":"surveillance","manufacturer":"Ubicquia, Inc.","manufacturer:wikidata":"Q138313103","operator":"San Diego Police Department","operator:type":"government","operator:wikidata":"Q6580207","source:url":"https://webmaps.sandiego.gov/portal/apps/webappviewer/index.html?id=a70a4dc00702448da5948992b144a98f","surveillance":"outdoor","surveillance:type":"ALPR","surveillance:zone":"town"}},{"type":"Feature","geometry":{"type":"Point","coordinates":[-117.14643,32.748301]},"properties":{"camera:mount":"street_lamp","camera:type":"fixed","description":"Two cameras per node. 1 wide angle looking straight down from lamp to capture metadata about vehicle (color, type, roof mounts, etc). 1 telephoto mounted on pole to capture license plate info.","direction":"0;65;130;195;260;325","man_made":"surveillance","manufacturer":"Ubicquia, Inc.","manufacturer:wikidata":"Q138313103","operator":"San Diego Police Department","operator:type":"government","operator:wikidata":"Q6580207","source:url":"https://webmaps.sandiego.gov/portal/apps/webappviewer/index.html?id=a70a4dc00702448da5948992b144a98f","surveillance":"outdoor","surveillance:type":"ALPR","surveillance:zone":"town"}},{"type":"Feature","geometry":{"type":"Point","coordinates":[-117.1640351,32.7482946]},"properties":{"camera:mount":"street_lamp","camera:type":"fixed","description":"Two cameras per node. 1 wide angle looking straight down from lamp to capture metadata about vehicle (color, type, roof mounts, etc). 1 telephoto mounted on pole to capture license plate info.","direction":"0;65;130;195;260;325","man_made":"surveillance","manufacturer":"Ubicquia, Inc.","manufacturer:wikidata":"Q138313103","operator":"San Diego Police Department","operator:type":"government","operator:wikidata":"Q6580207","source:url":"https://webmaps.sandiego.gov/portal/apps/webappviewer/index.html?id=a70a4dc00702448da5948992b144a98f","surveillance":"outdoor","surveillance:type":"ALPR","surveillance:zone":"town"}},{"type":"Feature","geometry":{"type":"Point","coordinates":[-117.159363,32.7482639]},"properties":{"camera:mount":"street_lamp","camera:type":"fixed","description":"Two cameras per node. 1 wide angle looking straight down from lamp to capture metadata about vehicle (color, type, roof mounts, etc). 1 telephoto mounted on pole to capture license plate info.","direction":"0;65;130;195;260;325","man_made":"surveillance","manufacturer":"Ubicquia, Inc.","manufacturer:wikidata":"Q138313103","operator":"San Diego Police Department","operator:type":"government","operator:wikidata":"Q6580207","source:url":"https://webmaps.sandiego.gov/portal/apps/webappviewer/index.html?id=a70a4dc00702448da5948992b144a98f","surveillance":"outdoor","surveillance:type":"ALPR","surveillance:zone":"town"}},{"type":"Feature","geometry":{"type":"Point","coordinates":[-117.1931991,32.7482128]},"properties":{"camera:mount":"street_lamp","camera:type":"fixed","description":"Two cameras per node. 1 wide angle looking straight down from lamp to capture metadata about vehicle (color, type, roof mounts, etc). 1 telephoto mounted on pole to capture license plate info.","direction":"0;65;130;195;260;325","man_made":"surveillance","manufacturer":"Ubicquia, Inc.","manufacturer:wikidata":"Q138313103","operator":"San Diego Police Department","operator:type":"government","operator:wikidata":"Q6580207","source:url":"https://webmaps.sandiego.gov/portal/apps/webappviewer/index.html?id=a70a4dc00702448da5948992b144a98f","surveillance":"outdoor","surveillance:type":"ALPR","surveillance:zone":"town"}},{"type":"Feature","geometry":{"type":"Point","coordinates":[-117.0734356,32.7481878]},"properties":{"camera:mount":"street_lamp","camera:type":"fixed","description":"Two cameras per node. 1 wide angle looking straight down from lamp to capture metadata about vehicle (color, type, roof mounts, etc). 1 telephoto mounted on pole to capture license plate info.","direction":"0;65;130;195;260;325","man_made":"surveillance","manufacturer":"Ubicquia, Inc.","manufacturer:wikidata":"Q138313103","operator":"San Diego Police Department","operator:type":"government","operator:wikidata":"Q6580207","source:url":"https://webmaps.sandiego.gov/portal/apps/webappviewer/index.html?id=a70a4dc00702448da5948992b144a98f","surveillance":"outdoor","surveillance:type":"ALPR","surveillance:zone":"town"}},{"type":"Feature","geometry":{"type":"Point","coordinates":[-117.1596073,32.7481521]},"properties":{"camera:mount":"street_lamp","camera:type":"fixed","description":"Two cameras per node. 1 wide angle looking straight down from lamp to capture metadata about vehicle (color, type, roof mounts, etc). 1 telephoto mounted on pole to capture license plate info.","direction":"0;65;130;195;260;325","man_made":"surveillance","manufacturer":"Ubicquia, Inc.","manufacturer:wikidata":"Q138313103","operator":"San Diego Police Department","operator:type":"government","operator:wikidata":"Q6580207","source:url":"https://webmaps.sandiego.gov/portal/apps/webappviewer/index.html?id=a70a4dc00702448da5948992b144a98f","surveillance":"outdoor","surveillance:type":"ALPR","surveillance:zone":"town"}},{"type":"Feature","geometry":{"type":"Point","coordinates":[-117.1933359,32.7480877]},"properties":{"camera:mount":"street_lamp","camera:type":"fixed","description":"Two cameras per node. 1 wide angle looking straight down from lamp to capture metadata about vehicle (color, type, roof mounts, etc). 1 telephoto mounted on pole to capture license plate info.","direction":"0;65;130;195;260;325","man_made":"surveillance","manufacturer":"Ubicquia, Inc.","manufacturer:wikidata":"Q138313103","operator":"San Diego Police Department","operator:type":"government","operator:wikidata":"Q6580207","source:url":"https://webmaps.sandiego.gov/portal/apps/webappviewer/index.html?id=a70a4dc00702448da5948992b144a98f","surveillance":"outdoor","surveillance:type":"ALPR","surveillance:zone":"town"}},{"type":"Feature","geometry":{"type":"Point","coordinates":[-117.0743378,32.7477988]},"properties":{"camera:mount":"street_lamp","camera:type":"fixed","description":"Two cameras per node. 1 wide angle looking straight down from lamp to capture metadata about vehicle (color, type, roof mounts, etc). 1 telephoto mounted on pole to capture license plate info.","direction":"0;65;130;195;260;325","man_made":"surveillance","manufacturer":"Ubicquia, Inc.","manufacturer:wikidata":"Q138313103","operator":"San Diego Police Department","operator:type":"government","operator:wikidata":"Q6580207","source:url":"https://webmaps.sandiego.gov/portal/apps/webappviewer/index.html?id=a70a4dc00702448da5948992b144a98f","surveillance":"outdoor","surveillance:type":"ALPR","surveillance:zone":"town"}},{"type":"Feature","geometry":{"type":"Point","coordinates":[-117.192291,32.7475476]},"properties":{"camera:mount":"street_lamp","camera:type":"fixed","description":"Two cameras per node. 1 wide angle looking straight down from lamp to capture metadata about vehicle (color, type, roof mounts, etc). 1 telephoto mounted on pole to capture license plate info.","direction":"0;65;130;195;260;325","man_made":"surveillance","manufacturer":"Ubicquia, Inc.","manufacturer:wikidata":"Q138313103","operator":"San Diego Police Department","operator:type":"government","operator:wikidata":"Q6580207","source:url":"https://webmaps.sandiego.gov/portal/apps/webappviewer/index.html?id=a70a4dc00702448da5948992b144a98f","surveillance":"outdoor","surveillance:type":"ALPR","surveillance:zone":"town"}},{"type":"Feature","geometry":{"type":"Point","coordinates":[-117.147471,32.7406878]},"properties":{"camera:mount":"street_lamp","camera:type":"fixed","description":"Two cameras per node. 1 wide angle looking straight down from lamp to capture metadata about vehicle (color, type, roof mounts, etc). 1 telephoto mounted on pole to capture license plate info.","direction":"0;65;130;195;260;325","man_made":"surveillance","manufacturer":"Ubicquia, Inc.","manufacturer:wikidata":"Q138313103","operator":"San Diego Police Department","operator:type":"government","operator:wikidata":"Q6580207","source:url":"https://webmaps.sandiego.gov/portal/apps/webappviewer/index.html?id=a70a4dc00702448da5948992b144a98f","surveillance":"outdoor","surveillance:type":"ALPR","surveillance:zone":"town"}},{"type":"Feature","geometry":{"type":"Point","coordinates":[-117.147407,32.740391]},"properties":{"camera:mount":"street_lamp","camera:type":"fixed","description":"Two cameras per node. 1 wide angle looking straight down from lamp to capture metadata about vehicle (color, type, roof mounts, etc). 1 telephoto mounted on pole to capture license plate info.","direction":"0;65;130;195;260;325","man_made":"surveillance","manufacturer":"Ubicquia, Inc.","manufacturer:wikidata":"Q138313103","operator":"San Diego Police Department","operator:type":"government","operator:wikidata":"Q6580207","source:url":"https://webmaps.sandiego.gov/portal/apps/webappviewer/index.html?id=a70a4dc00702448da5948992b144a98f","surveillance":"outdoor","surveillance:type":"ALPR","surveillance:zone":"town"}},{"type":"Feature","geometry":{"type":"Point","coordinates":[-117.1782634,32.739935]},"properties":{"camera:mount":"street_lamp","camera:type":"fixed","description":"Two cameras per node. 1 wide angle looking straight down from lamp to capture metadata about vehicle (color, type, roof mounts, etc). 1 telephoto mounted on pole to capture license plate info.","direction":"0;65;130;195;260;325","man_made":"surveillance","manufacturer":"Ubicquia, Inc.","manufacturer:wikidata":"Q138313103","operator":"San Diego Police Department","operator:type":"government","operator:wikidata":"Q6580207","source:url":"https://webmaps.sandiego.gov/portal/apps/webappviewer/index.html?id=a70a4dc00702448da5948992b144a98f","surveillance":"outdoor","surveillance:type":"ALPR","surveillance:zone":"town"}},{"type":"Feature","geometry":{"type":"Point","coordinates":[-117.1467779,32.739197]},"properties":{"camera:mount":"street_lamp","camera:type":"fixed","description":"Two cameras per node. 1 wide angle looking straight down from lamp to capture metadata about vehicle (color, type, roof mounts, etc). 1 telephoto mounted on pole to capture license plate info.","direction":"0;65;130;195;260;325","man_made":"surveillance","manufacturer":"Ubicquia, Inc.","manufacturer:wikidata":"Q138313103","operator":"San Diego Police Department","operator:type":"government","operator:wikidata":"Q6580207","source:url":"https://webmaps.sandiego.gov/portal/apps/webappviewer/index.html?id=a70a4dc00702448da5948992b144a98f","surveillance":"outdoor","surveillance:type":"ALPR","surveillance:zone":"town"}},{"type":"Feature","geometry":{"type":"Point","coordinates":[-117.0572344,32.7374425]},"properties":{"camera:mount":"street_lamp","camera:type":"fixed","description":"Two cameras per node. 1 wide angle looking straight down from lamp to capture metadata about vehicle (color, type, roof mounts, etc). 1 telephoto mounted on pole to capture license plate info.","direction":"0;65;130;195;260;325","man_made":"surveillance","manufacturer":"Ubicquia, Inc.","manufacturer:wikidata":"Q138313103","operator":"San Diego Police Department","operator:type":"government","operator:wikidata":"Q6580207","source:url":"https://webmaps.sandiego.gov/portal/apps/webappviewer/index.html?id=a70a4dc00702448da5948992b144a98f","surveillance":"outdoor","surveillance:type":"ALPR","surveillance:zone":"town"}},{"type":"Feature","geometry":{"type":"Point","coordinates":[-117.0687859,32.6125234]},"properties":{"camera:type":"fixed","direction":"135","man_made":"surveillance","manufacturer":"Flock Safety","manufacturer:wikidata":"Q108485435","surveillance:type":"ALPR"}},{"type":"Feature","geometry":{"type":"Point","coordinates":[-117.0694174,32.6147717]},"properties":{"camera:type":"fixed","direction":"310","man_made":"surveillance","manufacturer":"Flock Safety","manufacturer:wikidata":"Q108485435","surveillance:type":"ALPR"}},{"type":"Feature","geometry":{"type":"Point","coordinates":[-117.0016842,32.6158485]},"properties":{"camera:type":"fixed","direction":"325","man_made":"surveillance","manufacturer":"Flock Safety","manufacturer:wikidata":"Q108485435","surveillance:type":"ALPR"}},{"type":"Feature","geometry":{"type":"Point","coordinates":[-117.0706226,32.6063059]},"properties":{"camera:type":"fixed","direction":"325","man_made":"surveillance","manufacturer":"Flock Safety","manufacturer:wikidata":"Q108485435","surveillance:type":"ALPR"}},{"type":"Feature","geometry":{"type":"Point","coordinates":[-117.0776761,32.6358289]},"properties":{"camera:type":"fixed","direction":"180","man_made":"surveillance","manufacturer":"Flock Safety","manufacturer:wikidata":"Q108485435","surveillance:type":"ALPR"}},{"type":"Feature","geometry":{"type":"Point","coordinates":[-117.0727033,32.6025347]},"properties":{"camera:type":"fixed","direction":"60","man_made":"surveillance","manufacturer":"Flock Safety","manufacturer:wikidata":"Q108485435","surveillance:type":"ALPR"}},{"type":"Feature","geometry":{"type":"Point","coordinates":[-117.0788156,32.6041404]},"properties":{"camera:type":"fixed","direction":"325","man_made":"surveillance","manufacturer":"Flock Safety","manufacturer:wikidata":"Q108485435","surveillance:type":"ALPR"}},{"type":"Feature","geometry":{"type":"Point","coordinates":[-116.9733754,32.6449393]},"properties":{"camera:type":"fixed","direction":"260","man_made":"surveillance","manufacturer":"Flock Safety","manufacturer:wikidata":"Q108485435","operator":"Chula Vista Police Department","surveillance":"traffic","surveillance:type":"ALPR","surveillance:zone":"public"}},{"type":"Feature","geometry":{"type":"Point","coordinates":[-116.9688913,32.6468942]},"properties":{"camera:type":"fixed","direction":"90","man_made":"surveillance","manufacturer":"Flock Safety","manufacturer:wikidata":"Q108485435","operator":"Chula Vista Police Department","surveillance":"traffic","surveillance:mount":"street_lamp","surveillance:type":"ALPR","surveillance:zone":"public"}},{"type":"Feature","geometry":{"type":"Point","coordinates":[-116.9688007,32.6467535]},"properties":{"camera:type":"fixed","direction":"30","man_made":"surveillance","manufacturer":"Flock Safety","manufacturer:wikidata":"Q108485435","surveillance":"traffic","surveillance:mount":"pole","surveillance:type":"ALPR","surveillance:zone":"public"}},{"type":"Feature","geometry":{"type":"Point","coordinates":[-117.0030238,32.6169173]},"properties":{"camera:type":"fixed","direction":"214","man_made":"surveillance","manufacturer":"Flock Safety","manufacturer:wikidata":"Q108485435","surveillance:type":"ALPR"}},{"type":"Feature","geometry":{"type":"Point","coordinates":[-117.0025364,32.6224335]},"properties":{"camera:type":"fixed","direction":"67","man_made":"surveillance","manufacturer":"Flock Safety","manufacturer:wikidata":"Q108485435","surveillance:type":"ALPR"}},{"type":"Feature","geometry":{"type":"Point","coordinates":[-117.0075617,32.6245275]},"properties":{"camera:type":"fixed","direction":"167","man_made":"surveillance","manufacturer":"Flock Safety","manufacturer:wikidata":"Q108485435","surveillance:type":"ALPR"}},{"type":"Feature","geometry":{"type":"Point","coordinates":[-117.0079995,32.6248972]},"properties":{"camera:type":"fixed","direction":"146","man_made":"surveillance","manufacturer":"Flock Safety","manufacturer:wikidata":"Q108485435","surveillance:type":"ALPR"}},{"type":"Feature","geometry":{"type":"Point","coordinates":[-117.0325782,32.6265849]},"properties":{"direction":"135","man_made":"surveillance","manufacturer":"Flock Safety","operator":"Chula Vista Police Department","surveillance":"traffic","surveillance:mount":"street_lamp","surveillance:type":"ALPR","surveillance:zone":"publice=surveillance"}},{"type":"Feature","geometry":{"type":"Point","coordinates":[-117.0461583,32.6344777]},"properties":{"camera:type":"fixed","direction":"235","man_made":"surveillance","manufacturer":"Flock Safety","manufacturer:wikidata":"Q108485435","surveillance:type":"ALPR"}},{"type":"Feature","geometry":{"type":"Point","coordinates":[-117.0479788,32.6345842]},"properties":{"camera:type":"fixed","direction":"125","man_made":"surveillance","manufacturer":"Flock Safety","manufacturer:wikidata":"Q108485435","surveillance:type":"ALPR"}},{"type":"Feature","geometry":{"type":"Point","coordinates":[-117.0530891,32.6411943]},"properties":{"camera:type":"fixed","direction":"110","man_made":"surveillance","manufacturer":"Flock Safety","manufacturer:wikidata":"Q108485435","surveillance:type":"ALPR"}},{"type":"Feature","geometry":{"type":"Point","coordinates":[-117.0504622,32.6412511]},"properties":{"camera:type":"fixed","direction":"145","man_made":"surveillance","manufacturer":"Flock Safety","manufacturer:wikidata":"Q108485435","surveillance:type":"ALPR"}},{"type":"Feature","geometry":{"type":"Point","coordinates":[-117.0609513,32.6285221]},"properties":{"camera:type":"fixed","direction":"315","man_made":"surveillance","manufacturer":"Flock Safety","manufacturer:wikidata":"Q108485435","surveillance:type":"ALPR"}},{"type":"Feature","geometry":{"type":"Point","coordinates":[-117.059643,32.6238508]},"properties":{"camera:type":"fixed","direction":"130","man_made":"surveillance","manufacturer":"Flock Safety","manufacturer:wikidata":"Q108485435","surveillance:type":"ALPR"}},{"type":"Feature","geometry":{"type":"Point","coordinates":[-117.0541529,32.6103355]},"properties":{"camera:type":"fixed","direction":"320","man_made":"surveillance","manufacturer":"Flock Safety","manufacturer:wikidata":"Q108485435","surveillance:type":"ALPR"}},{"type":"Feature","geometry":{"type":"Point","coordinates":[-117.0398936,32.6147196]},"properties":{"camera:type":"fixed","direction":"230","man_made":"surveillance","manufacturer":"Flock Safety","manufacturer:wikidata":"Q108485435","surveillance:type":"ALPR"}},{"type":"Feature","geometry":{"type":"Point","coordinates":[-117.0426689,32.6140136]},"properties":{"camera:type":"fixed","direction":"105","man_made":"surveillance","manufacturer":"Flock Safety","manufacturer:wikidata":"Q108485435","surveillance:type":"ALPR"}},{"type":"Feature","geometry":{"type":"Point","coordinates":[-117.0467806,32.6204576]},"properties":{"camera:type":"fixed","direction":"325","man_made":"surveillance","manufacturer":"Flock Safety","manufacturer:wikidata":"Q108485435","surveillance:type":"ALPR"}},{"type":"Feature","geometry":{"type":"Point","coordinates":[-117.041483,32.6227027]},"properties":{"camera:type":"fixed","direction":"325","man_made":"surveillance","manufacturer":"Flock Safety","manufacturer:wikidata":"Q108485435","surveillance:type":"ALPR"}},{"type":"Feature","geometry":{"type":"Point","coordinates":[-117.0338752,32.6373113]},"properties":{"camera:type":"fixed","direction":"155","man_made":"surveillance","manufacturer":"Flock Safety","manufacturer:wikidata":"Q108485435","surveillance:type":"ALPR"}},{"type":"Feature","geometry":{"type":"Point","coordinates":[-117.0345933,32.6376318]},"properties":{"camera:type":"fixed","direction":"150","man_made":"surveillance","manufacturer":"Flock Safety","manufacturer:wikidata":"Q108485435","surveillance:type":"ALPR"}},{"type":"Feature","geometry":{"type":"Point","coordinates":[-117.0303787,32.6372027]},"properties":{"camera:type":"fixed","direction":"170","man_made":"surveillance","manufacturer":"Flock Safety","manufacturer:wikidata":"Q108485435","surveillance:type":"ALPR"}},{"type":"Feature","geometry":{"type":"Point","coordinates":[-117.0302593,32.6373645]},"properties":{"camera:type":"fixed","direction":"290","man_made":"surveillance","manufacturer":"Flock Safety","manufacturer:wikidata":"Q108485435","surveillance:type":"ALPR"}},{"type":"Feature","geometry":{"type":"Point","coordinates":[-117.0147655,32.6369516]},"properties":{"camera:type":"fixed","direction":"270","man_made":"surveillance","manufacturer":"Flock Safety","manufacturer:wikidata":"Q108485435","surveillance:type":"ALPR"}},{"type":"Feature","geometry":{"type":"Point","coordinates":[-117.012284,32.6381036]},"properties":{"camera:type":"fixed","direction":"205","man_made":"surveillance","manufacturer":"Flock Safety","manufacturer:wikidata":"Q108485435","surveillance:type":"ALPR"}},{"type":"Feature","geometry":{"type":"Point","coordinates":[-116.9989936,32.6319993]},"properties":{"direction":"255","man_made":"surveillance","manufacturer":"Flock Safety","operator":"Chula Vista Police Department","surveillance":"traffic","surveillance:mount":"street_lamp","surveillance:type":"ALPR","surveillance:zone":"public"}},{"type":"Feature","geometry":{"type":"Point","coordinates":[-116.996285,32.6335176]},"properties":{"camera:type":"fixed","direction":"258","man_made":"surveillance","manufacturer":"Flock Safety","manufacturer:wikidata":"Q108485435","surveillance:type":"ALPR"}},{"type":"Feature","geometry":{"type":"Point","coordinates":[-116.9996699,32.6453709]},"properties":{"camera:type":"fixed","direction":"270","man_made":"surveillance","manufacturer":"Flock Safety","manufacturer:wikidata":"Q108485435","operator":"Chula Vista Police Department","surveillance":"traffic","surveillance:mount":"street_lamp","surveillance:type":"ALPR","surveillance:zone":"public"}},{"type":"Feature","geometry":{"type":"Point","coordinates":[-117.018577,32.6539827]},"properties":{"camera:type":"fixed","direction":"120","man_made":"surveillance","manufacturer":"Flock Safety","manufacturer:wikidata":"Q108485435","surveillance:type":"ALPR"}},{"type":"Feature","geometry":{"type":"Point","coordinates":[-117.0407342,32.6579297]},"properties":{"camera:type":"fixed","direction":"30","man_made":"surveillance","manufacturer":"Flock Safety","manufacturer:wikidata":"Q108485435","surveillance:type":"ALPR"}},{"type":"Feature","geometry":{"type":"Point","coordinates":[-117.1284617,32.7158219]},"properties":{"camera:mount":"street_lamp","camera:type":"fixed","description":"Two cameras per node. 1 wide angle looking straight down from lamp to capture metadata about vehicle (color, type, roof mounts, etc). 1 telephoto mounted on pole to capture license plate info.","direction":"0;65;130;195;260;325","man_made":"surveillance","manufacturer":"Ubicquia, Inc.","manufacturer:wikidata":"Q138313103","operator":"San Diego Police Department","operator:type":"government","operator:wikidata":"Q6580207","source:url":"https://webmaps.sandiego.gov/portal/apps/webappviewer/index.html?id=a70a4dc00702448da5948992b144a98f","surveillance":"outdoor","surveillance:type":"ALPR","surveillance:zone":"town"}},{"type":"Feature","geometry":{"type":"Point","coordinates":[-117.0880779,32.7157307]},"properties":{"camera:mount":"street_lamp","camera:type":"fixed","description":"Two cameras per node. 1 wide angle looking straight down from lamp to capture metadata about vehicle (color, type, roof mounts, etc). 1 telephoto mounted on pole to capture license plate info.","direction":"0;65;130;195;260;325","man_made":"surveillance","manufacturer":"Ubicquia, Inc.","manufacturer:wikidata":"Q138313103","operator":"San Diego Police Department","operator:type":"government","operator:wikidata":"Q6580207","source:url":"https://webmaps.sandiego.gov/portal/apps/webappviewer/index.html?id=a70a4dc00702448da5948992b144a98f","surveillance":"outdoor","surveillance:type":"ALPR","surveillance:zone":"town"}},{"type":"Feature","geometry":{"type":"Point","coordinates":[-117.1495692,32.7156522]},"properties":{"camera:mount":"street_lamp","camera:type":"fixed","description":"Two cameras per node. 1 wide angle looking straight down from lamp to capture metadata about vehicle (color, type, roof mounts, etc). 1 telephoto mounted on pole to capture license plate info.","direction":"0;65;130;195;260;325","man_made":"surveillance","manufacturer":"Ubicquia, Inc.","manufacturer:wikidata":"Q138313103","operator":"San Diego Police Department","operator:type":"government","operator:wikidata":"Q6580207","source:url":"https://webmaps.sandiego.gov/portal/apps/webappviewer/index.html?id=a70a4dc00702448da5948992b144a98f","surveillance":"outdoor","surveillance:type":"ALPR","surveillance:zone":"town"}},{"type":"Feature","geometry":{"type":"Point","coordinates":[-117.1636925,32.7156255]},"properties":{"camera:mount":"street_lamp","camera:type":"fixed","description":"Two cameras per node. 1 wide angle looking straight down from lamp to capture metadata about vehicle (color, type, roof mounts, etc). 1 telephoto mounted on pole to capture license plate info.","direction":"0;65;130;195;260;325","man_made":"surveillance","manufacturer":"Ubicquia, Inc.","manufacturer:wikidata":"Q138313103","operator":"San Diego Police Department","operator:type":"government","operator:wikidata":"Q6580207","source:url":"https://webmaps.sandiego.gov/portal/apps/webappviewer/index.html?id=a70a4dc00702448da5948992b144a98f","surveillance":"outdoor","surveillance:type":"ALPR","surveillance:zone":"town"}},{"type":"Feature","geometry":{"type":"Point","coordinates":[-117.093523,32.7151656]},"properties":{"camera:mount":"street_lamp","camera:type":"fixed","description":"Two cameras per node. 1 wide angle looking straight down from lamp to capture metadata about vehicle (color, type, roof mounts, etc). 1 telephoto mounted on pole to capture license plate info.","direction":"0;65;130;195;260;325","man_made":"surveillance","manufacturer":"Ubicquia, Inc.","manufacturer:wikidata":"Q138313103","operator":"San Diego Police Department","operator:type":"government","operator:wikidata":"Q6580207","source:url":"https://webmaps.sandiego.gov/portal/apps/webappviewer/index.html?id=a70a4dc00702448da5948992b144a98f","surveillance":"outdoor","surveillance:type":"ALPR","surveillance:zone":"town"}},{"type":"Feature","geometry":{"type":"Point","coordinates":[-117.0849549,32.7151519]},"properties":{"camera:mount":"street_lamp","camera:type":"fixed","description":"Two cameras per node. 1 wide angle looking straight down from lamp to capture metadata about vehicle (color, type, roof mounts, etc). 1 telephoto mounted on pole to capture license plate info.","direction":"0;65;130;195;260;325","man_made":"surveillance","manufacturer":"Ubicquia, Inc.","manufacturer:wikidata":"Q138313103","operator":"San Diego Police Department","operator:type":"government","operator:wikidata":"Q6580207","source:url":"https://webmaps.sandiego.gov/portal/apps/webappviewer/index.html?id=a70a4dc00702448da5948992b144a98f","surveillance":"outdoor","surveillance:type":"ALPR","surveillance:zone":"town"}},{"type":"Feature","geometry":{"type":"Point","coordinates":[-117.1402067,32.7148809]},"properties":{"camera:mount":"street_lamp","camera:type":"fixed","description":"Two cameras per node. 1 wide angle looking straight down from lamp to capture metadata about vehicle (color, type, roof mounts, etc). 1 telephoto mounted on pole to capture license plate info.","direction":"0;65;130;195;260;325","man_made":"surveillance","manufacturer":"Ubicquia, Inc.","manufacturer:wikidata":"Q138313103","operator":"San Diego Police Department","operator:type":"government","operator:wikidata":"Q6580207","source:url":"https://webmaps.sandiego.gov/portal/apps/webappviewer/index.html?id=a70a4dc00702448da5948992b144a98f","surveillance":"outdoor","surveillance:type":"ALPR","surveillance:zone":"town"}},{"type":"Feature","geometry":{"type":"Point","coordinates":[-117.1564768,32.7148]},"properties":{"camera:mount":"street_lamp","camera:type":"fixed","description":"Two cameras per node. 1 wide angle looking straight down from lamp to capture metadata about vehicle (color, type, roof mounts, etc). 1 telephoto mounted on pole to capture license plate info.","direction":"0;65;130;195;260;325","man_made":"surveillance","manufacturer":"Ubicquia, Inc.","manufacturer:wikidata":"Q138313103","operator":"San Diego Police Department","operator:type":"government","operator:wikidata":"Q6580207","source:url":"https://webmaps.sandiego.gov/portal/apps/webappviewer/index.html?id=a70a4dc00702448da5948992b144a98f","surveillance":"outdoor","surveillance:type":"ALPR","surveillance:zone":"town"}},{"type":"Feature","geometry":{"type":"Point","coordinates":[-117.1403684,32.7146615]},"properties":{"camera:mount":"street_lamp","camera:type":"fixed","description":"Two cameras per node. 1 wide angle looking straight down from lamp to capture metadata about vehicle (color, type, roof mounts, etc). 1 telephoto mounted on pole to capture license plate info.","direction":"0;65;130;195;260;325","man_made":"surveillance","manufacturer":"Ubicquia, Inc.","manufacturer:wikidata":"Q138313103","operator":"San Diego Police Department","operator:type":"government","operator:wikidata":"Q6580207","source:url":"https://webmaps.sandiego.gov/portal/apps/webappviewer/index.html?id=a70a4dc00702448da5948992b144a98f","surveillance":"outdoor","surveillance:type":"ALPR","surveillance:zone":"town"}},{"type":"Feature","geometry":{"type":"Point","coordinates":[-117.1593118,32.7145779]},"properties":{"camera:mount":"street_lamp","camera:type":"fixed","description":"Two cameras per node. 1 wide angle looking straight down from lamp to capture metadata about vehicle (color, type, roof mounts, etc). 1 telephoto mounted on pole to capture license plate info.","direction":"0;65;130;195;260;325","man_made":"surveillance","manufacturer":"Ubicquia, Inc.","manufacturer:wikidata":"Q138313103","operator":"San Diego Police Department","operator:type":"government","operator:wikidata":"Q6580207","source:url":"https://webmaps.sandiego.gov/portal/apps/webappviewer/index.html?id=a70a4dc00702448da5948992b144a98f","surveillance":"outdoor","surveillance:type":"ALPR","surveillance:zone":"town"}},{"type":"Feature","geometry":{"type":"Point","coordinates":[-117.1494244,32.7137905]},"properties":{"camera:mount":"street_lamp","camera:type":"fixed","description":"Two cameras per node. 1 wide angle looking straight down from lamp to capture metadata about vehicle (color, type, roof mounts, etc). 1 telephoto mounted on pole to capture license plate info.","direction":"0;65;130;195;260;325","man_made":"surveillance","manufacturer":"Ubicquia, Inc.","manufacturer:wikidata":"Q138313103","operator":"San Diego Police Department","operator:type":"government","operator:wikidata":"Q6580207","source:url":"https://webmaps.sandiego.gov/portal/apps/webappviewer/index.html?id=a70a4dc00702448da5948992b144a98f","surveillance":"outdoor","surveillance:type":"ALPR","surveillance:zone":"town"}},{"type":"Feature","geometry":{"type":"Point","coordinates":[-117.1496218,32.7137422]},"properties":{"camera:mount":"street_lamp","camera:type":"fixed","description":"Two cameras per node. 1 wide angle looking straight down from lamp to capture metadata about vehicle (color, type, roof mounts, etc). 1 telephoto mounted on pole to capture license plate info.","direction":"0;65;130;195;260;325","man_made":"surveillance","manufacturer":"Ubicquia, Inc.","manufacturer:wikidata":"Q138313103","operator":"San Diego Police Department","operator:type":"government","operator:wikidata":"Q6580207","source:url":"https://webmaps.sandiego.gov/portal/apps/webappviewer/index.html?id=a70a4dc00702448da5948992b144a98f","surveillance":"outdoor","surveillance:type":"ALPR","surveillance:zone":"town"}},{"type":"Feature","geometry":{"type":"Point","coordinates":[-117.1584748,32.7136993]},"properties":{"camera:mount":"street_lamp","camera:type":"fixed","description":"Two cameras per node. 1 wide angle looking straight down from lamp to capture metadata about vehicle (color, type, roof mounts, etc). 1 telephoto mounted on pole to capture license plate info.","direction":"0;65;130;195;260;325","man_made":"surveillance","manufacturer":"Ubicquia, Inc.","manufacturer:wikidata":"Q138313103","operator":"San Diego Police Department","operator:type":"government","operator:wikidata":"Q6580207","source:url":"https://webmaps.sandiego.gov/portal/apps/webappviewer/index.html?id=a70a4dc00702448da5948992b144a98f","surveillance":"outdoor","surveillance:type":"ALPR","surveillance:zone":"town"}},{"type":"Feature","geometry":{"type":"Point","coordinates":[-117.1252423,32.7136476]},"properties":{"camera:mount":"street_lamp","camera:type":"fixed","description":"Two cameras per node. 1 wide angle looking straight down from lamp to capture metadata about vehicle (color, type, roof mounts, etc). 1 telephoto mounted on pole to capture license plate info.","direction":"0;65;130;195;260;325","man_made":"surveillance","manufacturer":"Ubicquia, Inc.","manufacturer:wikidata":"Q138313103","operator":"San Diego Police Department","operator:type":"government","operator:wikidata":"Q6580207","source:url":"https://webmaps.sandiego.gov/portal/apps/webappviewer/index.html?id=a70a4dc00702448da5948992b144a98f","surveillance":"outdoor","surveillance:type":"ALPR","surveillance:zone":"town"}},{"type":"Feature","geometry":{"type":"Point","coordinates":[-117.1495525,32.7135608]},"properties":{"camera:mount":"street_lamp","camera:type":"fixed","description":"Two cameras per node. 1 wide angle looking straight down from lamp to capture metadata about vehicle (color, type, roof mounts, etc). 1 telephoto mounted on pole to capture license plate info.","direction":"0;65;130;195;260;325","man_made":"surveillance","manufacturer":"Ubicquia, Inc.","manufacturer:wikidata":"Q138313103","operator":"San Diego Police Department","operator:type":"government","operator:wikidata":"Q6580207","source:url":"https://webmaps.sandiego.gov/portal/apps/webappviewer/index.html?id=a70a4dc00702448da5948992b144a98f","surveillance":"outdoor","surveillance:type":"ALPR","surveillance:zone":"town"}},{"type":"Feature","geometry":{"type":"Point","coordinates":[-117.14869,32.712699]},"properties":{"camera:mount":"street_lamp","camera:type":"fixed","description":"Two cameras per node. 1 wide angle looking straight down from lamp to capture metadata about vehicle (color, type, roof mounts, etc). 1 telephoto mounted on pole to capture license plate info.","direction":"0;65;130;195;260;325","man_made":"surveillance","manufacturer":"Ubicquia, Inc.","manufacturer:wikidata":"Q138313103","operator":"San Diego Police Department","operator:type":"government","operator:wikidata":"Q6580207","source:url":"https://webmaps.sandiego.gov/portal/apps/webappviewer/index.html?id=a70a4dc00702448da5948992b144a98f","surveillance":"outdoor","surveillance:type":"ALPR","surveillance:zone":"town"}},{"type":"Feature","geometry":{"type":"Point","coordinates":[-117.1447443,32.7126086]},"properties":{"camera:mount":"street_lamp","camera:type":"fixed","description":"Two cameras per node. 1 wide angle looking straight down from lamp to capture metadata about vehicle (color, type, roof mounts, etc). 1 telephoto mounted on pole to capture license plate info.","direction":"0;65;130;195;260;325","man_made":"surveillance","manufacturer":"Ubicquia, Inc.","manufacturer:wikidata":"Q138313103","operator":"San Diego Police Department","operator:type":"government","operator:wikidata":"Q6580207","source:url":"https://webmaps.sandiego.gov/portal/apps/webappviewer/index.html?id=a70a4dc00702448da5948992b144a98f","surveillance":"outdoor","surveillance:type":"ALPR","surveillance:zone":"town"}},{"type":"Feature","geometry":{"type":"Point","coordinates":[-117.1486256,32.7125214]},"properties":{"camera:mount":"street_lamp","camera:type":"fixed","description":"Two cameras per node. 1 wide angle looking straight down from lamp to capture metadata about vehicle (color, type, roof mounts, etc). 1 telephoto mounted on pole to capture license plate info.","direction":"0;65;130;195;260;325","man_made":"surveillance","manufacturer":"Ubicquia, Inc.","manufacturer:wikidata":"Q138313103","operator":"San Diego Police Department","operator:type":"government","operator:wikidata":"Q6580207","source:url":"https://webmaps.sandiego.gov/portal/apps/webappviewer/index.html?id=a70a4dc00702448da5948992b144a98f","surveillance":"outdoor","surveillance:type":"ALPR","surveillance:zone":"town"}},{"type":"Feature","geometry":{"type":"Point","coordinates":[-117.160927,32.712505]},"properties":{"camera:type":"fixed","man_made":"surveillance","manufacturer":"Ubicquia","operator":"San Diego Police Department","source:url":"https://webmaps.sandiego.gov/portal/apps/webappviewer/index.html?id=a70a4dc00702448da5948992b144a98f","surveillance":"traffic","surveillance:type":"ALPR","surveillance:zone":"public"}},{"type":"Feature","geometry":{"type":"Point","coordinates":[-117.15934,32.71248]},"properties":{"camera:type":"fixed","man_made":"surveillance","manufacturer":"Ubicquia","operator":"San Diego Police Department","source:url":"https://webmaps.sandiego.gov/portal/apps/webappviewer/index.html?id=a70a4dc00702448da5948992b144a98f","surveillance":"traffic","surveillance:type":"ALPR","surveillance:zone":"public"}},{"type":"Feature","geometry":{"type":"Point","coordinates":[-117.107923,32.732568]},"properties":{"camera:mount":"street_lamp","camera:type":"fixed","description":"Two cameras per node. 1 wide angle looking straight down from lamp to capture metadata about vehicle (color, type, roof mounts, etc). 1 telephoto mounted on pole to capture license plate info.","direction":"0;65;130;195;260;325","man_made":"surveillance","manufacturer":"Ubicquia, Inc.","manufacturer:wikidata":"Q138313103","operator":"San Diego Police Department","operator:type":"government","operator:wikidata":"Q6580207","source:url":"https://webmaps.sandiego.gov/portal/apps/webappviewer/index.html?id=a70a4dc00702448da5948992b144a98f","surveillance":"outdoor","surveillance:type":"ALPR","surveillance:zone":"town"}},{"type":"Feature","geometry":{"type":"Point","coordinates":[-117.0982909,32.7299143]},"properties":{"camera:mount":"street_lamp","camera:type":"fixed","description":"Two cameras per node. 1 wide angle looking straight down from lamp to capture metadata about vehicle (color, type, roof mounts, etc). 1 telephoto mounted on pole to capture license plate info.","direction":"0;65;130;195;260;325","man_made":"surveillance","manufacturer":"Ubicquia, Inc.","manufacturer:wikidata":"Q138313103","operator":"San Diego Police Department","operator:type":"government","operator:wikidata":"Q6580207","source:url":"https://webmaps.sandiego.gov/portal/apps/webappviewer/index.html?id=a70a4dc00702448da5948992b144a98f","surveillance":"outdoor","surveillance:type":"ALPR","surveillance:zone":"town"}},{"type":"Feature","geometry":{"type":"Point","coordinates":[-117.0998564,32.7290075]},"properties":{"camera:mount":"street_lamp","camera:type":"fixed","description":"Two cameras per node. 1 wide angle looking straight down from lamp to capture metadata about vehicle (color, type, roof mounts, etc). 1 telephoto mounted on pole to capture license plate info.","direction":"0;65;130;195;260;325","man_made":"surveillance","manufacturer":"Ubicquia, Inc.","manufacturer:wikidata":"Q138313103","operator":"San Diego Police Department","operator:type":"government","operator:wikidata":"Q6580207","source:url":"https://webmaps.sandiego.gov/portal/apps/webappviewer/index.html?id=a70a4dc00702448da5948992b144a98f","surveillance":"outdoor","surveillance:type":"ALPR","surveillance:zone":"town"}},{"type":"Feature","geometry":{"type":"Point","coordinates":[-117.0996846,32.7287055]},"properties":{"camera:mount":"street_lamp","camera:type":"fixed","description":"Two cameras per node. 1 wide angle looking straight down from lamp to capture metadata about vehicle (color, type, roof mounts, etc). 1 telephoto mounted on pole to capture license plate info.","direction":"0;65;130;195;260;325","man_made":"surveillance","manufacturer":"Ubicquia, Inc.","manufacturer:wikidata":"Q138313103","operator":"San Diego Police Department","operator:type":"government","operator:wikidata":"Q6580207","source:url":"https://webmaps.sandiego.gov/portal/apps/webappviewer/index.html?id=a70a4dc00702448da5948992b144a98f","surveillance":"outdoor","surveillance:type":"ALPR","surveillance:zone":"town"}},{"type":"Feature","geometry":{"type":"Point","coordinates":[-117.0680793,32.7273678]},"properties":{"camera:mount":"street_lamp","camera:type":"fixed","description":"Two cameras per node. 1 wide angle looking straight down from lamp to capture metadata about vehicle (color, type, roof mounts, etc). 1 telephoto mounted on pole to capture license plate info.","direction":"0;65;130;195;260;325","man_made":"surveillance","manufacturer":"Ubicquia, Inc.","manufacturer:wikidata":"Q138313103","operator":"San Diego Police Department","operator:type":"government","operator:wikidata":"Q6580207","source:url":"https://webmaps.sandiego.gov/portal/apps/webappviewer/index.html?id=a70a4dc00702448da5948992b144a98f","surveillance":"outdoor","surveillance:type":"ALPR","surveillance:zone":"town"}},{"type":"Feature","geometry":{"type":"Point","coordinates":[-117.0690605,32.7270687]},"properties":{"camera:mount":"street_lamp","camera:type":"fixed","description":"Two cameras per node. 1 wide angle looking straight down from lamp to capture metadata about vehicle (color, type, roof mounts, etc). 1 telephoto mounted on pole to capture license plate info.","direction":"0;65;130;195;260;325","man_made":"surveillance","manufacturer":"Ubicquia, Inc.","manufacturer:wikidata":"Q138313103","operator":"San Diego Police Department","operator:type":"government","operator:wikidata":"Q6580207","source:url":"https://webmaps.sandiego.gov/portal/apps/webappviewer/index.html?id=a70a4dc00702448da5948992b144a98f","surveillance":"outdoor","surveillance:type":"ALPR","surveillance:zone":"town"}},{"type":"Feature","geometry":{"type":"Point","coordinates":[-117.1687468,32.7266567]},"properties":{"camera:mount":"street_lamp","camera:type":"fixed","description":"Two cameras per node. 1 wide angle looking straight down from lamp to capture metadata about vehicle (color, type, roof mounts, etc). 1 telephoto mounted on pole to capture license plate info.","direction":"0;65;130;195;260;325","man_made":"surveillance","manufacturer":"Ubicquia, Inc.","manufacturer:wikidata":"Q138313103","operator":"San Diego Police Department","operator:type":"government","operator:wikidata":"Q6580207","source:url":"https://webmaps.sandiego.gov/portal/apps/webappviewer/index.html?id=a70a4dc00702448da5948992b144a98f","surveillance":"outdoor","surveillance:type":"ALPR","surveillance:zone":"town"}},{"type":"Feature","geometry":{"type":"Point","coordinates":[-117.07577,32.725512]},"properties":{"camera:mount":"street_lamp","camera:type":"fixed","description":"Two cameras per node. 1 wide angle looking straight down from lamp to capture metadata about vehicle (color, type, roof mounts, etc). 1 telephoto mounted on pole to capture license plate info.","direction":"0;65;130;195;260;325","man_made":"surveillance","manufacturer":"Ubicquia, Inc.","manufacturer:wikidata":"Q138313103","operator":"San Diego Police Department","operator:type":"government","operator:wikidata":"Q6580207","source:url":"https://webmaps.sandiego.gov/portal/apps/webappviewer/index.html?id=a70a4dc00702448da5948992b144a98f","surveillance":"outdoor","surveillance:type":"ALPR","surveillance:zone":"town"}},{"type":"Feature","geometry":{"type":"Point","coordinates":[-117.150788,32.7251426]},"properties":{"camera:mount":"street_lamp","camera:type":"fixed","description":"Two cameras per node. 1 wide angle looking straight down from lamp to capture metadata about vehicle (color, type, roof mounts, etc). 1 telephoto mounted on pole to capture license plate info.","direction":"0;65;130;195;260;325","man_made":"surveillance","manufacturer":"Ubicquia, Inc.","manufacturer:wikidata":"Q138313103","operator":"San Diego Police Department","operator:type":"government","operator:wikidata":"Q6580207","source:url":"https://webmaps.sandiego.gov/portal/apps/webappviewer/index.html?id=a70a4dc00702448da5948992b144a98f","surveillance":"outdoor","surveillance:type":"ALPR","surveillance:zone":"town"}},{"type":"Feature","geometry":{"type":"Point","coordinates":[-117.1699378,32.7250697]},"properties":{"camera:mount":"street_lamp","camera:type":"fixed","description":"Two cameras per node. 1 wide angle looking straight down from lamp to capture metadata about vehicle (color, type, roof mounts, etc). 1 telephoto mounted on pole to capture license plate info.","direction":"0;65;130;195;260;325","man_made":"surveillance","manufacturer":"Ubicquia, Inc.","manufacturer:wikidata":"Q138313103","operator":"San Diego Police Department","operator:type":"government","operator:wikidata":"Q6580207","source:url":"https://webmaps.sandiego.gov/portal/apps/webappviewer/index.html?id=a70a4dc00702448da5948992b144a98f","surveillance":"outdoor","surveillance:type":"ALPR","surveillance:zone":"town"}},{"type":"Feature","geometry":{"type":"Point","coordinates":[-117.1713844,32.7246207]},"properties":{"camera:mount":"street_lamp","camera:type":"fixed","description":"Two cameras per node. 1 wide angle looking straight down from lamp to capture metadata about vehicle (color, type, roof mounts, etc). 1 telephoto mounted on pole to capture license plate info.","direction":"0;65;130;195;260;325","man_made":"surveillance","manufacturer":"Ubicquia, Inc.","manufacturer:wikidata":"Q138313103","operator":"San Diego Police Department","operator:type":"government","operator:wikidata":"Q6580207","source:url":"https://webmaps.sandiego.gov/portal/apps/webappviewer/index.html?id=a70a4dc00702448da5948992b144a98f","surveillance":"outdoor","surveillance:type":"ALPR","surveillance:zone":"town"}},{"type":"Feature","geometry":{"type":"Point","coordinates":[-117.1639909,32.7240649]},"properties":{"camera:mount":"street_lamp","camera:type":"fixed","description":"Two cameras per node. 1 wide angle looking straight down from lamp to capture metadata about vehicle (color, type, roof mounts, etc). 1 telephoto mounted on pole to capture license plate info.","direction":"0;65;130;195;260;325","man_made":"surveillance","manufacturer":"Ubicquia, Inc.","manufacturer:wikidata":"Q138313103","operator":"San Diego Police Department","operator:type":"government","operator:wikidata":"Q6580207","source:url":"https://webmaps.sandiego.gov/portal/apps/webappviewer/index.html?id=a70a4dc00702448da5948992b144a98f","surveillance":"outdoor","surveillance:type":"ALPR","surveillance:zone":"town"}},{"type":"Feature","geometry":{"type":"Point","coordinates":[-117.0779137,32.724011]},"properties":{"camera:mount":"street_lamp","camera:type":"fixed","description":"Two cameras per node. 1 wide angle looking straight down from lamp to capture metadata about vehicle (color, type, roof mounts, etc). 1 telephoto mounted on pole to capture license plate info.","direction":"0;65;130;195;260;325","man_made":"surveillance","manufacturer":"Ubicquia, Inc.","manufacturer:wikidata":"Q138313103","operator":"San Diego Police Department","operator:type":"government","operator:wikidata":"Q6580207","source:url":"https://webmaps.sandiego.gov/portal/apps/webappviewer/index.html?id=a70a4dc00702448da5948992b144a98f","surveillance":"outdoor","surveillance:type":"ALPR","surveillance:zone":"town"}},{"type":"Feature","geometry":{"type":"Point","coordinates":[-117.1077811,32.7232241]},"properties":{"camera:mount":"street_lamp","camera:type":"fixed","description":"Two cameras per node. 1 wide angle looking straight down from lamp to capture metadata about vehicle (color, type, roof mounts, etc). 1 telephoto mounted on pole to capture license plate info.","direction":"0;65;130;195;260;325","man_made":"surveillance","manufacturer":"Ubicquia, Inc.","manufacturer:wikidata":"Q138313103","operator":"San Diego Police Department","operator:type":"government","operator:wikidata":"Q6580207","source:url":"https://webmaps.sandiego.gov/portal/apps/webappviewer/index.html?id=a70a4dc00702448da5948992b144a98f","surveillance":"outdoor","surveillance:type":"ALPR","surveillance:zone":"town"}},{"type":"Feature","geometry":{"type":"Point","coordinates":[-117.1074575,32.7232282]},"properties":{"camera:mount":"street_lamp","camera:type":"fixed","description":"Two cameras per node. 1 wide angle looking straight down from lamp to capture metadata about vehicle (color, type, roof mounts, etc). 1 telephoto mounted on pole to capture license plate info.","direction":"0;65;130;195;260;325","man_made":"surveillance","manufacturer":"Ubicquia, Inc.","manufacturer:wikidata":"Q138313103","operator":"San Diego Police Department","operator:type":"government","operator:wikidata":"Q6580207","source:url":"https://webmaps.sandiego.gov/portal/apps/webappviewer/index.html?id=a70a4dc00702448da5948992b144a98f","surveillance":"outdoor","surveillance:type":"ALPR","surveillance:zone":"town"}},{"type":"Feature","geometry":{"type":"Point","coordinates":[-117.1648694,32.7228942]},"properties":{"camera:mount":"street_lamp","camera:type":"fixed","description":"Two cameras per node. 1 wide angle looking straight down from lamp to capture metadata about vehicle (color, type, roof mounts, etc). 1 telephoto mounted on pole to capture license plate info.","direction":"0;65;130;195;260;325","man_made":"surveillance","manufacturer":"Ubicquia, Inc.","manufacturer:wikidata":"Q138313103","operator":"San Diego Police Department","operator:type":"government","operator:wikidata":"Q6580207","source:url":"https://webmaps.sandiego.gov/portal/apps/webappviewer/index.html?id=a70a4dc00702448da5948992b144a98f","surveillance":"outdoor","surveillance:type":"ALPR","surveillance:zone":"town"}},{"type":"Feature","geometry":{"type":"Point","coordinates":[-117.163034,32.721869]},"properties":{"camera:mount":"street_lamp","camera:type":"fixed","description":"Two cameras per node. 1 wide angle looking straight down from lamp to capture metadata about vehicle (color, type, roof mounts, etc). 1 telephoto mounted on pole to capture license plate info.","direction":"0;65;130;195;260;325","man_made":"surveillance","manufacturer":"Ubicquia, Inc.","manufacturer:wikidata":"Q138313103","operator":"San Diego Police Department","operator:type":"government","operator:wikidata":"Q6580207","source:url":"https://webmaps.sandiego.gov/portal/apps/webappviewer/index.html?id=a70a4dc00702448da5948992b144a98f","surveillance":"outdoor","surveillance:type":"ALPR","surveillance:zone":"town"}},{"type":"Feature","geometry":{"type":"Point","coordinates":[-117.161142,32.712473]},"properties":{"camera:type":"fixed","man_made":"surveillance","manufacturer":"Ubicquia","operator":"San Diego Police Department","source:url":"https://webmaps.sandiego.gov/portal/apps/webappviewer/index.html?id=a70a4dc00702448da5948992b144a98f","surveillance":"traffic","surveillance:type":"ALPR","surveillance:zone":"public"}},{"type":"Feature","geometry":{"type":"Point","coordinates":[-117.1404001,32.7116773]},"properties":{"camera:mount":"street_lamp","camera:type":"fixed","description":"Two cameras per node. 1 wide angle looking straight down from lamp to capture metadata about vehicle (color, type, roof mounts, etc). 1 telephoto mounted on pole to capture license plate info.","direction":"0;65;130;195;260;325","man_made":"surveillance","manufacturer":"Ubicquia, Inc.","manufacturer:wikidata":"Q138313103","operator":"San Diego Police Department","operator:type":"government","operator:wikidata":"Q6580207","source:url":"https://webmaps.sandiego.gov/portal/apps/webappviewer/index.html?id=a70a4dc00702448da5948992b144a98f","surveillance":"outdoor","surveillance:type":"ALPR","surveillance:zone":"town"}},{"type":"Feature","geometry":{"type":"Point","coordinates":[-117.114423,32.711646]},"properties":{"camera:type":"fixed","man_made":"surveillance","manufacturer":"Ubicquia","operator":"San Diego Police Department","source:url":"https://webmaps.sandiego.gov/portal/apps/webappviewer/index.html?id=a70a4dc00702448da5948992b144a98f","surveillance":"traffic","surveillance:type":"ALPR","surveillance:zone":"public"}},{"type":"Feature","geometry":{"type":"Point","coordinates":[-117.1466902,32.711668]},"properties":{"camera:mount":"street_lamp","camera:type":"fixed","description":"Two cameras per node. 1 wide angle looking straight down from lamp to capture metadata about vehicle (color, type, roof mounts, etc). 1 telephoto mounted on pole to capture license plate info.","direction":"0;65;130;195;260;325","man_made":"surveillance","manufacturer":"Ubicquia, Inc.","manufacturer:wikidata":"Q138313103","operator":"San Diego Police Department","operator:type":"government","operator:wikidata":"Q6580207","source:url":"https://webmaps.sandiego.gov/portal/apps/webappviewer/index.html?id=a70a4dc00702448da5948992b144a98f","surveillance":"outdoor","surveillance:type":"ALPR","surveillance:zone":"town"}},{"type":"Feature","geometry":{"type":"Point","coordinates":[-117.1601173,32.7116249]},"properties":{"camera:mount":"street_lamp","camera:type":"fixed","description":"Two cameras per node. 1 wide angle looking straight down from lamp to capture metadata about vehicle (color, type, roof mounts, etc). 1 telephoto mounted on pole to capture license plate info.","direction":"0;65;130;195;260;325","man_made":"surveillance","manufacturer":"Ubicquia, Inc.","manufacturer:wikidata":"Q138313103","operator":"San Diego Police Department","operator:type":"government","operator:wikidata":"Q6580207","source:url":"https://webmaps.sandiego.gov/portal/apps/webappviewer/index.html?id=a70a4dc00702448da5948992b144a98f","surveillance":"outdoor","surveillance:type":"ALPR","surveillance:zone":"town"}},{"type":"Feature","geometry":{"type":"Point","coordinates":[-117.1023777,32.711572]},"properties":{"camera:mount":"street_lamp","camera:type":"fixed","description":"Two cameras per node. 1 wide angle looking straight down from lamp to capture metadata about vehicle (color, type, roof mounts, etc). 1 telephoto mounted on pole to capture license plate info.","direction":"0;65;130;195;260;325","man_made":"surveillance","manufacturer":"Ubicquia, Inc.","manufacturer:wikidata":"Q138313103","operator":"San Diego Police Department","operator:type":"government","operator:wikidata":"Q6580207","source:url":"https://webmaps.sandiego.gov/portal/apps/webappviewer/index.html?id=a70a4dc00702448da5948992b144a98f","surveillance":"outdoor","surveillance:type":"ALPR","surveillance:zone":"town"}},{"type":"Feature","geometry":{"type":"Point","coordinates":[-117.0988635,32.7115608]},"properties":{"camera:mount":"street_lamp","camera:type":"fixed","description":"Two cameras per node. 1 wide angle looking straight down from lamp to capture metadata about vehicle (color, type, roof mounts, etc). 1 telephoto mounted on pole to capture license plate info.","direction":"0;65;130;195;260;325","man_made":"surveillance","manufacturer":"Ubicquia, Inc.","manufacturer:wikidata":"Q138313103","operator":"San Diego Police Department","operator:type":"government","operator:wikidata":"Q6580207","source:url":"https://webmaps.sandiego.gov/portal/apps/webappviewer/index.html?id=a70a4dc00702448da5948992b144a98f","surveillance":"outdoor","surveillance:type":"ALPR","surveillance:zone":"town"}},{"type":"Feature","geometry":{"type":"Point","coordinates":[-117.06413,32.709896]},"properties":{"camera:mount":"street_lamp","camera:type":"fixed","description":"Two cameras per node. 1 wide angle looking straight down from lamp to capture metadata about vehicle (color, type, roof mounts, etc). 1 telephoto mounted on pole to capture license plate info.","direction":"0;65;130;195;260;325","man_made":"surveillance","manufacturer":"Ubicquia, Inc.","manufacturer:wikidata":"Q138313103","operator":"San Diego Police Department","operator:type":"government","operator:wikidata":"Q6580207","source:url":"https://webmaps.sandiego.gov/portal/apps/webappviewer/index.html?id=a70a4dc00702448da5948992b144a98f","surveillance":"outdoor","surveillance:type":"ALPR","surveillance:zone":"town"}},{"type":"Feature","geometry":{"type":"Point","coordinates":[-117.063832,32.709779]},"properties":{"camera:mount":"street_lamp","camera:type":"fixed","description":"Two cameras per node. 1 wide angle looking straight down from lamp to capture metadata about vehicle (color, type, roof mounts, etc). 1 telephoto mounted on pole to capture license plate info.","direction":"0;65;130;195;260;325","man_made":"surveillance","manufacturer":"Ubicquia, Inc.","manufacturer:wikidata":"Q138313103","operator":"San Diego Police Department","operator:type":"government","operator:wikidata":"Q6580207","source:url":"https://webmaps.sandiego.gov/portal/apps/webappviewer/index.html?id=a70a4dc00702448da5948992b144a98f","surveillance":"outdoor","surveillance:type":"ALPR","surveillance:zone":"town"}},{"type":"Feature","geometry":{"type":"Point","coordinates":[-117.1557155,32.7094571]},"properties":{"camera:mount":"street_lamp","camera:type":"fixed","description":"Two cameras per node. 1 wide angle looking straight down from lamp to capture metadata about vehicle (color, type, roof mounts, etc). 1 telephoto mounted on pole to capture license plate info.","direction":"0;65;130;195;260;325","man_made":"surveillance","manufacturer":"Ubicquia, Inc.","manufacturer:wikidata":"Q138313103","operator":"San Diego Police Department","operator:type":"government","operator:wikidata":"Q6580207","source:url":"https://webmaps.sandiego.gov/portal/apps/webappviewer/index.html?id=a70a4dc00702448da5948992b144a98f","surveillance":"outdoor","surveillance:type":"ALPR","surveillance:zone":"town"}},{"type":"Feature","geometry":{"type":"Point","coordinates":[-117.157523,32.709358]},"properties":{"camera:mount":"street_lamp","camera:type":"fixed","description":"Two cameras per node. 1 wide angle looking straight down from lamp to capture metadata about vehicle (color, type, roof mounts, etc). 1 telephoto mounted on pole to capture license plate info.","direction":"0;65;130;195;260;325","man_made":"surveillance","manufacturer":"Ubicquia, Inc.","manufacturer:wikidata":"Q138313103","operator":"San Diego Police Department","operator:type":"government","operator:wikidata":"Q6580207","source:url":"https://webmaps.sandiego.gov/portal/apps/webappviewer/index.html?id=a70a4dc00702448da5948992b144a98f","surveillance":"outdoor","surveillance:type":"ALPR","surveillance:zone":"town"}},{"type":"Feature","geometry":{"type":"Point","coordinates":[-117.1484396,32.7093708]},"properties":{"camera:type":"fixed","man_made":"surveillance","manufacturer":"Ubicquia","operator":"San Diego Police Department","source:url":"https://webmaps.sandiego.gov/portal/apps/webappviewer/index.html?id=a70a4dc00702448da5948992b144a98f","surveillance":"traffic","surveillance:type":"ALPR","surveillance:zone":"public"}},{"type":"Feature","geometry":{"type":"Point","coordinates":[-117.1556046,32.709291]},"properties":{"camera:mount":"street_lamp","camera:type":"fixed","description":"Two cameras per node. 1 wide angle looking straight down from lamp to capture metadata about vehicle (color, type, roof mounts, etc). 1 telephoto mounted on pole to capture license plate info.","direction":"0;65;130;195;260;325","man_made":"surveillance","manufacturer":"Ubicquia, Inc.","manufacturer:wikidata":"Q138313103","operator":"San Diego Police Department","operator:type":"government","operator:wikidata":"Q6580207","source:url":"https://webmaps.sandiego.gov/portal/apps/webappviewer/index.html?id=a70a4dc00702448da5948992b144a98f","surveillance":"outdoor","surveillance:type":"ALPR","surveillance:zone":"town"}},{"type":"Feature","geometry":{"type":"Point","coordinates":[-117.1467904,32.7088385]},"properties":{"camera:mount":"street_lamp","camera:type":"fixed","description":"Two cameras per node. 1 wide angle looking straight down from lamp to capture metadata about vehicle (color, type, roof mounts, etc). 1 telephoto mounted on pole to capture license plate info.","direction":"0;65;130;195;260;325","man_made":"surveillance","manufacturer":"Ubicquia, Inc.","manufacturer:wikidata":"Q138313103","operator":"San Diego Police Department","operator:type":"government","operator:wikidata":"Q6580207","source:url":"https://webmaps.sandiego.gov/portal/apps/webappviewer/index.html?id=a70a4dc00702448da5948992b144a98f","surveillance":"outdoor","surveillance:type":"ALPR","surveillance:zone":"town"}},{"type":"Feature","geometry":{"type":"Point","coordinates":[-117.1582674,32.7073918]},"properties":{"camera:mount":"street_lamp","camera:type":"fixed","description":"Two cameras per node. 1 wide angle looking straight down from lamp to capture metadata about vehicle (color, type, roof mounts, etc). 1 telephoto mounted on pole to capture license plate info.","direction":"0;65;130;195;260;325","man_made":"surveillance","manufacturer":"Ubicquia, Inc.","manufacturer:wikidata":"Q138313103","operator":"San Diego Police Department","operator:type":"government","operator:wikidata":"Q6580207","source:url":"https://webmaps.sandiego.gov/portal/apps/webappviewer/index.html?id=a70a4dc00702448da5948992b144a98f","surveillance":"outdoor","surveillance:type":"ALPR","surveillance:zone":"town"}},{"type":"Feature","geometry":{"type":"Point","coordinates":[-117.1606621,32.707042]},"properties":{"camera:mount":"street_lamp","camera:type":"fixed","description":"Two cameras per node. 1 wide angle looking straight down from lamp to capture metadata about vehicle (color, type, roof mounts, etc). 1 telephoto mounted on pole to capture license plate info.","direction":"0;65;130;195;260;325","man_made":"surveillance","manufacturer":"Ubicquia, Inc.","manufacturer:wikidata":"Q138313103","operator":"San Diego Police Department","operator:type":"government","operator:wikidata":"Q6580207","source:url":"https://webmaps.sandiego.gov/portal/apps/webappviewer/index.html?id=a70a4dc00702448da5948992b144a98f","surveillance":"outdoor","surveillance:type":"ALPR","surveillance:zone":"town"}},{"type":"Feature","geometry":{"type":"Point","coordinates":[-117.1226986,32.7068079]},"properties":{"camera:mount":"street_lamp","camera:type":"fixed","description":"Two cameras per node. 1 wide angle looking straight down from lamp to capture metadata about vehicle (color, type, roof mounts, etc). 1 telephoto mounted on pole to capture license plate info.","direction":"0;65;130;195;260;325","man_made":"surveillance","manufacturer":"Ubicquia, Inc.","manufacturer:wikidata":"Q138313103","operator":"San Diego Police Department","operator:type":"government","operator:wikidata":"Q6580207","source:url":"https://webmaps.sandiego.gov/portal/apps/webappviewer/index.html?id=a70a4dc00702448da5948992b144a98f","surveillance":"outdoor","surveillance:type":"ALPR","surveillance:zone":"town"}},{"type":"Feature","geometry":{"type":"Point","coordinates":[-117.1604624,32.7067753]},"properties":{"camera:mount":"street_lamp","camera:type":"fixed","description":"Two cameras per node. 1 wide angle looking straight down from lamp to capture metadata about vehicle (color, type, roof mounts, etc). 1 telephoto mounted on pole to capture license plate info.","direction":"0;65;130;195;260;325","man_made":"surveillance","manufacturer":"Ubicquia, Inc.","manufacturer:wikidata":"Q138313103","operator":"San Diego Police Department","operator:type":"government","operator:wikidata":"Q6580207","source:url":"https://webmaps.sandiego.gov/portal/apps/webappviewer/index.html?id=a70a4dc00702448da5948992b144a98f","surveillance":"outdoor","surveillance:type":"ALPR","surveillance:zone":"town"}},{"type":"Feature","geometry":{"type":"Point","coordinates":[-117.1213133,32.706674]},"properties":{"camera:mount":"street_lamp","camera:type":"fixed","description":"Two cameras per node. 1 wide angle looking straight down from lamp to capture metadata about vehicle (color, type, roof mounts, etc). 1 telephoto mounted on pole to capture license plate info.","direction":"0;65;130;195;260;325","man_made":"surveillance","manufacturer":"Ubicquia, Inc.","manufacturer:wikidata":"Q138313103","operator":"San Diego Police Department","operator:type":"government","operator:wikidata":"Q6580207","source:url":"https://webmaps.sandiego.gov/portal/apps/webappviewer/index.html?id=a70a4dc00702448da5948992b144a98f","surveillance":"outdoor","surveillance:type":"ALPR","surveillance:zone":"town"}},{"type":"Feature","geometry":{"type":"Point","coordinates":[-117.155723,32.706527]},"properties":{"camera:mount":"street_lamp","camera:type":"fixed","description":"Two cameras per node. 1 wide angle looking straight down from lamp to capture metadata about vehicle (color, type, roof mounts, etc). 1 telephoto mounted on pole to capture license plate info.","direction":"0;65;130;195;260;325","man_made":"surveillance","manufacturer":"Ubicquia, Inc.","manufacturer:wikidata":"Q138313103","operator":"San Diego Police Department","operator:type":"government","operator:wikidata":"Q6580207","source:url":"https://webmaps.sandiego.gov/portal/apps/webappviewer/index.html?id=a70a4dc00702448da5948992b144a98f","surveillance":"outdoor","surveillance:type":"ALPR","surveillance:zone":"town"}},{"type":"Feature","geometry":{"type":"Point","coordinates":[-117.156112,32.706441]},"properties":{"camera:mount":"street_lamp","camera:type":"fixed","description":"Two cameras per node. 1 wide angle looking straight down from lamp to capture metadata about vehicle (color, type, roof mounts, etc). 1 telephoto mounted on pole to capture license plate info.","direction":"0;65;130;195;260;325","man_made":"surveillance","manufacturer":"Ubicquia, Inc.","manufacturer:wikidata":"Q138313103","operator":"San Diego Police Department","operator:type":"government","operator:wikidata":"Q6580207","source:url":"https://webmaps.sandiego.gov/portal/apps/webappviewer/index.html?id=a70a4dc00702448da5948992b144a98f","surveillance":"outdoor","surveillance:type":"ALPR","surveillance:zone":"town"}},{"type":"Feature","geometry":{"type":"Point","coordinates":[-117.1539698,32.7063907]},"properties":{"camera:mount":"street_lamp","camera:type":"fixed","description":"Two cameras per node. 1 wide angle looking straight down from lamp to capture metadata about vehicle (color, type, roof mounts, etc). 1 telephoto mounted on pole to capture license plate info.","direction":"0;65;130;195;260;325","man_made":"surveillance","manufacturer":"Ubicquia, Inc.","manufacturer:wikidata":"Q138313103","operator":"San Diego Police Department","operator:type":"government","operator:wikidata":"Q6580207","source:url":"https://webmaps.sandiego.gov/portal/apps/webappviewer/index.html?id=a70a4dc00702448da5948992b144a98f","surveillance":"outdoor","surveillance:type":"ALPR","surveillance:zone":"town"}},{"type":"Feature","geometry":{"type":"Point","coordinates":[-117.15185,32.7063854]},"properties":{"camera:mount":"street_lamp","camera:type":"fixed","description":"Two cameras per node. 1 wide angle looking straight down from lamp to capture metadata about vehicle (color, type, roof mounts, etc). 1 telephoto mounted on pole to capture license plate info.","direction":"0;65;130;195;260;325","man_made":"surveillance","manufacturer":"Ubicquia, Inc.","manufacturer:wikidata":"Q138313103","operator":"San Diego Police Department","operator:type":"government","operator:wikidata":"Q6580207","source:url":"https://webmaps.sandiego.gov/portal/apps/webappviewer/index.html?id=a70a4dc00702448da5948992b144a98f","surveillance":"outdoor","surveillance:type":"ALPR","surveillance:zone":"town"}},{"type":"Feature","geometry":{"type":"Point","coordinates":[-117.148664,32.7063281]},"properties":{"camera:mount":"street_lamp","camera:type":"fixed","description":"Two cameras per node. 1 wide angle looking straight down from lamp to capture metadata about vehicle (color, type, roof mounts, etc). 1 telephoto mounted on pole to capture license plate info.","direction":"0;65;130;195;260;325","man_made":"surveillance","manufacturer":"Ubicquia, Inc.","manufacturer:wikidata":"Q138313103","operator":"San Diego Police Department","operator:type":"government","operator:wikidata":"Q6580207","source:url":"https://webmaps.sandiego.gov/portal/apps/webappviewer/index.html?id=a70a4dc00702448da5948992b144a98f","surveillance":"outdoor","surveillance:type":"ALPR","surveillance:zone":"town"}},{"type":"Feature","geometry":{"type":"Point","coordinates":[-117.1468379,32.7063294]},"properties":{"camera:mount":"street_lamp","camera:type":"fixed","description":"Two cameras per node. 1 wide angle looking straight down from lamp to capture metadata about vehicle (color, type, roof mounts, etc). 1 telephoto mounted on pole to capture license plate info.","direction":"0;65;130;195;260;325","man_made":"surveillance","manufacturer":"Ubicquia, Inc.","manufacturer:wikidata":"Q138313103","operator":"San Diego Police Department","operator:type":"government","operator:wikidata":"Q6580207","source:url":"https://webmaps.sandiego.gov/portal/apps/webappviewer/index.html?id=a70a4dc00702448da5948992b144a98f","surveillance":"outdoor","surveillance:type":"ALPR","surveillance:zone":"town"}},{"type":"Feature","geometry":{"type":"Point","coordinates":[-117.1536877,32.706235]},"properties":{"camera:mount":"street_lamp","camera:type":"fixed","description":"Two cameras per node. 1 wide angle looking straight down from lamp to capture metadata about vehicle (color, type, roof mounts, etc). 1 telephoto mounted on pole to capture license plate info.","direction":"0;65;130;195;260;325","man_made":"surveillance","manufacturer":"Ubicquia, Inc.","manufacturer:wikidata":"Q138313103","operator":"San Diego Police Department","operator:type":"government","operator:wikidata":"Q6580207","source:url":"https://webmaps.sandiego.gov/portal/apps/webappviewer/index.html?id=a70a4dc00702448da5948992b144a98f","surveillance":"outdoor","surveillance:type":"ALPR","surveillance:zone":"town"}},{"type":"Feature","geometry":{"type":"Point","coordinates":[-117.1484031,32.70624]},"properties":{"camera:mount":"street_lamp","camera:type":"fixed","description":"Two cameras per node. 1 wide angle looking straight down from lamp to capture metadata about vehicle (color, type, roof mounts, etc). 1 telephoto mounted on pole to capture license plate info.","direction":"0;65;130;195;260;325","man_made":"surveillance","manufacturer":"Ubicquia, Inc.","manufacturer:wikidata":"Q138313103","operator":"San Diego Police Department","operator:type":"government","operator:wikidata":"Q6580207","source:url":"https://webmaps.sandiego.gov/portal/apps/webappviewer/index.html?id=a70a4dc00702448da5948992b144a98f","surveillance":"outdoor","surveillance:type":"ALPR","surveillance:zone":"town"}},{"type":"Feature","geometry":{"type":"Point","coordinates":[-117.1534727,32.7208651]},"properties":{"camera:mount":"street_lamp","camera:type":"fixed","description":"Two cameras per node. 1 wide angle looking straight down from lamp to capture metadata about vehicle (color, type, roof mounts, etc). 1 telephoto mounted on pole to capture license plate info.","direction":"0;65;130;195;260;325","man_made":"surveillance","manufacturer":"Ubicquia, Inc.","manufacturer:wikidata":"Q138313103","operator":"San Diego Police Department","operator:type":"government","operator:wikidata":"Q6580207","source:url":"https://webmaps.sandiego.gov/portal/apps/webappviewer/index.html?id=a70a4dc00702448da5948992b144a98f","surveillance":"outdoor","surveillance:type":"ALPR","surveillance:zone":"town"}},{"type":"Feature","geometry":{"type":"Point","coordinates":[-117.168389,32.720804]},"properties":{"camera:mount":"street_lamp","camera:type":"fixed","description":"Two cameras per node. 1 wide angle looking straight down from lamp to capture metadata about vehicle (color, type, roof mounts, etc). 1 telephoto mounted on pole to capture license plate info.","direction":"0;65;130;195;260;325","man_made":"surveillance","manufacturer":"Ubicquia, Inc.","manufacturer:wikidata":"Q138313103","operator":"San Diego Police Department","operator:type":"government","operator:wikidata":"Q6580207","source:url":"https://webmaps.sandiego.gov/portal/apps/webappviewer/index.html?id=a70a4dc00702448da5948992b144a98f","surveillance":"outdoor","surveillance:type":"ALPR","surveillance:zone":"town"}},{"type":"Feature","geometry":{"type":"Point","coordinates":[-117.1538506,32.7206997]},"properties":{"camera:mount":"street_lamp","camera:type":"fixed","description":"Two cameras per node. 1 wide angle looking straight down from lamp to capture metadata about vehicle (color, type, roof mounts, etc). 1 telephoto mounted on pole to capture license plate info.","direction":"0;65;130;195;260;325","man_made":"surveillance","manufacturer":"Ubicquia, Inc.","manufacturer:wikidata":"Q138313103","operator":"San Diego Police Department","operator:type":"government","operator:wikidata":"Q6580207","source:url":"https://webmaps.sandiego.gov/portal/apps/webappviewer/index.html?id=a70a4dc00702448da5948992b144a98f","surveillance":"outdoor","surveillance:type":"ALPR","surveillance:zone":"town"}},{"type":"Feature","geometry":{"type":"Point","coordinates":[-117.0734244,32.7205051]},"properties":{"camera:mount":"street_lamp","camera:type":"fixed","description":"Two cameras per node. 1 wide angle looking straight down from lamp to capture metadata about vehicle (color, type, roof mounts, etc). 1 telephoto mounted on pole to capture license plate info.","direction":"0;65;130;195;260;325","man_made":"surveillance","manufacturer":"Ubicquia, Inc.","manufacturer:wikidata":"Q138313103","operator":"San Diego Police Department","operator:type":"government","operator:wikidata":"Q6580207","source:url":"https://webmaps.sandiego.gov/portal/apps/webappviewer/index.html?id=a70a4dc00702448da5948992b144a98f","surveillance":"outdoor","surveillance:type":"ALPR","surveillance:zone":"town"}},{"type":"Feature","geometry":{"type":"Point","coordinates":[-117.0756707,32.720511]},"properties":{"camera:mount":"street_lamp","camera:type":"fixed","description":"Two cameras per node. 1 wide angle looking straight down from lamp to capture metadata about vehicle (color, type, roof mounts, etc). 1 telephoto mounted on pole to capture license plate info.","direction":"0;65;130;195;260;325","man_made":"surveillance","manufacturer":"Ubicquia, Inc.","manufacturer:wikidata":"Q138313103","operator":"San Diego Police Department","operator:type":"government","operator:wikidata":"Q6580207","source:url":"https://webmaps.sandiego.gov/portal/apps/webappviewer/index.html?id=a70a4dc00702448da5948992b144a98f","surveillance":"outdoor","surveillance:type":"ALPR","surveillance:zone":"town"}},{"type":"Feature","geometry":{"type":"Point","coordinates":[-117.1638274,32.7199926]},"properties":{"camera:mount":"street_lamp","camera:type":"fixed","description":"Two cameras per node. 1 wide angle looking straight down from lamp to capture metadata about vehicle (color, type, roof mounts, etc). 1 telephoto mounted on pole to capture license plate info.","direction":"0;65;130;195;260;325","man_made":"surveillance","manufacturer":"Ubicquia, Inc.","manufacturer:wikidata":"Q138313103","operator":"San Diego Police Department","operator:type":"government","operator:wikidata":"Q6580207","source:url":"https://webmaps.sandiego.gov/portal/apps/webappviewer/index.html?id=a70a4dc00702448da5948992b144a98f","surveillance":"outdoor","surveillance:type":"ALPR","surveillance:zone":"town"}},{"type":"Feature","geometry":{"type":"Point","coordinates":[-117.084862,32.719696]},"properties":{"camera:mount":"street_lamp","camera:type":"fixed","description":"Two cameras per node. 1 wide angle looking straight down from lamp to capture metadata about vehicle (color, type, roof mounts, etc). 1 telephoto mounted on pole to capture license plate info.","direction":"0;65;130;195;260;325","man_made":"surveillance","manufacturer":"Ubicquia, Inc.","manufacturer:wikidata":"Q138313103","operator":"San Diego Police Department","operator:type":"government","operator:wikidata":"Q6580207","source:url":"https://webmaps.sandiego.gov/portal/apps/webappviewer/index.html?id=a70a4dc00702448da5948992b144a98f","surveillance":"outdoor","surveillance:type":"ALPR","surveillance:zone":"town"}},{"type":"Feature","geometry":{"type":"Point","coordinates":[-117.1546924,32.7189779]},"properties":{"camera:mount":"street_lamp","camera:type":"fixed","description":"Two cameras per node. 1 wide angle looking straight down from lamp to capture metadata about vehicle (color, type, roof mounts, etc). 1 telephoto mounted on pole to capture license plate info.","direction":"0;65;130;195;260;325","man_made":"surveillance","manufacturer":"Ubicquia, Inc.","manufacturer:wikidata":"Q138313103","operator":"San Diego Police Department","operator:type":"government","operator:wikidata":"Q6580207","source:url":"https://webmaps.sandiego.gov/portal/apps/webappviewer/index.html?id=a70a4dc00702448da5948992b144a98f","surveillance":"outdoor","surveillance:type":"ALPR","surveillance:zone":"town"}},{"type":"Feature","geometry":{"type":"Point","coordinates":[-117.154794,32.7189536]},"properties":{"camera:mount":"street_lamp","camera:type":"fixed","description":"Two cameras per node. 1 wide angle looking straight down from lamp to capture metadata about vehicle (color, type, roof mounts, etc). 1 telephoto mounted on pole to capture license plate info.","direction":"0;65;130;195;260;325","man_made":"surveillance","manufacturer":"Ubicquia, Inc.","manufacturer:wikidata":"Q138313103","operator":"San Diego Police Department","operator:type":"government","operator:wikidata":"Q6580207","source:url":"https://webmaps.sandiego.gov/portal/apps/webappviewer/index.html?id=a70a4dc00702448da5948992b144a98f","surveillance":"outdoor","surveillance:type":"ALPR","surveillance:zone":"town"}},{"type":"Feature","geometry":{"type":"Point","coordinates":[-117.1084539,32.7189375]},"properties":{"camera:mount":"street_lamp","camera:type":"fixed","description":"Two cameras per node. 1 wide angle looking straight down from lamp to capture metadata about vehicle (color, type, roof mounts, etc). 1 telephoto mounted on pole to capture license plate info.","direction":"0;65;130;195;260;325","man_made":"surveillance","manufacturer":"Ubicquia, Inc.","manufacturer:wikidata":"Q138313103","operator":"San Diego Police Department","operator:type":"government","operator:wikidata":"Q6580207","source:url":"https://webmaps.sandiego.gov/portal/apps/webappviewer/index.html?id=a70a4dc00702448da5948992b144a98f","surveillance":"outdoor","surveillance:type":"ALPR","surveillance:zone":"town"}},{"type":"Feature","geometry":{"type":"Point","coordinates":[-117.0903225,32.7187932]},"properties":{"camera:mount":"street_lamp","camera:type":"fixed","description":"Two cameras per node. 1 wide angle looking straight down from lamp to capture metadata about vehicle (color, type, roof mounts, etc). 1 telephoto mounted on pole to capture license plate info.","direction":"0;65;130;195;260;325","man_made":"surveillance","manufacturer":"Ubicquia, Inc.","manufacturer:wikidata":"Q138313103","operator":"San Diego Police Department","operator:type":"government","operator:wikidata":"Q6580207","source:url":"https://webmaps.sandiego.gov/portal/apps/webappviewer/index.html?id=a70a4dc00702448da5948992b144a98f","surveillance":"outdoor","surveillance:type":"ALPR","surveillance:zone":"town"}},{"type":"Feature","geometry":{"type":"Point","coordinates":[-117.1564207,32.7188322]},"properties":{"camera:mount":"street_lamp","camera:type":"fixed","description":"Two cameras per node. 1 wide angle looking straight down from lamp to capture metadata about vehicle (color, type, roof mounts, etc). 1 telephoto mounted on pole to capture license plate info.","direction":"0;65;130;195;260;325","man_made":"surveillance","manufacturer":"Ubicquia, Inc.","manufacturer:wikidata":"Q138313103","operator":"San Diego Police Department","operator:type":"government","operator:wikidata":"Q6580207","source:url":"https://webmaps.sandiego.gov/portal/apps/webappviewer/index.html?id=a70a4dc00702448da5948992b144a98f","surveillance":"outdoor","surveillance:type":"ALPR","surveillance:zone":"town"}},{"type":"Feature","geometry":{"type":"Point","coordinates":[-117.1538862,32.7187638]},"properties":{"camera:mount":"street_lamp","camera:type":"fixed","description":"Two cameras per node. 1 wide angle looking straight down from lamp to capture metadata about vehicle (color, type, roof mounts, etc). 1 telephoto mounted on pole to capture license plate info.","direction":"0;65;130;195;260;325","man_made":"surveillance","manufacturer":"Ubicquia, Inc.","manufacturer:wikidata":"Q138313103","operator":"San Diego Police Department","operator:type":"government","operator:wikidata":"Q6580207","source:url":"https://webmaps.sandiego.gov/portal/apps/webappviewer/index.html?id=a70a4dc00702448da5948992b144a98f","surveillance":"outdoor","surveillance:type":"ALPR","surveillance:zone":"town"}},{"type":"Feature","geometry":{"type":"Point","coordinates":[-117.1457806,32.7179419]},"properties":{"camera:mount":"street_lamp","camera:type":"fixed","description":"Two cameras per node. 1 wide angle looking straight down from lamp to capture metadata about vehicle (color, type, roof mounts, etc). 1 telephoto mounted on pole to capture license plate info.","direction":"0;65;130;195;260;325","man_made":"surveillance","manufacturer":"Ubicquia, Inc.","manufacturer:wikidata":"Q138313103","operator":"San Diego Police Department","operator:type":"government","operator:wikidata":"Q6580207","source:url":"https://webmaps.sandiego.gov/portal/apps/webappviewer/index.html?id=a70a4dc00702448da5948992b144a98f","surveillance":"outdoor","surveillance:type":"ALPR","surveillance:zone":"town"}},{"type":"Feature","geometry":{"type":"Point","coordinates":[-117.146651,32.717822]},"properties":{"camera:mount":"street_lamp","camera:type":"fixed","description":"Two cameras per node. 1 wide angle looking straight down from lamp to capture metadata about vehicle (color, type, roof mounts, etc). 1 telephoto mounted on pole to capture license plate info.","direction":"0;65;130;195;260;325","man_made":"surveillance","manufacturer":"Ubicquia, Inc.","manufacturer:wikidata":"Q138313103","operator":"San Diego Police Department","operator:type":"government","operator:wikidata":"Q6580207","source:url":"https://webmaps.sandiego.gov/portal/apps/webappviewer/index.html?id=a70a4dc00702448da5948992b144a98f","surveillance":"outdoor","surveillance:type":"ALPR","surveillance:zone":"town"}},{"type":"Feature","geometry":{"type":"Point","coordinates":[-117.1493839,32.7167779]},"properties":{"camera:mount":"street_lamp","camera:type":"fixed","description":"Two cameras per node. 1 wide angle looking straight down from lamp to capture metadata about vehicle (color, type, roof mounts, etc). 1 telephoto mounted on pole to capture license plate info.","direction":"0;65;130;195;260;325","man_made":"surveillance","manufacturer":"Ubicquia, Inc.","manufacturer:wikidata":"Q138313103","operator":"San Diego Police Department","operator:type":"government","operator:wikidata":"Q6580207","source:url":"https://webmaps.sandiego.gov/portal/apps/webappviewer/index.html?id=a70a4dc00702448da5948992b144a98f","surveillance":"outdoor","surveillance:type":"ALPR","surveillance:zone":"town"}},{"type":"Feature","geometry":{"type":"Point","coordinates":[-117.0850999,32.7167165]},"properties":{"camera:mount":"street_lamp","camera:type":"fixed","description":"Two cameras per node. 1 wide angle looking straight down from lamp to capture metadata about vehicle (color, type, roof mounts, etc). 1 telephoto mounted on pole to capture license plate info.","direction":"0;65;130;195;260;325","man_made":"surveillance","manufacturer":"Ubicquia, Inc.","manufacturer:wikidata":"Q138313103","operator":"San Diego Police Department","operator:type":"government","operator:wikidata":"Q6580207","source:url":"https://webmaps.sandiego.gov/portal/apps/webappviewer/index.html?id=a70a4dc00702448da5948992b144a98f","surveillance":"outdoor","surveillance:type":"ALPR","surveillance:zone":"town"}},{"type":"Feature","geometry":{"type":"Point","coordinates":[-117.0936956,32.7166647]},"properties":{"camera:mount":"street_lamp","camera:type":"fixed","description":"Two cameras per node. 1 wide angle looking straight down from lamp to capture metadata about vehicle (color, type, roof mounts, etc). 1 telephoto mounted on pole to capture license plate info.","direction":"0;65;130;195;260;325","man_made":"surveillance","manufacturer":"Ubicquia, Inc.","manufacturer:wikidata":"Q138313103","operator":"San Diego Police Department","operator:type":"government","operator:wikidata":"Q6580207","source:url":"https://webmaps.sandiego.gov/portal/apps/webappviewer/index.html?id=a70a4dc00702448da5948992b144a98f","surveillance":"outdoor","surveillance:type":"ALPR","surveillance:zone":"town"}},{"type":"Feature","geometry":{"type":"Point","coordinates":[-117.128085,32.7159285]},"properties":{"camera:mount":"street_lamp","camera:type":"fixed","description":"Two cameras per node. 1 wide angle looking straight down from lamp to capture metadata about vehicle (color, type, roof mounts, etc). 1 telephoto mounted on pole to capture license plate info.","direction":"0;65;130;195;260;325","man_made":"surveillance","manufacturer":"Ubicquia, Inc.","manufacturer:wikidata":"Q138313103","operator":"San Diego Police Department","operator:type":"government","operator:wikidata":"Q6580207","source:url":"https://webmaps.sandiego.gov/portal/apps/webappviewer/index.html?id=a70a4dc00702448da5948992b144a98f","surveillance":"outdoor","surveillance:type":"ALPR","surveillance:zone":"town"}},{"type":"Feature","geometry":{"type":"Point","coordinates":[-117.1639588,32.7158209]},"properties":{"camera:mount":"street_lamp","camera:type":"fixed","description":"Two cameras per node. 1 wide angle looking straight down from lamp to capture metadata about vehicle (color, type, roof mounts, etc). 1 telephoto mounted on pole to capture license plate info.","direction":"0;65;130;195;260;325","man_made":"surveillance","manufacturer":"Ubicquia, Inc.","manufacturer:wikidata":"Q138313103","operator":"San Diego Police Department","operator:type":"government","operator:wikidata":"Q6580207","source:url":"https://webmaps.sandiego.gov/portal/apps/webappviewer/index.html?id=a70a4dc00702448da5948992b144a98f","surveillance":"outdoor","surveillance:type":"ALPR","surveillance:zone":"town"}},{"type":"Feature","geometry":{"type":"Point","coordinates":[-117.0756149,32.721842]},"properties":{"camera:mount":"street_lamp","camera:type":"fixed","description":"Two cameras per node. 1 wide angle looking straight down from lamp to capture metadata about vehicle (color, type, roof mounts, etc). 1 telephoto mounted on pole to capture license plate info.","direction":"0;65;130;195;260;325","man_made":"surveillance","manufacturer":"Ubicquia, Inc.","manufacturer:wikidata":"Q138313103","operator":"San Diego Police Department","operator:type":"government","operator:wikidata":"Q6580207","source:url":"https://webmaps.sandiego.gov/portal/apps/webappviewer/index.html?id=a70a4dc00702448da5948992b144a98f","surveillance":"outdoor","surveillance:type":"ALPR","surveillance:zone":"town"}},{"type":"Feature","geometry":{"type":"Point","coordinates":[-117.0936603,32.7213312]},"properties":{"camera:mount":"street_lamp","camera:type":"fixed","description":"Two cameras per node. 1 wide angle looking straight down from lamp to capture metadata about vehicle (color, type, roof mounts, etc). 1 telephoto mounted on pole to capture license plate info.","direction":"0;65;130;195;260;325","man_made":"surveillance","manufacturer":"Ubicquia, Inc.","manufacturer:wikidata":"Q138313103","operator":"San Diego Police Department","operator:type":"government","operator:wikidata":"Q6580207","source:url":"https://webmaps.sandiego.gov/portal/apps/webappviewer/index.html?id=a70a4dc00702448da5948992b144a98f","surveillance":"outdoor","surveillance:type":"ALPR","surveillance:zone":"town"}},{"type":"Feature","geometry":{"type":"Point","coordinates":[-117.1401005,32.7115445]},"properties":{"camera:mount":"street_lamp","camera:type":"fixed","description":"Two cameras per node. 1 wide angle looking straight down from lamp to capture metadata about vehicle (color, type, roof mounts, etc). 1 telephoto mounted on pole to capture license plate info.","direction":"0;65;130;195;260;325","man_made":"surveillance","manufacturer":"Ubicquia, Inc.","manufacturer:wikidata":"Q138313103","operator":"San Diego Police Department","operator:type":"government","operator:wikidata":"Q6580207","source:url":"https://webmaps.sandiego.gov/portal/apps/webappviewer/index.html?id=a70a4dc00702448da5948992b144a98f","surveillance":"outdoor","surveillance:type":"ALPR","surveillance:zone":"town"}},{"type":"Feature","geometry":{"type":"Point","coordinates":[-117.1403367,32.7114653]},"properties":{"camera:mount":"street_lamp","camera:type":"fixed","description":"Two cameras per node. 1 wide angle looking straight down from lamp to capture metadata about vehicle (color, type, roof mounts, etc). 1 telephoto mounted on pole to capture license plate info.","direction":"0;65;130;195;260;325","man_made":"surveillance","manufacturer":"Ubicquia, Inc.","manufacturer:wikidata":"Q138313103","operator":"San Diego Police Department","operator:type":"government","operator:wikidata":"Q6580207","source:url":"https://webmaps.sandiego.gov/portal/apps/webappviewer/index.html?id=a70a4dc00702448da5948992b144a98f","surveillance":"outdoor","surveillance:type":"ALPR","surveillance:zone":"town"}},{"type":"Feature","geometry":{"type":"Point","coordinates":[-117.159103,32.711429]},"properties":{"camera:mount":"street_lamp","camera:type":"fixed","description":"Two cameras per node. 1 wide angle looking straight down from lamp to capture metadata about vehicle (color, type, roof mounts, etc). 1 telephoto mounted on pole to capture license plate info.","direction":"0;65;130;195;260;325","man_made":"surveillance","manufacturer":"Ubicquia, Inc.","manufacturer:wikidata":"Q138313103","operator":"San Diego Police Department","operator:type":"government","operator:wikidata":"Q6580207","source:url":"https://webmaps.sandiego.gov/portal/apps/webappviewer/index.html?id=a70a4dc00702448da5948992b144a98f","surveillance":"outdoor","surveillance:type":"ALPR","surveillance:zone":"town"}},{"type":"Feature","geometry":{"type":"Point","coordinates":[-117.11408,32.711418]},"properties":{"camera:type":"fixed","man_made":"surveillance","manufacturer":"Ubicquia","operator":"San Diego Police Department","source:url":"https://webmaps.sandiego.gov/portal/apps/webappviewer/index.html?id=a70a4dc00702448da5948992b144a98f","surveillance":"traffic","surveillance:type":"ALPR","surveillance:zone":"public"}},{"type":"Feature","geometry":{"type":"Point","coordinates":[-117.116687,32.711418]},"properties":{"camera:type":"fixed","man_made":"surveillance","manufacturer":"Ubicquia","operator":"San Diego Police Department","source:url":"https://webmaps.sandiego.gov/portal/apps/webappviewer/index.html?id=a70a4dc00702448da5948992b144a98f","surveillance":"traffic","surveillance:type":"ALPR","surveillance:zone":"public"}},{"type":"Feature","geometry":{"type":"Point","coordinates":[-117.102724,32.711403]},"properties":{"camera:mount":"street_lamp","camera:type":"fixed","description":"Two cameras per node. 1 wide angle looking straight down from lamp to capture metadata about vehicle (color, type, roof mounts, etc). 1 telephoto mounted on pole to capture license plate info.","direction":"0;65;130;195;260;325","man_made":"surveillance","manufacturer":"Ubicquia, Inc.","manufacturer:wikidata":"Q138313103","operator":"San Diego Police Department","operator:type":"government","operator:wikidata":"Q6580207","source:url":"https://webmaps.sandiego.gov/portal/apps/webappviewer/index.html?id=a70a4dc00702448da5948992b144a98f","surveillance":"outdoor","surveillance:type":"ALPR","surveillance:zone":"town"}},{"type":"Feature","geometry":{"type":"Point","coordinates":[-117.1627573,32.7114097]},"properties":{"camera:mount":"street_lamp","camera:type":"fixed","description":"Two cameras per node. 1 wide angle looking straight down from lamp to capture metadata about vehicle (color, type, roof mounts, etc). 1 telephoto mounted on pole to capture license plate info.","direction":"0;65;130;195;260;325","man_made":"surveillance","manufacturer":"Ubicquia, Inc.","manufacturer:wikidata":"Q138313103","operator":"San Diego Police Department","operator:type":"government","operator:wikidata":"Q6580207","source:url":"https://webmaps.sandiego.gov/portal/apps/webappviewer/index.html?id=a70a4dc00702448da5948992b144a98f","surveillance":"outdoor","surveillance:type":"ALPR","surveillance:zone":"town"}},{"type":"Feature","geometry":{"type":"Point","coordinates":[-117.0989464,32.7113719]},"properties":{"camera:mount":"street_lamp","camera:type":"fixed","description":"Two cameras per node. 1 wide angle looking straight down from lamp to capture metadata about vehicle (color, type, roof mounts, etc). 1 telephoto mounted on pole to capture license plate info.","direction":"0;65;130;195;260;325","man_made":"surveillance","manufacturer":"Ubicquia, Inc.","manufacturer:wikidata":"Q138313103","operator":"San Diego Police Department","operator:type":"government","operator:wikidata":"Q6580207","source:url":"https://webmaps.sandiego.gov/portal/apps/webappviewer/index.html?id=a70a4dc00702448da5948992b144a98f","surveillance":"outdoor","surveillance:type":"ALPR","surveillance:zone":"town"}},{"type":"Feature","geometry":{"type":"Point","coordinates":[-117.0508686,32.7113559]},"properties":{"camera:mount":"street_lamp","camera:type":"fixed","description":"Two cameras per node. 1 wide angle looking straight down from lamp to capture metadata about vehicle (color, type, roof mounts, etc). 1 telephoto mounted on pole to capture license plate info.","direction":"0;65;130;195;260;325","man_made":"surveillance","manufacturer":"Ubicquia, Inc.","manufacturer:wikidata":"Q138313103","operator":"San Diego Police Department","operator:type":"government","operator:wikidata":"Q6580207","source:url":"https://webmaps.sandiego.gov/portal/apps/webappviewer/index.html?id=a70a4dc00702448da5948992b144a98f","surveillance":"outdoor","surveillance:type":"ALPR","surveillance:zone":"town"}},{"type":"Feature","geometry":{"type":"Point","coordinates":[-117.1339693,32.7106315]},"properties":{"camera:mount":"street_lamp","camera:type":"fixed","description":"Two cameras per node. 1 wide angle looking straight down from lamp to capture metadata about vehicle (color, type, roof mounts, etc). 1 telephoto mounted on pole to capture license plate info.","direction":"0;65;130;195;260;325","man_made":"surveillance","manufacturer":"Ubicquia, Inc.","manufacturer:wikidata":"Q138313103","operator":"San Diego Police Department","operator:type":"government","operator:wikidata":"Q6580207","source:url":"https://webmaps.sandiego.gov/portal/apps/webappviewer/index.html?id=a70a4dc00702448da5948992b144a98f","surveillance":"outdoor","surveillance:type":"ALPR","surveillance:zone":"town"}},{"type":"Feature","geometry":{"type":"Point","coordinates":[-117.1337413,32.7105348]},"properties":{"camera:mount":"street_lamp","camera:type":"fixed","description":"Two cameras per node. 1 wide angle looking straight down from lamp to capture metadata about vehicle (color, type, roof mounts, etc). 1 telephoto mounted on pole to capture license plate info.","direction":"0;65;130;195;260;325","man_made":"surveillance","manufacturer":"Ubicquia, Inc.","manufacturer:wikidata":"Q138313103","operator":"San Diego Police Department","operator:type":"government","operator:wikidata":"Q6580207","source:url":"https://webmaps.sandiego.gov/portal/apps/webappviewer/index.html?id=a70a4dc00702448da5948992b144a98f","surveillance":"outdoor","surveillance:type":"ALPR","surveillance:zone":"town"}},{"type":"Feature","geometry":{"type":"Point","coordinates":[-117.1339172,32.7104721]},"properties":{"camera:mount":"street_lamp","camera:type":"fixed","description":"Two cameras per node. 1 wide angle looking straight down from lamp to capture metadata about vehicle (color, type, roof mounts, etc). 1 telephoto mounted on pole to capture license plate info.","direction":"0;65;130;195;260;325","man_made":"surveillance","manufacturer":"Ubicquia, Inc.","manufacturer:wikidata":"Q138313103","operator":"San Diego Police Department","operator:type":"government","operator:wikidata":"Q6580207","source:url":"https://webmaps.sandiego.gov/portal/apps/webappviewer/index.html?id=a70a4dc00702448da5948992b144a98f","surveillance":"outdoor","surveillance:type":"ALPR","surveillance:zone":"town"}},{"type":"Feature","geometry":{"type":"Point","coordinates":[-117.13379,32.71012]},"properties":{"camera:type":"fixed","man_made":"surveillance","manufacturer":"Ubicquia","operator":"San Diego Police Department","source:url":"https://webmaps.sandiego.gov/portal/apps/webappviewer/index.html?id=a70a4dc00702448da5948992b144a98f","surveillance":"traffic","surveillance:type":"ALPR","surveillance:zone":"public"}},{"type":"Feature","geometry":{"type":"Point","coordinates":[-117.1339623,32.6939147]},"properties":{"camera:mount":"street_lamp","camera:type":"fixed","description":"Two cameras per node. 1 wide angle looking straight down from lamp to capture metadata about vehicle (color, type, roof mounts, etc). 1 telephoto mounted on pole to capture license plate info.","direction":"0;65;130;195;260;325","man_made":"surveillance","manufacturer":"Ubicquia, Inc.","manufacturer:wikidata":"Q138313103","operator":"San Diego Police Department","operator:type":"government","operator:wikidata":"Q6580207","source:url":"https://webmaps.sandiego.gov/portal/apps/webappviewer/index.html?id=a70a4dc00702448da5948992b144a98f","surveillance":"outdoor","surveillance:type":"ALPR","surveillance:zone":"town"}},{"type":"Feature","geometry":{"type":"Point","coordinates":[-117.102347,32.6937523]},"properties":{"camera:mount":"street_lamp","camera:type":"fixed","description":"Two cameras per node. 1 wide angle looking straight down from lamp to capture metadata about vehicle (color, type, roof mounts, etc). 1 telephoto mounted on pole to capture license plate info.","direction":"0;65;130;195;260;325","man_made":"surveillance","manufacturer":"Ubicquia, Inc.","manufacturer:wikidata":"Q138313103","operator":"San Diego Police Department","operator:type":"government","operator:wikidata":"Q6580207","source:url":"https://webmaps.sandiego.gov/portal/apps/webappviewer/index.html?id=a70a4dc00702448da5948992b144a98f","surveillance":"outdoor","surveillance:type":"ALPR","surveillance:zone":"town"}},{"type":"Feature","geometry":{"type":"Point","coordinates":[-117.1338834,32.6937322]},"properties":{"camera:mount":"street_lamp","camera:type":"fixed","description":"Two cameras per node. 1 wide angle looking straight down from lamp to capture metadata about vehicle (color, type, roof mounts, etc). 1 telephoto mounted on pole to capture license plate info.","direction":"0;65;130;195;260;325","man_made":"surveillance","manufacturer":"Ubicquia, Inc.","manufacturer:wikidata":"Q138313103","operator":"San Diego Police Department","operator:type":"government","operator:wikidata":"Q6580207","source:url":"https://webmaps.sandiego.gov/portal/apps/webappviewer/index.html?id=a70a4dc00702448da5948992b144a98f","surveillance":"outdoor","surveillance:type":"ALPR","surveillance:zone":"town"}},{"type":"Feature","geometry":{"type":"Point","coordinates":[-117.1025186,32.6930644]},"properties":{"camera:mount":"street_lamp","camera:type":"fixed","description":"Two cameras per node. 1 wide angle looking straight down from lamp to capture metadata about vehicle (color, type, roof mounts, etc). 1 telephoto mounted on pole to capture license plate info.","direction":"0;65;130;195;260;325","man_made":"surveillance","manufacturer":"Ubicquia, Inc.","manufacturer:wikidata":"Q138313103","operator":"San Diego Police Department","operator:type":"government","operator:wikidata":"Q6580207","source:url":"https://webmaps.sandiego.gov/portal/apps/webappviewer/index.html?id=a70a4dc00702448da5948992b144a98f","surveillance":"outdoor","surveillance:type":"ALPR","surveillance:zone":"town"}},{"type":"Feature","geometry":{"type":"Point","coordinates":[-117.0850637,32.6929352]},"properties":{"camera:mount":"street_lamp","camera:type":"fixed","description":"Two cameras per node. 1 wide angle looking straight down from lamp to capture metadata about vehicle (color, type, roof mounts, etc). 1 telephoto mounted on pole to capture license plate info.","direction":"0;65;130;195;260;325","man_made":"surveillance","manufacturer":"Ubicquia, Inc.","manufacturer:wikidata":"Q138313103","operator":"San Diego Police Department","operator:type":"government","operator:wikidata":"Q6580207","source:url":"https://webmaps.sandiego.gov/portal/apps/webappviewer/index.html?id=a70a4dc00702448da5948992b144a98f","surveillance":"outdoor","surveillance:type":"ALPR","surveillance:zone":"town"}},{"type":"Feature","geometry":{"type":"Point","coordinates":[-117.0852413,32.6927098]},"properties":{"camera:mount":"street_lamp","camera:type":"fixed","description":"Two cameras per node. 1 wide angle looking straight down from lamp to capture metadata about vehicle (color, type, roof mounts, etc). 1 telephoto mounted on pole to capture license plate info.","direction":"0;65;130;195;260;325","man_made":"surveillance","manufacturer":"Ubicquia, Inc.","manufacturer:wikidata":"Q138313103","operator":"San Diego Police Department","operator:type":"government","operator:wikidata":"Q6580207","source:url":"https://webmaps.sandiego.gov/portal/apps/webappviewer/index.html?id=a70a4dc00702448da5948992b144a98f","surveillance":"outdoor","surveillance:type":"ALPR","surveillance:zone":"town"}},{"type":"Feature","geometry":{"type":"Point","coordinates":[-117.1444469,32.7014355]},"properties":{"camera:mount":"street_lamp","camera:type":"fixed","description":"Two cameras per node. 1 wide angle looking straight down from lamp to capture metadata about vehicle (color, type, roof mounts, etc). 1 telephoto mounted on pole to capture license plate info.","direction":"0;65;130;195;260;325","man_made":"surveillance","manufacturer":"Ubicquia, Inc.","manufacturer:wikidata":"Q138313103","operator":"San Diego Police Department","operator:type":"government","operator:wikidata":"Q6580207","source:url":"https://webmaps.sandiego.gov/portal/apps/webappviewer/index.html?id=a70a4dc00702448da5948992b144a98f","surveillance":"outdoor","surveillance:type":"ALPR","surveillance:zone":"town"}},{"type":"Feature","geometry":{"type":"Point","coordinates":[-117.1169152,32.7013159]},"properties":{"camera:mount":"street_lamp","camera:type":"fixed","description":"Two cameras per node. 1 wide angle looking straight down from lamp to capture metadata about vehicle (color, type, roof mounts, etc). 1 telephoto mounted on pole to capture license plate info.","direction":"0;65;130;195;260;325","man_made":"surveillance","manufacturer":"Ubicquia, Inc.","manufacturer:wikidata":"Q138313103","operator":"San Diego Police Department","operator:type":"government","operator:wikidata":"Q6580207","source:url":"https://webmaps.sandiego.gov/portal/apps/webappviewer/index.html?id=a70a4dc00702448da5948992b144a98f","surveillance":"outdoor","surveillance:type":"ALPR","surveillance:zone":"town"}},{"type":"Feature","geometry":{"type":"Point","coordinates":[-117.144202,32.7013186]},"properties":{"camera:mount":"street_lamp","camera:type":"fixed","description":"Two cameras per node. 1 wide angle looking straight down from lamp to capture metadata about vehicle (color, type, roof mounts, etc). 1 telephoto mounted on pole to capture license plate info.","direction":"0;65;130;195;260;325","man_made":"surveillance","manufacturer":"Ubicquia, Inc.","manufacturer:wikidata":"Q138313103","operator":"San Diego Police Department","operator:type":"government","operator:wikidata":"Q6580207","source:url":"https://webmaps.sandiego.gov/portal/apps/webappviewer/index.html?id=a70a4dc00702448da5948992b144a98f","surveillance":"outdoor","surveillance:type":"ALPR","surveillance:zone":"town"}},{"type":"Feature","geometry":{"type":"Point","coordinates":[-117.108142,32.701207]},"properties":{"camera:mount":"street_lamp","camera:type":"fixed","description":"Two cameras per node. 1 wide angle looking straight down from lamp to capture metadata about vehicle (color, type, roof mounts, etc). 1 telephoto mounted on pole to capture license plate info.","direction":"0;65;130;195;260;325","man_made":"surveillance","manufacturer":"Ubicquia, Inc.","manufacturer:wikidata":"Q138313103","operator":"San Diego Police Department","operator:type":"government","operator:wikidata":"Q6580207","source:url":"https://webmaps.sandiego.gov/portal/apps/webappviewer/index.html?id=a70a4dc00702448da5948992b144a98f","surveillance":"outdoor","surveillance:type":"ALPR","surveillance:zone":"town"}},{"type":"Feature","geometry":{"type":"Point","coordinates":[-117.118172,32.701183]},"properties":{"camera:mount":"street_lamp","camera:type":"fixed","description":"Two cameras per node. 1 wide angle looking straight down from lamp to capture metadata about vehicle (color, type, roof mounts, etc). 1 telephoto mounted on pole to capture license plate info.","direction":"0;65;130;195;260;325","man_made":"surveillance","manufacturer":"Ubicquia, Inc.","manufacturer:wikidata":"Q138313103","operator":"San Diego Police Department","operator:type":"government","operator:wikidata":"Q6580207","source:url":"https://webmaps.sandiego.gov/portal/apps/webappviewer/index.html?id=a70a4dc00702448da5948992b144a98f","surveillance":"outdoor","surveillance:type":"ALPR","surveillance:zone":"town"}},{"type":"Feature","geometry":{"type":"Point","coordinates":[-117.123794,32.701161]},"properties":{"camera:mount":"street_lamp","camera:type":"fixed","description":"Two cameras per node. 1 wide angle looking straight down from lamp to capture metadata about vehicle (color, type, roof mounts, etc). 1 telephoto mounted on pole to capture license plate info.","direction":"0;65;130;195;260;325","man_made":"surveillance","manufacturer":"Ubicquia, Inc.","manufacturer:wikidata":"Q138313103","operator":"San Diego Police Department","operator:type":"government","operator:wikidata":"Q6580207","source:url":"https://webmaps.sandiego.gov/portal/apps/webappviewer/index.html?id=a70a4dc00702448da5948992b144a98f","surveillance":"outdoor","surveillance:type":"ALPR","surveillance:zone":"town"}},{"type":"Feature","geometry":{"type":"Point","coordinates":[-117.131582,32.70113]},"properties":{"camera:mount":"street_lamp","camera:type":"fixed","description":"Two cameras per node. 1 wide angle looking straight down from lamp to capture metadata about vehicle (color, type, roof mounts, etc). 1 telephoto mounted on pole to capture license plate info.","direction":"0;65;130;195;260;325","man_made":"surveillance","manufacturer":"Ubicquia, Inc.","manufacturer:wikidata":"Q138313103","operator":"San Diego Police Department","operator:type":"government","operator:wikidata":"Q6580207","source:url":"https://webmaps.sandiego.gov/portal/apps/webappviewer/index.html?id=a70a4dc00702448da5948992b144a98f","surveillance":"outdoor","surveillance:type":"ALPR","surveillance:zone":"town"}},{"type":"Feature","geometry":{"type":"Point","coordinates":[-117.1308678,32.7011235]},"properties":{"camera:mount":"street_lamp","camera:type":"fixed","description":"Two cameras per node. 1 wide angle looking straight down from lamp to capture metadata about vehicle (color, type, roof mounts, etc). 1 telephoto mounted on pole to capture license plate info.","direction":"0;65;130;195;260;325","man_made":"surveillance","manufacturer":"Ubicquia, Inc.","manufacturer:wikidata":"Q138313103","operator":"San Diego Police Department","operator:type":"government","operator:wikidata":"Q6580207","source:url":"https://webmaps.sandiego.gov/portal/apps/webappviewer/index.html?id=a70a4dc00702448da5948992b144a98f","surveillance":"outdoor","surveillance:type":"ALPR","surveillance:zone":"town"}},{"type":"Feature","geometry":{"type":"Point","coordinates":[-117.1296017,32.7010659]},"properties":{"camera:mount":"street_lamp","camera:type":"fixed","description":"Two cameras per node. 1 wide angle looking straight down from lamp to capture metadata about vehicle (color, type, roof mounts, etc). 1 telephoto mounted on pole to capture license plate info.","direction":"0;65;130;195;260;325","man_made":"surveillance","manufacturer":"Ubicquia, Inc.","manufacturer:wikidata":"Q138313103","operator":"San Diego Police Department","operator:type":"government","operator:wikidata":"Q6580207","source:url":"https://webmaps.sandiego.gov/portal/apps/webappviewer/index.html?id=a70a4dc00702448da5948992b144a98f","surveillance":"outdoor","surveillance:type":"ALPR","surveillance:zone":"town"}},{"type":"Feature","geometry":{"type":"Point","coordinates":[-117.1437378,32.701004]},"properties":{"camera:mount":"street_lamp","camera:type":"fixed","description":"Two cameras per node. 1 wide angle looking straight down from lamp to capture metadata about vehicle (color, type, roof mounts, etc). 1 telephoto mounted on pole to capture license plate info.","direction":"0;65;130;195;260;325","man_made":"surveillance","manufacturer":"Ubicquia, Inc.","manufacturer:wikidata":"Q138313103","operator":"San Diego Police Department","operator:type":"government","operator:wikidata":"Q6580207","source:url":"https://webmaps.sandiego.gov/portal/apps/webappviewer/index.html?id=a70a4dc00702448da5948992b144a98f","surveillance":"outdoor","surveillance:type":"ALPR","surveillance:zone":"town"}},{"type":"Feature","geometry":{"type":"Point","coordinates":[-117.1426503,32.700241]},"properties":{"camera:mount":"street_lamp","camera:type":"fixed","description":"Two cameras per node. 1 wide angle looking straight down from lamp to capture metadata about vehicle (color, type, roof mounts, etc). 1 telephoto mounted on pole to capture license plate info.","direction":"0;65;130;195;260;325","man_made":"surveillance","manufacturer":"Ubicquia, Inc.","manufacturer:wikidata":"Q138313103","operator":"San Diego Police Department","operator:type":"government","operator:wikidata":"Q6580207","source:url":"https://webmaps.sandiego.gov/portal/apps/webappviewer/index.html?id=a70a4dc00702448da5948992b144a98f","surveillance":"outdoor","surveillance:type":"ALPR","surveillance:zone":"town"}},{"type":"Feature","geometry":{"type":"Point","coordinates":[-117.1338161,32.6999872]},"properties":{"camera:mount":"street_lamp","camera:type":"fixed","description":"Two cameras per node. 1 wide angle looking straight down from lamp to capture metadata about vehicle (color, type, roof mounts, etc). 1 telephoto mounted on pole to capture license plate info.","direction":"0;65;130;195;260;325","man_made":"surveillance","manufacturer":"Ubicquia, Inc.","manufacturer:wikidata":"Q138313103","operator":"San Diego Police Department","operator:type":"government","operator:wikidata":"Q6580207","source:url":"https://webmaps.sandiego.gov/portal/apps/webappviewer/index.html?id=a70a4dc00702448da5948992b144a98f","surveillance":"outdoor","surveillance:type":"ALPR","surveillance:zone":"town"}},{"type":"Feature","geometry":{"type":"Point","coordinates":[-117.1066074,32.6999944]},"properties":{"camera:mount":"street_lamp","camera:type":"fixed","description":"Two cameras per node. 1 wide angle looking straight down from lamp to capture metadata about vehicle (color, type, roof mounts, etc). 1 telephoto mounted on pole to capture license plate info.","direction":"0;65;130;195;260;325","man_made":"surveillance","manufacturer":"Ubicquia, Inc.","manufacturer:wikidata":"Q138313103","operator":"San Diego Police Department","operator:type":"government","operator:wikidata":"Q6580207","source:url":"https://webmaps.sandiego.gov/portal/apps/webappviewer/index.html?id=a70a4dc00702448da5948992b144a98f","surveillance":"outdoor","surveillance:type":"ALPR","surveillance:zone":"town"}},{"type":"Feature","geometry":{"type":"Point","coordinates":[-117.1440179,32.6998601]},"properties":{"camera:mount":"street_lamp","camera:type":"fixed","description":"Two cameras per node. 1 wide angle looking straight down from lamp to capture metadata about vehicle (color, type, roof mounts, etc). 1 telephoto mounted on pole to capture license plate info.","direction":"0;65;130;195;260;325","man_made":"surveillance","manufacturer":"Ubicquia, Inc.","manufacturer:wikidata":"Q138313103","operator":"San Diego Police Department","operator:type":"government","operator:wikidata":"Q6580207","source:url":"https://webmaps.sandiego.gov/portal/apps/webappviewer/index.html?id=a70a4dc00702448da5948992b144a98f","surveillance":"outdoor","surveillance:type":"ALPR","surveillance:zone":"town"}},{"type":"Feature","geometry":{"type":"Point","coordinates":[-117.0905708,32.6997025]},"properties":{"camera:mount":"street_lamp","camera:type":"fixed","description":"Two cameras per node. 1 wide angle looking straight down from lamp to capture metadata about vehicle (color, type, roof mounts, etc). 1 telephoto mounted on pole to capture license plate info.","direction":"0;65;130;195;260;325","man_made":"surveillance","manufacturer":"Ubicquia, Inc.","manufacturer:wikidata":"Q138313103","operator":"San Diego Police Department","operator:type":"government","operator:wikidata":"Q6580207","source:url":"https://webmaps.sandiego.gov/portal/apps/webappviewer/index.html?id=a70a4dc00702448da5948992b144a98f","surveillance":"outdoor","surveillance:type":"ALPR","surveillance:zone":"town"}},{"type":"Feature","geometry":{"type":"Point","coordinates":[-117.1434784,32.6996475]},"properties":{"camera:mount":"street_lamp","camera:type":"fixed","description":"Two cameras per node. 1 wide angle looking straight down from lamp to capture metadata about vehicle (color, type, roof mounts, etc). 1 telephoto mounted on pole to capture license plate info.","direction":"0;65;130;195;260;325","man_made":"surveillance","manufacturer":"Ubicquia, Inc.","manufacturer:wikidata":"Q138313103","operator":"San Diego Police Department","operator:type":"government","operator:wikidata":"Q6580207","source:url":"https://webmaps.sandiego.gov/portal/apps/webappviewer/index.html?id=a70a4dc00702448da5948992b144a98f","surveillance":"outdoor","surveillance:type":"ALPR","surveillance:zone":"town"}},{"type":"Feature","geometry":{"type":"Point","coordinates":[-117.1423929,32.6988905]},"properties":{"camera:mount":"street_lamp","camera:type":"fixed","description":"Two cameras per node. 1 wide angle looking straight down from lamp to capture metadata about vehicle (color, type, roof mounts, etc). 1 telephoto mounted on pole to capture license plate info.","direction":"0;65;130;195;260;325","man_made":"surveillance","manufacturer":"Ubicquia, Inc.","manufacturer:wikidata":"Q138313103","operator":"San Diego Police Department","operator:type":"government","operator:wikidata":"Q6580207","source:url":"https://webmaps.sandiego.gov/portal/apps/webappviewer/index.html?id=a70a4dc00702448da5948992b144a98f","surveillance":"outdoor","surveillance:type":"ALPR","surveillance:zone":"town"}},{"type":"Feature","geometry":{"type":"Point","coordinates":[-117.0906132,32.6987945]},"properties":{"camera:mount":"street_lamp","camera:type":"fixed","description":"Two cameras per node. 1 wide angle looking straight down from lamp to capture metadata about vehicle (color, type, roof mounts, etc). 1 telephoto mounted on pole to capture license plate info.","direction":"0;65;130;195;260;325","man_made":"surveillance","manufacturer":"Ubicquia, Inc.","manufacturer:wikidata":"Q138313103","operator":"San Diego Police Department","operator:type":"government","operator:wikidata":"Q6580207","source:url":"https://webmaps.sandiego.gov/portal/apps/webappviewer/index.html?id=a70a4dc00702448da5948992b144a98f","surveillance":"outdoor","surveillance:type":"ALPR","surveillance:zone":"town"}},{"type":"Feature","geometry":{"type":"Point","coordinates":[-117.1070989,32.698806]},"properties":{"camera:mount":"street_lamp","camera:type":"fixed","description":"Two cameras per node. 1 wide angle looking straight down from lamp to capture metadata about vehicle (color, type, roof mounts, etc). 1 telephoto mounted on pole to capture license plate info.","direction":"0;65;130;195;260;325","man_made":"surveillance","manufacturer":"Ubicquia, Inc.","manufacturer:wikidata":"Q138313103","operator":"San Diego Police Department","operator:type":"government","operator:wikidata":"Q6580207","source:url":"https://webmaps.sandiego.gov/portal/apps/webappviewer/index.html?id=a70a4dc00702448da5948992b144a98f","surveillance":"outdoor","surveillance:type":"ALPR","surveillance:zone":"town"}},{"type":"Feature","geometry":{"type":"Point","coordinates":[-117.091635,32.6987649]},"properties":{"camera:mount":"street_lamp","camera:type":"fixed","description":"Two cameras per node. 1 wide angle looking straight down from lamp to capture metadata about vehicle (color, type, roof mounts, etc). 1 telephoto mounted on pole to capture license plate info.","direction":"0;65;130;195;260;325","man_made":"surveillance","manufacturer":"Ubicquia, Inc.","manufacturer:wikidata":"Q138313103","operator":"San Diego Police Department","operator:type":"government","operator:wikidata":"Q6580207","source:url":"https://webmaps.sandiego.gov/portal/apps/webappviewer/index.html?id=a70a4dc00702448da5948992b144a98f","surveillance":"outdoor","surveillance:type":"ALPR","surveillance:zone":"town"}},{"type":"Feature","geometry":{"type":"Point","coordinates":[-117.1518715,32.705489]},"properties":{"camera:mount":"street_lamp","camera:type":"fixed","description":"Two cameras per node. 1 wide angle looking straight down from lamp to capture metadata about vehicle (color, type, roof mounts, etc). 1 telephoto mounted on pole to capture license plate info.","direction":"0;65;130;195;260;325","man_made":"surveillance","manufacturer":"Ubicquia, Inc.","manufacturer:wikidata":"Q138313103","operator":"San Diego Police Department","operator:type":"government","operator:wikidata":"Q6580207","source:url":"https://webmaps.sandiego.gov/portal/apps/webappviewer/index.html?id=a70a4dc00702448da5948992b144a98f","surveillance":"outdoor","surveillance:type":"ALPR","surveillance:zone":"town"}},{"type":"Feature","geometry":{"type":"Point","coordinates":[-117.0936323,32.7051755]},"properties":{"camera:mount":"street_lamp","camera:type":"fixed","description":"Two cameras per node. 1 wide angle looking straight down from lamp to capture metadata about vehicle (color, type, roof mounts, etc). 1 telephoto mounted on pole to capture license plate info.","direction":"0;65;130;195;260;325","man_made":"surveillance","manufacturer":"Ubicquia, Inc.","manufacturer:wikidata":"Q138313103","operator":"San Diego Police Department","operator:type":"government","operator:wikidata":"Q6580207","source:url":"https://webmaps.sandiego.gov/portal/apps/webappviewer/index.html?id=a70a4dc00702448da5948992b144a98f","surveillance":"outdoor","surveillance:type":"ALPR","surveillance:zone":"town"}},{"type":"Feature","geometry":{"type":"Point","coordinates":[-117.0938265,32.7050065]},"properties":{"camera:mount":"street_lamp","camera:type":"fixed","description":"Two cameras per node. 1 wide angle looking straight down from lamp to capture metadata about vehicle (color, type, roof mounts, etc). 1 telephoto mounted on pole to capture license plate info.","direction":"0;65;130;195;260;325","man_made":"surveillance","manufacturer":"Ubicquia, Inc.","manufacturer:wikidata":"Q138313103","operator":"San Diego Police Department","operator:type":"government","operator:wikidata":"Q6580207","source:url":"https://webmaps.sandiego.gov/portal/apps/webappviewer/index.html?id=a70a4dc00702448da5948992b144a98f","surveillance":"outdoor","surveillance:type":"ALPR","surveillance:zone":"town"}},{"type":"Feature","geometry":{"type":"Point","coordinates":[-117.0849304,32.7048233]},"properties":{"camera:mount":"street_lamp","camera:type":"fixed","description":"Two cameras per node. 1 wide angle looking straight down from lamp to capture metadata about vehicle (color, type, roof mounts, etc). 1 telephoto mounted on pole to capture license plate info.","direction":"0;65;130;195;260;325","man_made":"surveillance","manufacturer":"Ubicquia, Inc.","manufacturer:wikidata":"Q138313103","operator":"San Diego Police Department","operator:type":"government","operator:wikidata":"Q6580207","source:url":"https://webmaps.sandiego.gov/portal/apps/webappviewer/index.html?id=a70a4dc00702448da5948992b144a98f","surveillance":"outdoor","surveillance:type":"ALPR","surveillance:zone":"town"}},{"type":"Feature","geometry":{"type":"Point","coordinates":[-117.148737,32.7046343]},"properties":{"camera:mount":"street_lamp","camera:type":"fixed","description":"Two cameras per node. 1 wide angle looking straight down from lamp to capture metadata about vehicle (color, type, roof mounts, etc). 1 telephoto mounted on pole to capture license plate info.","direction":"0;65;130;195;260;325","man_made":"surveillance","manufacturer":"Ubicquia, Inc.","manufacturer:wikidata":"Q138313103","operator":"San Diego Police Department","operator:type":"government","operator:wikidata":"Q6580207","source:url":"https://webmaps.sandiego.gov/portal/apps/webappviewer/index.html?id=a70a4dc00702448da5948992b144a98f","surveillance":"outdoor","surveillance:type":"ALPR","surveillance:zone":"town"}},{"type":"Feature","geometry":{"type":"Point","coordinates":[-117.0852256,32.7045829]},"properties":{"camera:mount":"street_lamp","camera:type":"fixed","description":"Two cameras per node. 1 wide angle looking straight down from lamp to capture metadata about vehicle (color, type, roof mounts, etc). 1 telephoto mounted on pole to capture license plate info.","direction":"0;65;130;195;260;325","man_made":"surveillance","manufacturer":"Ubicquia, Inc.","manufacturer:wikidata":"Q138313103","operator":"San Diego Police Department","operator:type":"government","operator:wikidata":"Q6580207","source:url":"https://webmaps.sandiego.gov/portal/apps/webappviewer/index.html?id=a70a4dc00702448da5948992b144a98f","surveillance":"outdoor","surveillance:type":"ALPR","surveillance:zone":"town"}},{"type":"Feature","geometry":{"type":"Point","coordinates":[-117.0848136,32.7045384]},"properties":{"camera:mount":"street_lamp","camera:type":"fixed","description":"Two cameras per node. 1 wide angle looking straight down from lamp to capture metadata about vehicle (color, type, roof mounts, etc). 1 telephoto mounted on pole to capture license plate info.","direction":"0;65;130;195;260;325","man_made":"surveillance","manufacturer":"Ubicquia, Inc.","manufacturer:wikidata":"Q138313103","operator":"San Diego Police Department","operator:type":"government","operator:wikidata":"Q6580207","source:url":"https://webmaps.sandiego.gov/portal/apps/webappviewer/index.html?id=a70a4dc00702448da5948992b144a98f","surveillance":"outdoor","surveillance:type":"ALPR","surveillance:zone":"town"}},{"type":"Feature","geometry":{"type":"Point","coordinates":[-117.0920206,32.7042505]},"properties":{"camera:mount":"street_lamp","camera:type":"fixed","description":"Two cameras per node. 1 wide angle looking straight down from lamp to capture metadata about vehicle (color, type, roof mounts, etc). 1 telephoto mounted on pole to capture license plate info.","direction":"0;65;130;195;260;325","man_made":"surveillance","manufacturer":"Ubicquia, Inc.","manufacturer:wikidata":"Q138313103","operator":"San Diego Police Department","operator:type":"government","operator:wikidata":"Q6580207","source:url":"https://webmaps.sandiego.gov/portal/apps/webappviewer/index.html?id=a70a4dc00702448da5948992b144a98f","surveillance":"outdoor","surveillance:type":"ALPR","surveillance:zone":"town"}},{"type":"Feature","geometry":{"type":"Point","coordinates":[-117.0851592,32.7042537]},"properties":{"camera:mount":"street_lamp","camera:type":"fixed","description":"Two cameras per node. 1 wide angle looking straight down from lamp to capture metadata about vehicle (color, type, roof mounts, etc). 1 telephoto mounted on pole to capture license plate info.","direction":"0;65;130;195;260;325","man_made":"surveillance","manufacturer":"Ubicquia, Inc.","manufacturer:wikidata":"Q138313103","operator":"San Diego Police Department","operator:type":"government","operator:wikidata":"Q6580207","source:url":"https://webmaps.sandiego.gov/portal/apps/webappviewer/index.html?id=a70a4dc00702448da5948992b144a98f","surveillance":"outdoor","surveillance:type":"ALPR","surveillance:zone":"town"}},{"type":"Feature","geometry":{"type":"Point","coordinates":[-117.0969204,32.7042319]},"properties":{"camera:mount":"street_lamp","camera:type":"fixed","description":"Two cameras per node. 1 wide angle looking straight down from lamp to capture metadata about vehicle (color, type, roof mounts, etc). 1 telephoto mounted on pole to capture license plate info.","direction":"0;65;130;195;260;325","man_made":"surveillance","manufacturer":"Ubicquia, Inc.","manufacturer:wikidata":"Q138313103","operator":"San Diego Police Department","operator:type":"government","operator:wikidata":"Q6580207","source:url":"https://webmaps.sandiego.gov/portal/apps/webappviewer/index.html?id=a70a4dc00702448da5948992b144a98f","surveillance":"outdoor","surveillance:type":"ALPR","surveillance:zone":"town"}},{"type":"Feature","geometry":{"type":"Point","coordinates":[-117.0978865,32.7040852]},"properties":{"camera:mount":"street_lamp","camera:type":"fixed","description":"Two cameras per node. 1 wide angle looking straight down from lamp to capture metadata about vehicle (color, type, roof mounts, etc). 1 telephoto mounted on pole to capture license plate info.","direction":"0;65;130;195;260;325","man_made":"surveillance","manufacturer":"Ubicquia, Inc.","manufacturer:wikidata":"Q138313103","operator":"San Diego Police Department","operator:type":"government","operator:wikidata":"Q6580207","source:url":"https://webmaps.sandiego.gov/portal/apps/webappviewer/index.html?id=a70a4dc00702448da5948992b144a98f","surveillance":"outdoor","surveillance:type":"ALPR","surveillance:zone":"town"}},{"type":"Feature","geometry":{"type":"Point","coordinates":[-117.0926814,32.7040523]},"properties":{"camera:mount":"street_lamp","camera:type":"fixed","description":"Two cameras per node. 1 wide angle looking straight down from lamp to capture metadata about vehicle (color, type, roof mounts, etc). 1 telephoto mounted on pole to capture license plate info.","direction":"0;65;130;195;260;325","man_made":"surveillance","manufacturer":"Ubicquia, Inc.","manufacturer:wikidata":"Q138313103","operator":"San Diego Police Department","operator:type":"government","operator:wikidata":"Q6580207","source:url":"https://webmaps.sandiego.gov/portal/apps/webappviewer/index.html?id=a70a4dc00702448da5948992b144a98f","surveillance":"outdoor","surveillance:type":"ALPR","surveillance:zone":"town"}},{"type":"Feature","geometry":{"type":"Point","coordinates":[-117.0938174,32.7034349]},"properties":{"camera:mount":"street_lamp","camera:type":"fixed","description":"Two cameras per node. 1 wide angle looking straight down from lamp to capture metadata about vehicle (color, type, roof mounts, etc). 1 telephoto mounted on pole to capture license plate info.","direction":"0;65;130;195;260;325","man_made":"surveillance","manufacturer":"Ubicquia, Inc.","manufacturer:wikidata":"Q138313103","operator":"San Diego Police Department","operator:type":"government","operator:wikidata":"Q6580207","source:url":"https://webmaps.sandiego.gov/portal/apps/webappviewer/index.html?id=a70a4dc00702448da5948992b144a98f","surveillance":"outdoor","surveillance:type":"ALPR","surveillance:zone":"town"}},{"type":"Feature","geometry":{"type":"Point","coordinates":[-117.146096,32.7025686]},"properties":{"camera:mount":"street_lamp","camera:type":"fixed","description":"Two cameras per node. 1 wide angle looking straight down from lamp to capture metadata about vehicle (color, type, roof mounts, etc). 1 telephoto mounted on pole to capture license plate info.","direction":"0;65;130;195;260;325","man_made":"surveillance","manufacturer":"Ubicquia, Inc.","manufacturer:wikidata":"Q138313103","operator":"San Diego Police Department","operator:type":"government","operator:wikidata":"Q6580207","source:url":"https://webmaps.sandiego.gov/portal/apps/webappviewer/index.html?id=a70a4dc00702448da5948992b144a98f","surveillance":"outdoor","surveillance:type":"ALPR","surveillance:zone":"town"}},{"type":"Feature","geometry":{"type":"Point","coordinates":[-117.1459301,32.7025271]},"properties":{"camera:mount":"street_lamp","camera:type":"fixed","description":"Two cameras per node. 1 wide angle looking straight down from lamp to capture metadata about vehicle (color, type, roof mounts, etc). 1 telephoto mounted on pole to capture license plate info.","direction":"0;65;130;195;260;325","man_made":"surveillance","manufacturer":"Ubicquia, Inc.","manufacturer:wikidata":"Q138313103","operator":"San Diego Police Department","operator:type":"government","operator:wikidata":"Q6580207","source:url":"https://webmaps.sandiego.gov/portal/apps/webappviewer/index.html?id=a70a4dc00702448da5948992b144a98f","surveillance":"outdoor","surveillance:type":"ALPR","surveillance:zone":"town"}},{"type":"Feature","geometry":{"type":"Point","coordinates":[-117.1225458,32.7024521]},"properties":{"camera:mount":"street_lamp","camera:type":"fixed","description":"Two cameras per node. 1 wide angle looking straight down from lamp to capture metadata about vehicle (color, type, roof mounts, etc). 1 telephoto mounted on pole to capture license plate info.","direction":"0;65;130;195;260;325","man_made":"surveillance","manufacturer":"Ubicquia, Inc.","manufacturer:wikidata":"Q138313103","operator":"San Diego Police Department","operator:type":"government","operator:wikidata":"Q6580207","source:url":"https://webmaps.sandiego.gov/portal/apps/webappviewer/index.html?id=a70a4dc00702448da5948992b144a98f","surveillance":"outdoor","surveillance:type":"ALPR","surveillance:zone":"town"}},{"type":"Feature","geometry":{"type":"Point","coordinates":[-117.143557,32.702433]},"properties":{"camera:mount":"street_lamp","camera:type":"fixed","description":"Two cameras per node. 1 wide angle looking straight down from lamp to capture metadata about vehicle (color, type, roof mounts, etc). 1 telephoto mounted on pole to capture license plate info.","direction":"0;65;130;195;260;325","man_made":"surveillance","manufacturer":"Ubicquia, Inc.","manufacturer:wikidata":"Q138313103","operator":"San Diego Police Department","operator:type":"government","operator:wikidata":"Q6580207","source:url":"https://webmaps.sandiego.gov/portal/apps/webappviewer/index.html?id=a70a4dc00702448da5948992b144a98f","surveillance":"outdoor","surveillance:type":"ALPR","surveillance:zone":"town"}},{"type":"Feature","geometry":{"type":"Point","coordinates":[-117.1433018,32.702305]},"properties":{"camera:mount":"street_lamp","camera:type":"fixed","description":"Two cameras per node. 1 wide angle looking straight down from lamp to capture metadata about vehicle (color, type, roof mounts, etc). 1 telephoto mounted on pole to capture license plate info.","direction":"0;65;130;195;260;325","man_made":"surveillance","manufacturer":"Ubicquia, Inc.","manufacturer:wikidata":"Q138313103","operator":"San Diego Police Department","operator:type":"government","operator:wikidata":"Q6580207","source:url":"https://webmaps.sandiego.gov/portal/apps/webappviewer/index.html?id=a70a4dc00702448da5948992b144a98f","surveillance":"outdoor","surveillance:type":"ALPR","surveillance:zone":"town"}},{"type":"Feature","geometry":{"type":"Point","coordinates":[-117.093668,32.702252]},"properties":{"camera:type":"fixed","man_made":"surveillance","manufacturer":"Ubicquia","operator":"San Diego Police Department","source:url":"https://webmaps.sandiego.gov/portal/apps/webappviewer/index.html?id=a70a4dc00702448da5948992b144a98f","surveillance":"traffic","surveillance:type":"ALPR","surveillance:zone":"public"}},{"type":"Feature","geometry":{"type":"Point","coordinates":[-117.1451742,32.7021618]},"properties":{"camera:mount":"street_lamp","camera:type":"fixed","description":"Two cameras per node. 1 wide angle looking straight down from lamp to capture metadata about vehicle (color, type, roof mounts, etc). 1 telephoto mounted on pole to capture license plate info.","direction":"0;65;130;195;260;325","man_made":"surveillance","manufacturer":"Ubicquia, Inc.","manufacturer:wikidata":"Q138313103","operator":"San Diego Police Department","operator:type":"government","operator:wikidata":"Q6580207","source:url":"https://webmaps.sandiego.gov/portal/apps/webappviewer/index.html?id=a70a4dc00702448da5948992b144a98f","surveillance":"outdoor","surveillance:type":"ALPR","surveillance:zone":"town"}},{"type":"Feature","geometry":{"type":"Point","coordinates":[-117.1400665,32.6971262]},"properties":{"camera:mount":"street_lamp","camera:type":"fixed","description":"Two cameras per node. 1 wide angle looking straight down from lamp to capture metadata about vehicle (color, type, roof mounts, etc). 1 telephoto mounted on pole to capture license plate info.","direction":"0;65;130;195;260;325","man_made":"surveillance","manufacturer":"Ubicquia, Inc.","manufacturer:wikidata":"Q138313103","operator":"San Diego Police Department","operator:type":"government","operator:wikidata":"Q6580207","source:url":"https://webmaps.sandiego.gov/portal/apps/webappviewer/index.html?id=a70a4dc00702448da5948992b144a98f","surveillance":"outdoor","surveillance:type":"ALPR","surveillance:zone":"town"}},{"type":"Feature","geometry":{"type":"Point","coordinates":[-117.0852922,32.6970085]},"properties":{"camera:mount":"street_lamp","camera:type":"fixed","description":"Two cameras per node. 1 wide angle looking straight down from lamp to capture metadata about vehicle (color, type, roof mounts, etc). 1 telephoto mounted on pole to capture license plate info.","direction":"0;65;130;195;260;325","man_made":"surveillance","manufacturer":"Ubicquia, Inc.","manufacturer:wikidata":"Q138313103","operator":"San Diego Police Department","operator:type":"government","operator:wikidata":"Q6580207","source:url":"https://webmaps.sandiego.gov/portal/apps/webappviewer/index.html?id=a70a4dc00702448da5948992b144a98f","surveillance":"outdoor","surveillance:type":"ALPR","surveillance:zone":"town"}},{"type":"Feature","geometry":{"type":"Point","coordinates":[-117.093677,32.6969427]},"properties":{"camera:mount":"street_lamp","camera:type":"fixed","description":"Two cameras per node. 1 wide angle looking straight down from lamp to capture metadata about vehicle (color, type, roof mounts, etc). 1 telephoto mounted on pole to capture license plate info.","direction":"0;65;130;195;260;325","man_made":"surveillance","manufacturer":"Ubicquia, Inc.","manufacturer:wikidata":"Q138313103","operator":"San Diego Police Department","operator:type":"government","operator:wikidata":"Q6580207","source:url":"https://webmaps.sandiego.gov/portal/apps/webappviewer/index.html?id=a70a4dc00702448da5948992b144a98f","surveillance":"outdoor","surveillance:type":"ALPR","surveillance:zone":"town"}},{"type":"Feature","geometry":{"type":"Point","coordinates":[-117.0982643,32.6969032]},"properties":{"camera:mount":"street_lamp","camera:type":"fixed","description":"Two cameras per node. 1 wide angle looking straight down from lamp to capture metadata about vehicle (color, type, roof mounts, etc). 1 telephoto mounted on pole to capture license plate info.","direction":"0;65;130;195;260;325","man_made":"surveillance","manufacturer":"Ubicquia, Inc.","manufacturer:wikidata":"Q138313103","operator":"San Diego Police Department","operator:type":"government","operator:wikidata":"Q6580207","source:url":"https://webmaps.sandiego.gov/portal/apps/webappviewer/index.html?id=a70a4dc00702448da5948992b144a98f","surveillance":"outdoor","surveillance:type":"ALPR","surveillance:zone":"town"}},{"type":"Feature","geometry":{"type":"Point","coordinates":[-117.0939183,32.6968838]},"properties":{"camera:mount":"street_lamp","camera:type":"fixed","description":"Two cameras per node. 1 wide angle looking straight down from lamp to capture metadata about vehicle (color, type, roof mounts, etc). 1 telephoto mounted on pole to capture license plate info.","direction":"0;65;130;195;260;325","man_made":"surveillance","manufacturer":"Ubicquia, Inc.","manufacturer:wikidata":"Q138313103","operator":"San Diego Police Department","operator:type":"government","operator:wikidata":"Q6580207","source:url":"https://webmaps.sandiego.gov/portal/apps/webappviewer/index.html?id=a70a4dc00702448da5948992b144a98f","surveillance":"outdoor","surveillance:type":"ALPR","surveillance:zone":"town"}},{"type":"Feature","geometry":{"type":"Point","coordinates":[-117.097962,32.696757]},"properties":{"camera:mount":"street_lamp","camera:type":"fixed","description":"Two cameras per node. 1 wide angle looking straight down from lamp to capture metadata about vehicle (color, type, roof mounts, etc). 1 telephoto mounted on pole to capture license plate info.","direction":"0;65;130;195;260;325","man_made":"surveillance","manufacturer":"Ubicquia, Inc.","manufacturer:wikidata":"Q138313103","operator":"San Diego Police Department","operator:type":"government","operator:wikidata":"Q6580207","source:url":"https://webmaps.sandiego.gov/portal/apps/webappviewer/index.html?id=a70a4dc00702448da5948992b144a98f","surveillance":"outdoor","surveillance:type":"ALPR","surveillance:zone":"town"}},{"type":"Feature","geometry":{"type":"Point","coordinates":[-117.087187,32.696743]},"properties":{"camera:mount":"street_lamp","camera:type":"fixed","description":"Two cameras per node. 1 wide angle looking straight down from lamp to capture metadata about vehicle (color, type, roof mounts, etc). 1 telephoto mounted on pole to capture license plate info.","direction":"0;65;130;195;260;325","man_made":"surveillance","manufacturer":"Ubicquia, Inc.","manufacturer:wikidata":"Q138313103","operator":"San Diego Police Department","operator:type":"government","operator:wikidata":"Q6580207","source:url":"https://webmaps.sandiego.gov/portal/apps/webappviewer/index.html?id=a70a4dc00702448da5948992b144a98f","surveillance":"outdoor","surveillance:type":"ALPR","surveillance:zone":"town"}},{"type":"Feature","geometry":{"type":"Point","coordinates":[-117.091927,32.696732]},"properties":{"camera:mount":"street_lamp","camera:type":"fixed","description":"Two cameras per node. 1 wide angle looking straight down from lamp to capture metadata about vehicle (color, type, roof mounts, etc). 1 telephoto mounted on pole to capture license plate info.","direction":"0;65;130;195;260;325","man_made":"surveillance","manufacturer":"Ubicquia, Inc.","manufacturer:wikidata":"Q138313103","operator":"San Diego Police Department","operator:type":"government","operator:wikidata":"Q6580207","source:url":"https://webmaps.sandiego.gov/portal/apps/webappviewer/index.html?id=a70a4dc00702448da5948992b144a98f","surveillance":"outdoor","surveillance:type":"ALPR","surveillance:zone":"town"}},{"type":"Feature","geometry":{"type":"Point","coordinates":[-117.0981276,32.6966872]},"properties":{"camera:mount":"street_lamp","camera:type":"fixed","description":"Two cameras per node. 1 wide angle looking straight down from lamp to capture metadata about vehicle (color, type, roof mounts, etc). 1 telephoto mounted on pole to capture license plate info.","direction":"0;65;130;195;260;325","man_made":"surveillance","manufacturer":"Ubicquia, Inc.","manufacturer:wikidata":"Q138313103","operator":"San Diego Police Department","operator:type":"government","operator:wikidata":"Q6580207","source:url":"https://webmaps.sandiego.gov/portal/apps/webappviewer/index.html?id=a70a4dc00702448da5948992b144a98f","surveillance":"outdoor","surveillance:type":"ALPR","surveillance:zone":"town"}},{"type":"Feature","geometry":{"type":"Point","coordinates":[-117.0938464,32.6966602]},"properties":{"camera:mount":"street_lamp","camera:type":"fixed","description":"Two cameras per node. 1 wide angle looking straight down from lamp to capture metadata about vehicle (color, type, roof mounts, etc). 1 telephoto mounted on pole to capture license plate info.","direction":"0;65;130;195;260;325","man_made":"surveillance","manufacturer":"Ubicquia, Inc.","manufacturer:wikidata":"Q138313103","operator":"San Diego Police Department","operator:type":"government","operator:wikidata":"Q6580207","source:url":"https://webmaps.sandiego.gov/portal/apps/webappviewer/index.html?id=a70a4dc00702448da5948992b144a98f","surveillance":"outdoor","surveillance:type":"ALPR","surveillance:zone":"town"}},{"type":"Feature","geometry":{"type":"Point","coordinates":[-117.1339451,32.6960002]},"properties":{"camera:mount":"street_lamp","camera:type":"fixed","description":"Two cameras per node. 1 wide angle looking straight down from lamp to capture metadata about vehicle (color, type, roof mounts, etc). 1 telephoto mounted on pole to capture license plate info.","direction":"0;65;130;195;260;325","man_made":"surveillance","manufacturer":"Ubicquia, Inc.","manufacturer:wikidata":"Q138313103","operator":"San Diego Police Department","operator:type":"government","operator:wikidata":"Q6580207","source:url":"https://webmaps.sandiego.gov/portal/apps/webappviewer/index.html?id=a70a4dc00702448da5948992b144a98f","surveillance":"outdoor","surveillance:type":"ALPR","surveillance:zone":"town"}},{"type":"Feature","geometry":{"type":"Point","coordinates":[-117.1336787,32.6958835]},"properties":{"camera:mount":"street_lamp","camera:type":"fixed","description":"Two cameras per node. 1 wide angle looking straight down from lamp to capture metadata about vehicle (color, type, roof mounts, etc). 1 telephoto mounted on pole to capture license plate info.","direction":"0;65;130;195;260;325","man_made":"surveillance","manufacturer":"Ubicquia, Inc.","manufacturer:wikidata":"Q138313103","operator":"San Diego Police Department","operator:type":"government","operator:wikidata":"Q6580207","source:url":"https://webmaps.sandiego.gov/portal/apps/webappviewer/index.html?id=a70a4dc00702448da5948992b144a98f","surveillance":"outdoor","surveillance:type":"ALPR","surveillance:zone":"town"}},{"type":"Feature","geometry":{"type":"Point","coordinates":[-117.02938,32.69561]},"properties":{"camera:type":"fixed","man_made":"surveillance","manufacturer":"Ubicquia","operator":"San Diego Police Department","source:url":"https://webmaps.sandiego.gov/portal/apps/webappviewer/index.html?id=a70a4dc00702448da5948992b144a98f","surveillance":"traffic","surveillance:type":"ALPR","surveillance:zone":"public"}},{"type":"Feature","geometry":{"type":"Point","coordinates":[-117.02954,32.69548]},"properties":{"camera:type":"fixed","man_made":"surveillance","manufacturer":"Ubicquia","operator":"San Diego Police Department","source:url":"https://webmaps.sandiego.gov/portal/apps/webappviewer/index.html?id=a70a4dc00702448da5948992b144a98f","surveillance":"traffic","surveillance:type":"ALPR","surveillance:zone":"public"}},{"type":"Feature","geometry":{"type":"Point","coordinates":[-117.02916,32.69539]},"properties":{"camera:type":"fixed","man_made":"surveillance","manufacturer":"Ubicquia","operator":"San Diego Police Department","source:url":"https://webmaps.sandiego.gov/portal/apps/webappviewer/index.html?id=a70a4dc00702448da5948992b144a98f","surveillance":"traffic","surveillance:type":"ALPR","surveillance:zone":"public"}},{"type":"Feature","geometry":{"type":"Point","coordinates":[-117.02933,32.69527]},"properties":{"camera:type":"fixed","man_made":"surveillance","manufacturer":"Ubicquia","operator":"San Diego Police Department","source:url":"https://webmaps.sandiego.gov/portal/apps/webappviewer/index.html?id=a70a4dc00702448da5948992b144a98f","surveillance":"traffic","surveillance:type":"ALPR","surveillance:zone":"public"}},{"type":"Feature","geometry":{"type":"Point","coordinates":[-117.0938518,32.6947112]},"properties":{"camera:mount":"street_lamp","camera:type":"fixed","description":"Two cameras per node. 1 wide angle looking straight down from lamp to capture metadata about vehicle (color, type, roof mounts, etc). 1 telephoto mounted on pole to capture license plate info.","direction":"0;65;130;195;260;325","man_made":"surveillance","manufacturer":"Ubicquia, Inc.","manufacturer:wikidata":"Q138313103","operator":"San Diego Police Department","operator:type":"government","operator:wikidata":"Q6580207","source:url":"https://webmaps.sandiego.gov/portal/apps/webappviewer/index.html?id=a70a4dc00702448da5948992b144a98f","surveillance":"outdoor","surveillance:type":"ALPR","surveillance:zone":"town"}},{"type":"Feature","geometry":{"type":"Point","coordinates":[-117.1046267,32.6946798]},"properties":{"camera:mount":"street_lamp","camera:type":"fixed","description":"Two cameras per node. 1 wide angle looking straight down from lamp to capture metadata about vehicle (color, type, roof mounts, etc). 1 telephoto mounted on pole to capture license plate info.","direction":"0;65;130;195;260;325","man_made":"surveillance","manufacturer":"Ubicquia, Inc.","manufacturer:wikidata":"Q138313103","operator":"San Diego Police Department","operator:type":"government","operator:wikidata":"Q6580207","source:url":"https://webmaps.sandiego.gov/portal/apps/webappviewer/index.html?id=a70a4dc00702448da5948992b144a98f","surveillance":"outdoor","surveillance:type":"ALPR","surveillance:zone":"town"}},{"type":"Feature","geometry":{"type":"Point","coordinates":[-117.098058,32.694072]},"properties":{"camera:mount":"street_lamp","camera:type":"fixed","description":"Two cameras per node. 1 wide angle looking straight down from lamp to capture metadata about vehicle (color, type, roof mounts, etc). 1 telephoto mounted on pole to capture license plate info.","direction":"0;65;130;195;260;325","man_made":"surveillance","manufacturer":"Ubicquia, Inc.","manufacturer:wikidata":"Q138313103","operator":"San Diego Police Department","operator:type":"government","operator:wikidata":"Q6580207","source:url":"https://webmaps.sandiego.gov/portal/apps/webappviewer/index.html?id=a70a4dc00702448da5948992b144a98f","surveillance":"outdoor","surveillance:type":"ALPR","surveillance:zone":"town"}},{"type":"Feature","geometry":{"type":"Point","coordinates":[-117.1337142,32.6939645]},"properties":{"camera:mount":"street_lamp","camera:type":"fixed","description":"Two cameras per node. 1 wide angle looking straight down from lamp to capture metadata about vehicle (color, type, roof mounts, etc). 1 telephoto mounted on pole to capture license plate info.","direction":"0;65;130;195;260;325","man_made":"surveillance","manufacturer":"Ubicquia, Inc.","manufacturer:wikidata":"Q138313103","operator":"San Diego Police Department","operator:type":"government","operator:wikidata":"Q6580207","source:url":"https://webmaps.sandiego.gov/portal/apps/webappviewer/index.html?id=a70a4dc00702448da5948992b144a98f","surveillance":"outdoor","surveillance:type":"ALPR","surveillance:zone":"town"}},{"type":"Feature","geometry":{"type":"Point","coordinates":[-117.0937047,32.6926912]},"properties":{"camera:mount":"street_lamp","camera:type":"fixed","description":"Two cameras per node. 1 wide angle looking straight down from lamp to capture metadata about vehicle (color, type, roof mounts, etc). 1 telephoto mounted on pole to capture license plate info.","direction":"0;65;130;195;260;325","man_made":"surveillance","manufacturer":"Ubicquia, Inc.","manufacturer:wikidata":"Q138313103","operator":"San Diego Police Department","operator:type":"government","operator:wikidata":"Q6580207","source:url":"https://webmaps.sandiego.gov/portal/apps/webappviewer/index.html?id=a70a4dc00702448da5948992b144a98f","surveillance":"outdoor","surveillance:type":"ALPR","surveillance:zone":"town"}},{"type":"Feature","geometry":{"type":"Point","coordinates":[-117.1259069,32.692671]},"properties":{"camera:mount":"street_lamp","camera:type":"fixed","description":"Two cameras per node. 1 wide angle looking straight down from lamp to capture metadata about vehicle (color, type, roof mounts, etc). 1 telephoto mounted on pole to capture license plate info.","direction":"0;65;130;195;260;325","man_made":"surveillance","manufacturer":"Ubicquia, Inc.","manufacturer:wikidata":"Q138313103","operator":"San Diego Police Department","operator:type":"government","operator:wikidata":"Q6580207","source:url":"https://webmaps.sandiego.gov/portal/apps/webappviewer/index.html?id=a70a4dc00702448da5948992b144a98f","surveillance":"outdoor","surveillance:type":"ALPR","surveillance:zone":"town"}},{"type":"Feature","geometry":{"type":"Point","coordinates":[-117.108312,32.6923339]},"properties":{"camera:mount":"street_lamp","camera:type":"fixed","description":"Two cameras per node. 1 wide angle looking straight down from lamp to capture metadata about vehicle (color, type, roof mounts, etc). 1 telephoto mounted on pole to capture license plate info.","direction":"0;65;130;195;260;325","man_made":"surveillance","manufacturer":"Ubicquia, Inc.","manufacturer:wikidata":"Q138313103","operator":"San Diego Police Department","operator:type":"government","operator:wikidata":"Q6580207","source:url":"https://webmaps.sandiego.gov/portal/apps/webappviewer/index.html?id=a70a4dc00702448da5948992b144a98f","surveillance":"outdoor","surveillance:type":"ALPR","surveillance:zone":"town"}},{"type":"Feature","geometry":{"type":"Point","coordinates":[-117.12487,32.6921612]},"properties":{"camera:mount":"street_lamp","camera:type":"fixed","description":"Two cameras per node. 1 wide angle looking straight down from lamp to capture metadata about vehicle (color, type, roof mounts, etc). 1 telephoto mounted on pole to capture license plate info.","direction":"0;65;130;195;260;325","man_made":"surveillance","manufacturer":"Ubicquia, Inc.","manufacturer:wikidata":"Q138313103","operator":"San Diego Police Department","operator:type":"government","operator:wikidata":"Q6580207","source:url":"https://webmaps.sandiego.gov/portal/apps/webappviewer/index.html?id=a70a4dc00702448da5948992b144a98f","surveillance":"outdoor","surveillance:type":"ALPR","surveillance:zone":"town"}},{"type":"Feature","geometry":{"type":"Point","coordinates":[-117.1025047,32.690609]},"properties":{"camera:mount":"street_lamp","camera:type":"fixed","description":"Two cameras per node. 1 wide angle looking straight down from lamp to capture metadata about vehicle (color, type, roof mounts, etc). 1 telephoto mounted on pole to capture license plate info.","direction":"0;65;130;195;260;325","man_made":"surveillance","manufacturer":"Ubicquia, Inc.","manufacturer:wikidata":"Q138313103","operator":"San Diego Police Department","operator:type":"government","operator:wikidata":"Q6580207","source:url":"https://webmaps.sandiego.gov/portal/apps/webappviewer/index.html?id=a70a4dc00702448da5948992b144a98f","surveillance":"outdoor","surveillance:type":"ALPR","surveillance:zone":"town"}},{"type":"Feature","geometry":{"type":"Point","coordinates":[-117.1146239,32.6864578]},"properties":{"camera:mount":"street_lamp","camera:type":"fixed","description":"Two cameras per node. 1 wide angle looking straight down from lamp to capture metadata about vehicle (color, type, roof mounts, etc). 1 telephoto mounted on pole to capture license plate info.","direction":"0;65;130;195;260;325","man_made":"surveillance","manufacturer":"Ubicquia, Inc.","manufacturer:wikidata":"Q138313103","operator":"San Diego Police Department","operator:type":"government","operator:wikidata":"Q6580207","source:url":"https://webmaps.sandiego.gov/portal/apps/webappviewer/index.html?id=a70a4dc00702448da5948992b144a98f","surveillance":"outdoor","surveillance:type":"ALPR","surveillance:zone":"town"}},{"type":"Feature","geometry":{"type":"Point","coordinates":[-117.114436,32.686433]},"properties":{"camera:type":"fixed","man_made":"surveillance","manufacturer":"Ubicquia","operator":"San Diego Police Department","source:url":"https://webmaps.sandiego.gov/portal/apps/webappviewer/index.html?id=a70a4dc00702448da5948992b144a98f","surveillance":"traffic","surveillance:type":"ALPR","surveillance:zone":"public"}},{"type":"Feature","geometry":{"type":"Point","coordinates":[-117.1152678,32.6855649]},"properties":{"camera:mount":"street_lamp","camera:type":"fixed","description":"Two cameras per node. 1 wide angle looking straight down from lamp to capture metadata about vehicle (color, type, roof mounts, etc). 1 telephoto mounted on pole to capture license plate info.","direction":"0;65;130;195;260;325","man_made":"surveillance","manufacturer":"Ubicquia, Inc.","manufacturer:wikidata":"Q138313103","operator":"San Diego Police Department","operator:type":"government","operator:wikidata":"Q6580207","source:url":"https://webmaps.sandiego.gov/portal/apps/webappviewer/index.html?id=a70a4dc00702448da5948992b144a98f","surveillance":"outdoor","surveillance:type":"ALPR","surveillance:zone":"town"}},{"type":"Feature","geometry":{"type":"Point","coordinates":[-117.040149,32.676049]},"properties":{"camera:direction":"50","camera:type":"fixed","man_made":"surveillance","manufacturer":"Ubicquia","operator":"San Diego Police Department","source:url":"https://webmaps.sandiego.gov/portal/apps/webappviewer/index.html?id=a70a4dc00702448da5948992b144a98f","surveillance":"outdoor","surveillance:type":"ALPR","surveillance:zone":"public"}},{"type":"Feature","geometry":{"type":"Point","coordinates":[-117.040433,32.675706]},"properties":{"camera:type":"fixed","man_made":"surveillance","manufacturer":"Ubicquia","operator":"San Diego Police Department","source:url":"https://webmaps.sandiego.gov/portal/apps/webappviewer/index.html?id=a70a4dc00702448da5948992b144a98f","surveillance":"traffic","surveillance:type":"ALPR","surveillance:zone":"public"}},{"type":"Feature","geometry":{"type":"Point","coordinates":[-117.1633157,32.7058662]},"properties":{"camera:type":"fixed","direction":"190","man_made":"surveillance","manufacturer":"Flock Safety","manufacturer:wikidata":"Q108485435","surveillance:type":"ALPR"}},{"type":"Feature","geometry":{"type":"Point","coordinates":[-117.1695493,32.7083987]},"properties":{"camera:type":"fixed","direction":"160;45","man_made":"surveillance","manufacturer":"Flock Safety","manufacturer:wikidata":"Q108485435","surveillance:type":"ALPR"}},{"type":"Feature","geometry":{"type":"Point","coordinates":[-117.126445,32.7823324]},"properties":{"direction":"140","man_made":"surveillance","manufacturer":"Flock Safety","operator":"Lowe's","operator:wikidata":"Q1373493","surveillance":"traffic","surveillance:mount":"pole","surveillance:type":"ALPR","surveillance:zone":"public"}},{"type":"Feature","geometry":{"type":"Point","coordinates":[-117.1267106,32.7809061]},"properties":{"direction":"285","man_made":"surveillance","manufacturer":"Flock Safety","operator":"Lowe's","operator:wikidata":"Q1373493","surveillance":"traffic","surveillance:mount":"pole","surveillance:type":"ALPR","surveillance:zone":"public"}},{"type":"Feature","geometry":{"type":"Point","coordinates":[-117.126441,32.7809354]},"properties":{"direction":"15","man_made":"surveillance","manufacturer":"Flock Safety","operator":"Lowe's","operator:wikidata":"Q1373493","surveillance":"public","surveillance:mount":"street_lamp","surveillance:type":"ALPR","surveillance:zone":"public"}},{"type":"Feature","geometry":{"type":"Point","coordinates":[-116.9602388,32.8079361]},"properties":{"direction":"330","man_made":"surveillance","manufacturer":"Flock Safety","operator":"City of El Cajon","surveillance":"traffic","surveillance:mount":"street_lamp","surveillance:type":"ALPR","surveillance:zone":"public"}},{"type":"Feature","geometry":{"type":"Point","coordinates":[-116.9623874,32.7951173]},"properties":{"direction":"180","man_made":"surveillance","operator":"City of El Cajon","surveillance":"traffic","surveillance:mount":"street_lamp","surveillance:type":"ALPR","surveillance:zone":"public"}},{"type":"Feature","geometry":{"type":"Point","coordinates":[-116.9621821,32.7949429]},"properties":{"direction":"270","man_made":"surveillance","operator":"City of El Cajon","surveillance":"traffic","surveillance:mount":"street_lamp","surveillance:type":"ALPR","surveillance:zone":"public"}},{"type":"Feature","geometry":{"type":"Point","coordinates":[-116.9626179,32.7949394]},"properties":{"direction":"90","man_made":"surveillance","operator":"City of El Cajon","surveillance":"traffic","surveillance:mount":"street_lamp","surveillance:type":"ALPR","surveillance:zone":"public"}},{"type":"Feature","geometry":{"type":"Point","coordinates":[-116.9623927,32.7948118]},"properties":{"direction":"0","man_made":"surveillance","operator":"City of El Cajon","surveillance":"traffic","surveillance:mount":"street_lamp","surveillance:type":"ALPR","surveillance:zone":"public"}},{"type":"Feature","geometry":{"type":"Point","coordinates":[-116.928095,32.7878323]},"properties":{"direction":"305","man_made":"surveillance","operator":"City of El Cajon","surveillance":"traffic","surveillance:mount":"street_lamp","surveillance:type":"ALPR","surveillance:zone":"public"}},{"type":"Feature","geometry":{"type":"Point","coordinates":[-116.9278737,32.7875978]},"properties":{"direction":"65","man_made":"surveillance","operator":"City of El Cajon","surveillance":"traffic","surveillance:mount":"street_lamp","surveillance:type":"ALPR","surveillance:zone":"public"}},{"type":"Feature","geometry":{"type":"Point","coordinates":[-116.9282573,32.7875538]},"properties":{"direction":"150","man_made":"surveillance","operator":"City of El Cajon","surveillance":"traffic","surveillance:mount":"street_lamp","surveillance:type":"ALPR","surveillance:zone":"public"}},{"type":"Feature","geometry":{"type":"Point","coordinates":[-116.9283807,32.7877793]},"properties":{"direction":"255","man_made":"surveillance","operator":"City of El Cajon","surveillance":"traffic","surveillance:mount":"street_lamp","surveillance:type":"ALPR","surveillance:zone":"public"}},{"type":"Feature","geometry":{"type":"Point","coordinates":[-116.9356068,32.7957618]},"properties":{"direction":"330","man_made":"surveillance","operator":"City of El Cajon","surveillance":"traffic","surveillance:mount":"street_lamp","surveillance:type":"ALPR","surveillance:zone":"public"}},{"type":"Feature","geometry":{"type":"Point","coordinates":[-116.9355903,32.7954506]},"properties":{"direction":"35","man_made":"surveillance","operator":"City of El Cajon","surveillance":"traffic","surveillance:mount":"street_lamp","surveillance:type":"ALPR","surveillance:zone":"public"}},{"type":"Feature","geometry":{"type":"Point","coordinates":[-116.9359175,32.7952797]},"properties":{"direction":"165","man_made":"surveillance","operator":"City of El Cajon","surveillance":"traffic","surveillance:mount":"street_lamp","surveillance:type":"ALPR","surveillance:zone":"public"}},{"type":"Feature","geometry":{"type":"Point","coordinates":[-116.9309313,32.8000013]},"properties":{"direction":"195","man_made":"surveillance","operator":"City of El Cajon","surveillance":"traffic","surveillance:mount":"street_lamp","surveillance:type":"ALPR","surveillance:zone":"public"}},{"type":"Feature","geometry":{"type":"Point","coordinates":[-116.9301736,32.8003406]},"properties":{"direction":"20","man_made":"surveillance","operator":"City of El Cajon","surveillance":"traffic","surveillance:mount":"street_lamp","surveillance:type":"ALPR","surveillance:zone":"public"}},{"type":"Feature","geometry":{"type":"Point","coordinates":[-116.9046255,32.8008862]},"properties":{"direction":"300","man_made":"surveillance","operator":"City of El Cajon","surveillance":"traffic","surveillance:mount":"street_lamp","surveillance:type":"ALPR","surveillance:zone":"public"}},{"type":"Feature","geometry":{"type":"Point","coordinates":[-116.9864017,32.6501737]},"properties":{"direction":"60","man_made":"surveillance","manufacturer":"Flock Safety","operator":"Chula Vista Police Department","surveillance":"traffic","surveillance:mount":"street_lamp","surveillance:type":"ALPR","surveillance:zone":"public"}},{"type":"Feature","geometry":{"type":"Point","coordinates":[-116.9709892,32.6529771]},"properties":{"direction":"120","man_made":"surveillance","manufacturer":"Flock Safety","operator":"Chula Vista Police Department","surveillance":"traffic","surveillance:mount":"street_lamp","surveillance:type":"ALPR","surveillance:zone":"public"}},{"type":"Feature","geometry":{"type":"Point","coordinates":[-116.9726705,32.6452883]},"properties":{"direction":"275","man_made":"surveillance","manufacturer":"Flock Safety","operator":"Chula Vista Police Department","surveillance":"traffic","surveillance:mount":"street_lamp","surveillance:type":"ALPR","surveillance:zone":"public"}},{"type":"Feature","geometry":{"type":"Point","coordinates":[-116.9805193,32.6418567]},"properties":{"direction":"120","man_made":"surveillance","manufacturer":"Flock Safety","operator":"Chula Vista Police Department","surveillance":"traffic","surveillance:mount":"street_lamp","surveillance:type":"ALPR","surveillance:zone":"public"}},{"type":"Feature","geometry":{"type":"Point","coordinates":[-117.0314681,32.6263001]},"properties":{"direction":"140","man_made":"surveillance","manufacturer":"Flock Safety","operator":"Chula Vista Police Department","surveillance":"traffic","surveillance:mount":"street_lamp","surveillance:type":"ALPR","surveillance:zone":"public"}},{"type":"Feature","geometry":{"type":"Point","coordinates":[-117.0473904,32.6279376]},"properties":{"direction":"210","man_made":"surveillance","manufacturer":"Flock Safety","operator":"Chula Vista Police Department","surveillance":"traffic","surveillance:mount":"street_lamp","surveillance:type":"ALPR","surveillance:zone":"publice=surveillance"}},{"type":"Feature","geometry":{"type":"Point","coordinates":[-117.0463555,32.6282529]},"properties":{"direction":"120","man_made":"surveillance","manufacturer":"Flock Safety","operator":"Chula Vista Police Department","surveillance":"traffic","surveillance:mount":"street_lamp","surveillance:type":"ALPR","surveillance:zone":"publice=surveillance"}},{"type":"Feature","geometry":{"type":"Point","coordinates":[-117.0464033,32.6285877]},"properties":{"direction":"300","man_made":"surveillance","manufacturer":"Flock Safety","operator":"Chula Vista Police Department","surveillance":"traffic","surveillance:mount":"street_lamp","surveillance:type":"ALPR","surveillance:zone":"publice=surveillance"}},{"type":"Feature","geometry":{"type":"Point","coordinates":[-117.03575,32.6147768]},"properties":{"direction":"65","man_made":"surveillance","manufacturer":"Flock Safety","operator":"Chula Vista Police Department","surveillance":"traffic","surveillance:mount":"street_lamp","surveillance:type":"ALPR","surveillance:zone":"publice=surveillance"}},{"type":"Feature","geometry":{"type":"Point","coordinates":[-117.1237884,32.6013889]},"properties":{"direction":"315","man_made":"surveillance","manufacturer":"Flock Safety","manufacturer:wikidata":"Q108485435","operator":"Coronado Police Department","surveillance":"traffic","surveillance:mount":"pole","surveillance:type":"ALPR","surveillance:zone":"public"}},{"type":"Feature","geometry":{"type":"Point","coordinates":[-117.1368306,32.6216056]},"properties":{"direction":"130","man_made":"surveillance","manufacturer":"Flock Safety","manufacturer:wikidata":"Q108485435","operator":"Coronado Police Department","surveillance":"traffic","surveillance:mount":"pole","surveillance:type":"ALPR","surveillance:zone":"public"}},{"type":"Feature","geometry":{"type":"Point","coordinates":[-117.1682057,32.6927657]},"properties":{"direction":"355","man_made":"surveillance","manufacturer":"Flock Safety","manufacturer:wikidata":"Q108485435","operator":"Coronado Police Department","surveillance":"traffic","surveillance:mount":"pole","surveillance:type":"ALPR","surveillance:zone":"public"}},{"type":"Feature","geometry":{"type":"Point","coordinates":[-117.0219581,32.939518]},"properties":{"direction":"215","man_made":"surveillance","manufacturer":"Flock Safety","manufacturer:wikidata":"Q108485435","operator":"San Diego Sheriff Department","surveillance":"traffic","surveillance:mount":"street_lamp","surveillance:type":"ALPR","surveillance:zone":"public"}},{"type":"Feature","geometry":{"type":"Point","coordinates":[-117.0619369,32.9377353]},"properties":{"direction":"290","man_made":"surveillance","manufacturer":"Flock Safety","manufacturer:wikidata":"Q108485435","operator":"San Diego Sheriff Department","surveillance":"traffic","surveillance:mount":"street_lamp","surveillance:type":"ALPR","surveillance:zone":"public"}},{"type":"Feature","geometry":{"type":"Point","coordinates":[-117.2412829,33.0615914]},"properties":{"camera:type":"fixed","direction":"105","man_made":"surveillance","manufacturer":"Flock Safety","manufacturer:wikidata":"Q108485435","surveillance":"public","surveillance:type":"ALPR","surveillance:zone":"traffic"}},{"type":"Feature","geometry":{"type":"Point","coordinates":[-117.2249034,33.047825]},"properties":{"camera:type":"fixed","direction":"86","man_made":"surveillance","manufacturer":"Flock Safety","manufacturer:wikidata":"Q108485435","surveillance":"public","surveillance:type":"ALPR","surveillance:zone":"traffic"}},{"type":"Feature","geometry":{"type":"Point","coordinates":[-117.2765651,33.0260973]},"properties":{"camera:type":"fixed","direction":"200","man_made":"surveillance","manufacturer":"Flock Safety","manufacturer:wikidata":"Q108485435","surveillance":"public","surveillance:type":"ALPR","surveillance:zone":"town"}},{"type":"Feature","geometry":{"type":"Point","coordinates":[-116.9278254,32.7816245]},"properties":{"camera:type":"fixed","direction":"177","man_made":"surveillance","manufacturer":"Flock Safety","manufacturer:wikidata":"Q108485435","surveillance":"public","surveillance:type":"ALPR","surveillance:zone":"traffic"}},{"type":"Feature","geometry":{"type":"Point","coordinates":[-116.9698545,32.6621972]},"properties":{"camera:type":"fixed","direction":"101","man_made":"surveillance","manufacturer":"Flock Safety","manufacturer:wikidata":"Q108485435","surveillance":"public","surveillance:type":"ALPR","surveillance:zone":"traffic"}},{"type":"Feature","geometry":{"type":"Point","coordinates":[-116.9827555,32.6706012]},"properties":{"camera:type":"fixed","direction":"106","man_made":"surveillance","manufacturer":"Flock Safety","manufacturer:wikidata":"Q108485435","surveillance":"public","surveillance:type":"ALPR","surveillance:zone":"traffic"}},{"type":"Feature","geometry":{"type":"Point","coordinates":[-116.9577573,32.7877842]},"properties":{"camera:type":"fixed","direction":"271","man_made":"surveillance","manufacturer":"Flock Safety","manufacturer:wikidata":"Q108485435","surveillance":"public","surveillance:type":"ALPR","surveillance:zone":"traffic"}},{"type":"Feature","geometry":{"type":"Point","coordinates":[-116.9575013,32.7877674]},"properties":{"camera:type":"fixed","direction":"0","man_made":"surveillance","manufacturer":"Flock Safety","manufacturer:wikidata":"Q108485435","surveillance":"public","surveillance:type":"ALPR","surveillance:zone":"traffic"}},{"type":"Feature","geometry":{"type":"Point","coordinates":[-116.9577739,32.7875019]},"properties":{"camera:type":"fixed","direction":"180","man_made":"surveillance","manufacturer":"Flock Safety","manufacturer:wikidata":"Q108485435","surveillance":"public","surveillance:type":"ALPR","surveillance:zone":"traffic"}},{"type":"Feature","geometry":{"type":"Point","coordinates":[-116.9579458,32.7805588]},"properties":{"camera:type":"fixed","direction":"270","man_made":"surveillance","manufacturer":"Flock Safety","manufacturer:wikidata":"Q108485435","surveillance":"public","surveillance:type":"ALPR","surveillance:zone":"traffic"}},{"type":"Feature","geometry":{"type":"Point","coordinates":[-116.9576833,32.7802234]},"properties":{"camera:type":"fixed","direction":"90","man_made":"surveillance","manufacturer":"Flock Safety","manufacturer:wikidata":"Q108485435","surveillance":"public","surveillance:type":"ALPR","surveillance:zone":"traffic"}},{"type":"Feature","geometry":{"type":"Point","coordinates":[-116.9605549,32.7805336]},"properties":{"camera:type":"fixed","direction":"265","man_made":"surveillance","manufacturer":"Flock Safety","manufacturer:wikidata":"Q108485435","surveillance":"public","surveillance:type":"ALPR","surveillance:zone":"traffic"}},{"type":"Feature","geometry":{"type":"Point","coordinates":[-116.9775734,32.784666]},"properties":{"camera:type":"fixed","direction":"36","man_made":"surveillance","manufacturer":"Flock Safety","manufacturer:wikidata":"Q108485435","surveillance":"public","surveillance:type":"ALPR","surveillance:zone":"traffic"}},{"type":"Feature","geometry":{"type":"Point","coordinates":[-116.9752801,32.7883384]},"properties":{"camera:type":"fixed","direction":"314","man_made":"surveillance","manufacturer":"Flock Safety","manufacturer:wikidata":"Q108485435","surveillance":"public","surveillance:type":"ALPR","surveillance:zone":"traffic"}},{"type":"Feature","geometry":{"type":"Point","coordinates":[-116.98318,32.7948523]},"properties":{"camera:type":"fixed","direction":"247","man_made":"surveillance","manufacturer":"Flock Safety","manufacturer:wikidata":"Q108485435","surveillance":"public","surveillance:type":"ALPR","surveillance:zone":"traffic"}},{"type":"Feature","geometry":{"type":"Point","coordinates":[-116.9832625,32.8278684]},"properties":{"camera:type":"fixed","direction":"262","man_made":"surveillance","manufacturer":"Flock Safety","manufacturer:wikidata":"Q108485435","surveillance":"public","surveillance:type":"ALPR","surveillance:zone":"traffic"}},{"type":"Feature","geometry":{"type":"Point","coordinates":[-116.9835832,32.8274717]},"properties":{"camera:type":"fixed","direction":"89","man_made":"surveillance","manufacturer":"Flock Safety","manufacturer:wikidata":"Q108485435","surveillance":"public","surveillance:type":"ALPR","surveillance:zone":"traffic"}},{"type":"Feature","geometry":{"type":"Point","coordinates":[-116.9631116,32.8074874]},"properties":{"camera:type":"fixed","direction":"77","man_made":"surveillance","manufacturer":"Flock Safety","manufacturer:wikidata":"Q108485435","surveillance":"public","surveillance:type":"ALPR","surveillance:zone":"traffic"}},{"type":"Feature","geometry":{"type":"Point","coordinates":[-116.9580874,32.8078467]},"properties":{"camera:type":"fixed","direction":"0","man_made":"surveillance","manufacturer":"Flock Safety","manufacturer:wikidata":"Q108485435","surveillance":"public","surveillance:type":"ALPR","surveillance:zone":"traffic"}},{"type":"Feature","geometry":{"type":"Point","coordinates":[-116.9509289,32.8075776]},"properties":{"camera:type":"fixed","direction":"77","man_made":"surveillance","manufacturer":"Flock Safety","manufacturer:wikidata":"Q108485435","surveillance":"public","surveillance:type":"ALPR","surveillance:zone":"traffic"}},{"type":"Feature","geometry":{"type":"Point","coordinates":[-116.9510883,32.807813]},"properties":{"camera:type":"fixed","direction":"248","man_made":"surveillance","manufacturer":"Flock Safety","manufacturer:wikidata":"Q108485435","surveillance":"public","surveillance:type":"ALPR","surveillance:zone":"traffic"}},{"type":"Feature","geometry":{"type":"Point","coordinates":[-116.951122,32.807557]},"properties":{"camera:type":"fixed","direction":"173","man_made":"surveillance","manufacturer":"Flock Safety","manufacturer:wikidata":"Q108485435","surveillance":"public","surveillance:type":"ALPR","surveillance:zone":"traffic"}},{"type":"Feature","geometry":{"type":"Point","coordinates":[-116.9509432,32.8078121]},"properties":{"camera:type":"fixed","direction":"356","man_made":"surveillance","manufacturer":"Flock Safety","manufacturer:wikidata":"Q108485435","surveillance":"public","surveillance:type":"ALPR","surveillance:zone":"traffic"}},{"type":"Feature","geometry":{"type":"Point","coordinates":[-116.9445694,32.8078151]},"properties":{"camera:type":"fixed","direction":"349","man_made":"surveillance","manufacturer":"Flock Safety","manufacturer:wikidata":"Q108485435","surveillance":"public","surveillance:type":"ALPR","surveillance:zone":"traffic"}},{"type":"Feature","geometry":{"type":"Point","coordinates":[-116.9446818,32.8075737]},"properties":{"camera:type":"fixed","direction":"163","man_made":"surveillance","manufacturer":"Flock Safety","manufacturer:wikidata":"Q108485435","surveillance":"public","surveillance:type":"ALPR","surveillance:zone":"traffic"}},{"type":"Feature","geometry":{"type":"Point","coordinates":[-116.9358523,32.8075642]},"properties":{"camera:type":"fixed","direction":"162","man_made":"surveillance","manufacturer":"Flock Safety","manufacturer:wikidata":"Q108485435","surveillance":"public","surveillance:type":"ALPR","surveillance:zone":"traffic"}},{"type":"Feature","geometry":{"type":"Point","coordinates":[-116.9356061,32.8078347]},"properties":{"camera:type":"fixed","direction":"350","man_made":"surveillance","manufacturer":"Flock Safety","manufacturer:wikidata":"Q108485435","surveillance":"public","surveillance:type":"ALPR","surveillance:zone":"traffic"}},{"type":"Feature","geometry":{"type":"Point","coordinates":[-116.9358707,32.807845]},"properties":{"camera:type":"fixed","direction":"255","man_made":"surveillance","manufacturer":"Flock Safety","manufacturer:wikidata":"Q108485435","surveillance":"public","surveillance:type":"ALPR","surveillance:zone":"traffic"}},{"type":"Feature","geometry":{"type":"Point","coordinates":[-116.9355999,32.8075728]},"properties":{"camera:type":"fixed","direction":"73","man_made":"surveillance","manufacturer":"Flock Safety","manufacturer:wikidata":"Q108485435","surveillance":"public","surveillance:type":"ALPR","surveillance:zone":"traffic"}},{"type":"Feature","geometry":{"type":"Point","coordinates":[-116.9355999,32.8075728]},"properties":{"camera:type":"fixed","direction":"73","man_made":"surveillance","manufacturer":"Flock Safety","manufacturer:wikidata":"Q108485435","surveillance":"public","surveillance:type":"ALPR","surveillance:zone":"traffic"}},{"type":"Feature","geometry":{"type":"Point","coordinates":[-116.9356117,32.8021403]},"properties":{"camera:type":"fixed","direction":"347","man_made":"surveillance","manufacturer":"Flock Safety","manufacturer:wikidata":"Q108485435","surveillance":"public","surveillance:type":"ALPR","surveillance:zone":"traffic"}},{"type":"Feature","geometry":{"type":"Point","coordinates":[-116.9335392,32.792561]},"properties":{"camera:type":"fixed","direction":"56","man_made":"surveillance","manufacturer":"Flock Safety","manufacturer:wikidata":"Q108485435","surveillance":"public","surveillance:type":"ALPR","surveillance:zone":"traffic"}},{"type":"Feature","geometry":{"type":"Point","coordinates":[-117.0639685,32.934472]},"properties":{"direction":"45","man_made":"surveillance","manufacturer":"Flock Safety","operator":"San Diego Sheriff Department","surveillance":"traffic","surveillance:mount":"street_lamp","surveillance:type":"ALPR","surveillance:zone":"public"}},{"type":"Feature","geometry":{"type":"Point","coordinates":[-117.0743773,32.9488623]},"properties":{"direction":"20","man_made":"surveillance","manufacturer":"Flock Safety","operator":"San Diego Sheriff Department","surveillance":"traffic","surveillance:mount":"street_lamp","surveillance:type":"ALPR","surveillance:zone":"public"}},{"type":"Feature","geometry":{"type":"Point","coordinates":[-117.0625368,32.9783494]},"properties":{"direction":"145","man_made":"surveillance","manufacturer":"Flock Safety","operator":"San Diego Sheriff Department","surveillance":"traffic","surveillance:mount":"street_lamp","surveillance:type":"ALPR","surveillance:zone":"public"}},{"type":"Feature","geometry":{"type":"Point","coordinates":[-117.0616673,32.983601]},"properties":{"direction":"350","man_made":"surveillance","manufacturer":"Flock Safety","operator":"San Diego Sheriff Department","surveillance":"traffic","surveillance:mount":"street_lamp","surveillance:type":"ALPR","surveillance:zone":"public"}},{"type":"Feature","geometry":{"type":"Point","coordinates":[-117.052599,33.0186769]},"properties":{"direction":"50","man_made":"surveillance","manufacturer":"Flock Safety","operator":"San Diego Sheriff Department","surveillance":"traffic","surveillance:mount":"street_lamp","surveillance:type":"ALPR","surveillance:zone":"public"}},{"type":"Feature","geometry":{"type":"Point","coordinates":[-117.0585451,32.9799337]},"properties":{"direction":"105","man_made":"surveillance","manufacturer":"Flock Safety","operator":"San Diego Sheriff Department","surveillance":"traffic","surveillance:mount":"street_lamp","surveillance:type":"ALPR","surveillance:zone":"public"}},{"type":"Feature","geometry":{"type":"Point","coordinates":[-117.0360111,32.9366872]},"properties":{"direction":"160","man_made":"surveillance","manufacturer":"Flock Safety","operator":"The Home Depot","operator:wikidata":"Q864407","surveillance":"traffic","surveillance:mount":"street_lamp","surveillance:type":"ALPR","surveillance:zone":"public"}},{"type":"Feature","geometry":{"type":"Point","coordinates":[-117.0615781,32.6014237]},"properties":{"direction":"50","man_made":"surveillance","manufacturer":"Flock Safety","operator":"Chula Vista Police Department","surveillance":"traffic","surveillance:mount":"street_lamp","surveillance:type":"ALPR","surveillance:zone":"public"}},{"type":"Feature","geometry":{"type":"Point","coordinates":[-117.0693013,32.6010613]},"properties":{"direction":"135","man_made":"surveillance","manufacturer":"Flock Safety","operator":"Chula Vista Police Department","surveillance":"traffic","surveillance:mount":"street_lamp","surveillance:type":"ALPR","surveillance:zone":"public"}},{"type":"Feature","geometry":{"type":"Point","coordinates":[-117.1269746,32.7826282]},"properties":{"direction":"275","man_made":"surveillance","manufacturer":"Flock Safety","operator":"Lowe's","operator:wikidata":"Q1373493","surveillance":"traffic","surveillance:mount":"street_lamp","surveillance:type":"ALPR","surveillance:zone":"public"}},{"type":"Feature","geometry":{"type":"Point","coordinates":[-116.950338,32.6341443]},"properties":{"camera:type":"fixed","direction":"349","man_made":"surveillance","manufacturer":"Flock Safety","manufacturer:wikidata":"Q108485435","surveillance":"public","surveillance:type":"ALPR","surveillance:zone":"traffic"}},{"type":"Feature","geometry":{"type":"Point","coordinates":[-116.9481855,32.6310938]},"properties":{"camera:type":"fixed","direction":"159","man_made":"surveillance","manufacturer":"Flock Safety","manufacturer:wikidata":"Q108485435","surveillance":"public","surveillance:type":"ALPR","surveillance:zone":"traffic"}},{"type":"Feature","geometry":{"type":"Point","coordinates":[-116.9445447,32.7950912]},"properties":{"camera:type":"fixed","direction":"0","man_made":"surveillance","manufacturer":"Flock Safety","manufacturer:wikidata":"Q108485435","surveillance":"public","surveillance:type":"ALPR","surveillance:zone":"traffic"}},{"type":"Feature","geometry":{"type":"Point","coordinates":[-116.9446708,32.7950636]},"properties":{"camera:type":"fixed","direction":"262","man_made":"surveillance","manufacturer":"Flock Safety","manufacturer:wikidata":"Q108485435","surveillance":"public","surveillance:type":"ALPR","surveillance:zone":"traffic"}},{"type":"Feature","geometry":{"type":"Point","coordinates":[-116.9446643,32.7947978]},"properties":{"camera:type":"fixed","direction":"181","man_made":"surveillance","manufacturer":"Flock Safety","manufacturer:wikidata":"Q108485435","surveillance":"public","surveillance:type":"ALPR","surveillance:zone":"traffic"}},{"type":"Feature","geometry":{"type":"Point","coordinates":[-116.9445217,32.7948075]},"properties":{"camera:type":"fixed","direction":"94","man_made":"surveillance","manufacturer":"Flock Safety","manufacturer:wikidata":"Q108485435","surveillance":"public","surveillance:type":"ALPR","surveillance:zone":"traffic"}},{"type":"Feature","geometry":{"type":"Point","coordinates":[-116.9176965,32.7874663]},"properties":{"camera:type":"fixed","direction":"78","man_made":"surveillance","manufacturer":"Flock Safety","manufacturer:wikidata":"Q108485435","surveillance":"public","surveillance:type":"ALPR","surveillance:zone":"traffic"}},{"type":"Feature","geometry":{"type":"Point","coordinates":[-116.917896,32.7876341]},"properties":{"camera:type":"fixed","direction":"257","man_made":"surveillance","manufacturer":"Flock Safety","manufacturer:wikidata":"Q108485435","surveillance":"public","surveillance:type":"ALPR","surveillance:zone":"traffic"}},{"type":"Feature","geometry":{"type":"Point","coordinates":[-117.0965334,32.6214868]},"properties":{"camera:type":"fixed","direction":"202-247","man_made":"surveillance","manufacturer":"Flock Safety","manufacturer:wikidata":"Q108485435","surveillance":"public","surveillance:type":"ALPR","surveillance:zone":"traffic"}},{"type":"Feature","geometry":{"type":"Point","coordinates":[-117.0273548,32.7735846]},"properties":{"camera:type":"fixed","direction":"165","man_made":"surveillance","manufacturer":"Flock Safety","manufacturer:wikidata":"Q108485435","surveillance:type":"ALPR"}},{"type":"Feature","geometry":{"type":"Point","coordinates":[-117.2318159,33.0648758]},"properties":{"camera:type":"fixed","direction":"28-73","man_made":"surveillance","manufacturer":"Flock Safety","manufacturer:wikidata":"Q108485435","surveillance":"public","surveillance:type":"ALPR","surveillance:zone":"traffic"}},{"type":"Feature","geometry":{"type":"Point","coordinates":[-117.2349706,33.0337081]},"properties":{"camera:type":"fixed","direction":"273-318","man_made":"surveillance","manufacturer":"Flock Safety","manufacturer:wikidata":"Q108485435","surveillance":"public","surveillance:type":"ALPR","surveillance:zone":"traffic"}},{"type":"Feature","geometry":{"type":"Point","coordinates":[-117.2386863,33.0371596]},"properties":{"camera:type":"fixed","direction":"86-131","man_made":"surveillance","manufacturer":"Flock Safety","manufacturer:wikidata":"Q108485435","surveillance":"public","surveillance:type":"ALPR","surveillance:zone":"traffic"}},{"type":"Feature","geometry":{"type":"Point","coordinates":[-117.2388228,33.0372097]},"properties":{"camera:type":"fixed","direction":"158-203","man_made":"surveillance","manufacturer":"Flock Safety","manufacturer:wikidata":"Q108485435","surveillance":"public","surveillance:type":"ALPR","surveillance:zone":"traffic"}},{"type":"Feature","geometry":{"type":"Point","coordinates":[-117.2387531,33.0373581]},"properties":{"camera:type":"fixed","direction":"278-323","man_made":"surveillance","manufacturer":"Flock Safety","manufacturer:wikidata":"Q108485435","surveillance":"public","surveillance:type":"ALPR","surveillance:zone":"traffic"}},{"type":"Feature","geometry":{"type":"Point","coordinates":[-117.0904067,32.977743]},"properties":{"camera:type":"fixed","direction":"210","man_made":"surveillance","surveillance:type":"ALPR"}},{"type":"Feature","geometry":{"type":"Point","coordinates":[-117.0900793,32.9776338]},"properties":{"camera:type":"fixed","direction":"305","man_made":"surveillance","surveillance:type":"ALPR"}},{"type":"Feature","geometry":{"type":"Point","coordinates":[-117.2406714,33.0612257]},"properties":{"camera:type":"fixed","direction":"212-257","man_made":"surveillance","manufacturer":"Flock Safety","manufacturer:wikidata":"Q108485435","surveillance":"public","surveillance:type":"ALPR","surveillance:zone":"traffic"}},{"type":"Feature","geometry":{"type":"Point","coordinates":[-117.2407224,33.0612534]},"properties":{"camera:type":"fixed","direction":"302-347","man_made":"surveillance","manufacturer":"Flock Safety","manufacturer:wikidata":"Q108485435","surveillance":"public","surveillance:type":"ALPR","surveillance:zone":"traffic"}},{"type":"Feature","geometry":{"type":"Point","coordinates":[-117.1234952,33.0112192]},"properties":{"camera:type":"fixed","direction":"344-29;338-23;338-23;338-23;338-23;338-23;338-23;338-23","man_made":"surveillance","manufacturer":"Flock Safety","manufacturer:wikidata":"Q108485435","surveillance":"public","surveillance:type":"ALPR","surveillance:zone":"traffic"}},{"type":"Feature","geometry":{"type":"Point","coordinates":[-117.123585,33.011308]},"properties":{"camera:type":"fixed","direction":"183-228","man_made":"surveillance","manufacturer":"Flock Safety","manufacturer:wikidata":"Q108485435","surveillance":"public","surveillance:type":"ALPR","surveillance:zone":"traffic"}},{"type":"Feature","geometry":{"type":"Point","coordinates":[-117.1210816,32.9149126]},"properties":{"camera:type":"fixed","direction":"183","man_made":"surveillance","manufacturer":"Flock Safety","manufacturer:wikidata":"Q108485435","surveillance":"public","surveillance:type":"ALPR","surveillance:zone":"traffic"}},{"type":"Feature","geometry":{"type":"Point","coordinates":[-117.1211003,32.9149551]},"properties":{"camera:type":"fixed","direction":"0","man_made":"surveillance","manufacturer":"Flock Safety","manufacturer:wikidata":"Q108485435","surveillance":"public","surveillance:type":"ALPR","surveillance:zone":"traffic"}},{"type":"Feature","geometry":{"type":"Point","coordinates":[-117.1210816,32.9149126]},"properties":{"camera:type":"fixed","direction":"183","man_made":"surveillance","manufacturer":"Flock Safety","manufacturer:wikidata":"Q108485435","surveillance":"public","surveillance:type":"ALPR","surveillance:zone":"traffic"}},{"type":"Feature","geometry":{"type":"Point","coordinates":[-117.1216718,32.9149272]},"properties":{"camera:type":"fixed","direction":"359","man_made":"surveillance","manufacturer":"Flock Safety","manufacturer:wikidata":"Q108485435","surveillance":"public","surveillance:type":"ALPR","surveillance:zone":"traffic"}},{"type":"Feature","geometry":{"type":"Point","coordinates":[-117.1207168,32.9141317]},"properties":{"camera:type":"fixed","direction":"197","man_made":"surveillance","manufacturer":"Flock Safety","manufacturer:wikidata":"Q108485435","surveillance":"public","surveillance:type":"ALPR","surveillance:zone":"traffic"}},{"type":"Feature","geometry":{"type":"Point","coordinates":[-117.1222022,32.9130026]},"properties":{"camera:type":"fixed","direction":"345","man_made":"surveillance","manufacturer":"Flock Safety","manufacturer:wikidata":"Q108485435","surveillance":"public","surveillance:type":"ALPR","surveillance:zone":"traffic"}},{"type":"Feature","geometry":{"type":"Point","coordinates":[-117.123585,33.011308]},"properties":{"camera:type":"fixed","direction":"183-228","man_made":"surveillance","manufacturer":"Flock Safety","manufacturer:wikidata":"Q108485435","surveillance":"public","surveillance:type":"ALPR","surveillance:zone":"traffic"}},{"type":"Feature","geometry":{"type":"Point","coordinates":[-116.9167154,32.8148318]},"properties":{"camera:type":"fixed","direction":"24","man_made":"surveillance","manufacturer":"Flock Safety","manufacturer:wikidata":"Q108485435","surveillance":"public","surveillance:type":"ALPR","surveillance:zone":"traffic"}},{"type":"Feature","geometry":{"type":"Point","coordinates":[-117.1016786,32.7825618]},"properties":{"direction":"270","man_made":"surveillance","manufacturer":"Flock Safety","manufacturer:wikidata":"Q108485435","surveillance":"traffic","surveillance:type":"ALPR"}},{"type":"Feature","geometry":{"type":"Point","coordinates":[-117.0581278,32.7652415]},"properties":{"camera:mount":"street_lamp","camera:type":"fixed","man_made":"surveillance","surveillance":"outdoor","surveillance:type":"ALPR","surveillance:zone":"residential"}},{"type":"Feature","geometry":{"type":"Point","coordinates":[-116.9568945,32.7875737]},"properties":{"camera:type":"fixed","direction":"85","man_made":"surveillance","manufacturer":"Flock Safety","manufacturer:wikidata":"Q108485435","surveillance":"public","surveillance:type":"ALPR","surveillance:zone":"traffic"}},{"type":"Feature","geometry":{"type":"Point","coordinates":[-116.9601449,32.7949124]},"properties":{"camera:type":"fixed","direction":"83","man_made":"surveillance","manufacturer":"Flock Safety","manufacturer:wikidata":"Q108485435","surveillance":"public","surveillance:type":"ALPR","surveillance:zone":"traffic"}},{"type":"Feature","geometry":{"type":"Point","coordinates":[-116.9509615,32.7806915]},"properties":{"camera:type":"fixed","direction":"0","man_made":"surveillance","manufacturer":"Flock Safety","manufacturer:wikidata":"Q108485435","surveillance":"camera","surveillance:type":"ALPR","surveillance:zone":"traffic"}},{"type":"Feature","geometry":{"type":"Point","coordinates":[-117.2170277,32.9854991]},"properties":{"camera:type":"fixed","direction":"345","man_made":"surveillance","manufacturer":"Flock Safety","manufacturer:wikidata":"Q108485435","surveillance:type":"ALPR","surveillance:zone":"traffic"}},{"type":"Feature","geometry":{"type":"Point","coordinates":[-117.0791616,32.7578382]},"properties":{"man_made":"surveillance","surveillance":"outdoor","surveillance:type":"ALPR"}},{"type":"Feature","geometry":{"type":"Point","coordinates":[-117.0669193,32.7616466]},"properties":{"description":"smart streetlight","man_made":"surveillance","surveillance":"traffic","surveillance:type":"ALPR","surveillance:zone":"traffic"}},{"type":"Feature","geometry":{"type":"Point","coordinates":[-117.0853036,32.7105602]},"properties":{"description":"Smart Streetlights","man_made":"surveillance","surveillance:type":"ALPR","surveillance:zone":"traffic"}},{"type":"Feature","geometry":{"type":"Point","coordinates":[-117.0852355,32.7087528]},"properties":{"description":"Smart Streetlight","man_made":"surveillance","surveillance":"outdoor","surveillance:type":"ALPR"}},{"type":"Feature","geometry":{"type":"Point","coordinates":[-117.0858455,32.708784]},"properties":{"man_made":"surveillance","surveillance":"private","surveillance:type":"ALPR","surveillance:zone":"parking"}},{"type":"Feature","geometry":{"type":"Point","coordinates":[-117.0851921,32.707619]},"properties":{"description":"Smart Streetlight","man_made":"surveillance","surveillance":"outdoor","surveillance:type":"ALPR"}},{"type":"Feature","geometry":{"type":"Point","coordinates":[-117.084959,32.6973567]},"properties":{"description":"Smart Streetlight","man_made":"surveillance","surveillance":"outdoor","surveillance:type":"ALPR"}},{"type":"Feature","geometry":{"type":"Point","coordinates":[-117.0853088,32.6966919]},"properties":{"description":"Smart Streetlight","man_made":"surveillance","surveillance":"outdoor","surveillance:type":"ALPR","surveillance:zone":"traffic"}},{"type":"Feature","geometry":{"type":"Point","coordinates":[-117.2620706,33.0649912]},"properties":{"camera:type":"fixed","direction":"50","man_made":"surveillance","manufacturer":"Flock Safety","manufacturer:wikidata":"Q108485435","surveillance":"public","surveillance:type":"ALPR","surveillance:zone":"traffic"}},{"type":"Feature","geometry":{"type":"Point","coordinates":[-117.2705481,32.9803479]},"properties":{"camera:type":"fixed","direction":"5","man_made":"surveillance","manufacturer":"Flock Safety","manufacturer:wikidata":"Q108485435","surveillance":"public","surveillance:type":"ALPR","surveillance:zone":"traffic"}},{"type":"Feature","geometry":{"type":"Point","coordinates":[-117.307292,33.0832845]},"properties":{"camera:mount":"street_lamp","camera:type":"fixed","direction":"55","man_made":"surveillance","manufacturer":"Flock Safety","manufacturer:wikidata":"Q108485435","surveillance":"public","surveillance:type":"ALPR","surveillance:zone":"traffic"}},{"type":"Feature","geometry":{"type":"Point","coordinates":[-117.2733497,33.0264922]},"properties":{"camera:mount":"street_lamp","camera:type":"fixed","direction":"83","man_made":"surveillance","manufacturer":"Flock Safety","manufacturer:wikidata":"Q108485435","surveillance":"public","surveillance:type":"ALPR","surveillance:zone":"traffic"}},{"type":"Feature","geometry":{"type":"Point","coordinates":[-117.2786902,33.0361837]},"properties":{"camera:mount":"street_lamp","camera:type":"fixed","direction":"73","man_made":"surveillance","manufacturer":"Flock Safety","manufacturer:wikidata":"Q108485435","surveillance":"public","surveillance:type":"ALPR","surveillance:zone":"traffic"}},{"type":"Feature","geometry":{"type":"Point","coordinates":[-117.2779562,33.0026939]},"properties":{"camera:mount":"pole","camera:type":"fixed","direction":"199","man_made":"surveillance","manufacturer":"Flock Safety","manufacturer:wikidata":"Q108485435","surveillance":"public","surveillance:type":"ALPR","surveillance:zone":"traffic"}},{"type":"Feature","geometry":{"type":"Point","coordinates":[-117.284336,33.0211494]},"properties":{"camera:mount":"pole","camera:type":"fixed","direction":"17","man_made":"surveillance","manufacturer":"Flock Safety","manufacturer:wikidata":"Q108485435","surveillance":"public","surveillance:type":"ALPR","surveillance:zone":"traffic"}},{"type":"Feature","geometry":{"type":"Point","coordinates":[-117.2843377,33.0214125]},"properties":{"camera:mount":"street_lamp","camera:type":"fixed","direction":"138","man_made":"surveillance","manufacturer":"Flock Safety","manufacturer:wikidata":"Q108485435","surveillance":"public","surveillance:type":"ALPR","surveillance:zone":"traffic"}},{"type":"Feature","geometry":{"type":"Point","coordinates":[-117.2858632,33.0244235]},"properties":{"camera:mount":"pole","camera:type":"fixed","direction":"319","man_made":"surveillance","manufacturer":"Flock Safety","manufacturer:wikidata":"Q108485435","surveillance":"public","surveillance:type":"ALPR","surveillance:zone":"traffic"}},{"type":"Feature","geometry":{"type":"Point","coordinates":[-117.1140308,32.7632223]},"properties":{"man_made":"surveillance","surveillance":"outdoor","surveillance:type":"ALPR"}},{"type":"Feature","geometry":{"type":"Point","coordinates":[-117.119377,32.763237]},"properties":{"man_made":"surveillance","surveillance:type":"ALPR","surveillance:zone":"street"}},{"type":"Feature","geometry":{"type":"Point","coordinates":[-117.2690031,32.9808967]},"properties":{"camera:mount":"street_lamp","camera:type":"fixed","direction":"324","man_made":"surveillance","manufacturer":"Flock Safety","manufacturer:wikidata":"Q108485435","surveillance":"public","surveillance:type":"ALPR","surveillance:zone":"traffic"}},{"type":"Feature","geometry":{"type":"Point","coordinates":[-117.2622739,32.9518977]},"properties":{"camera:mount":"street_lamp","camera:type":"fixed","direction":"300","man_made":"surveillance","manufacturer":"Flock Safety","manufacturer:wikidata":"Q108485435","surveillance":"public","surveillance:type":"ALPR","surveillance:zone":"traffic"}},{"type":"Feature","geometry":{"type":"Point","coordinates":[-117.2270942,32.9985688]},"properties":{"camera:type":"fixed","direction":"336","man_made":"surveillance","manufacturer":"Flock Safety","manufacturer:wikidata":"Q108485435","surveillance":"public","surveillance:type":"ALPR","surveillance:zone":"traffic"}},{"type":"Feature","geometry":{"type":"Point","coordinates":[-117.2532151,32.9955192]},"properties":{"camera:type":"fixed","direction":"76","man_made":"surveillance","manufacturer":"Flock Safety","manufacturer:wikidata":"Q108485435","surveillance":"public","surveillance:type":"ALPR","surveillance:zone":"traffic"}},{"type":"Feature","geometry":{"type":"Point","coordinates":[-117.2620325,33.0660387]},"properties":{"camera:type":"fixed","direction":"60-105","man_made":"surveillance","manufacturer":"Flock Safety","manufacturer:wikidata":"Q108485435","surveillance":"public","surveillance:type":"ALPR","surveillance:zone":"traffic"}},{"type":"Feature","geometry":{"type":"Point","coordinates":[-116.9841556,32.8410674]},"properties":{"camera:type":"fixed","direction":"276","man_made":"surveillance","manufacturer":"Flock Safety","manufacturer:wikidata":"Q108485435","surveillance":"public","surveillance:type":"ALPR","surveillance:zone":"traffic"}},{"type":"Feature","geometry":{"type":"Point","coordinates":[-116.9914498,32.8396739]},"properties":{"camera:mount":"street_lamp","camera:type":"fixed","direction":"302","man_made":"surveillance","manufacturer":"Flock Safety","manufacturer:wikidata":"Q108485435","operator":"Lowe's","operator:type":"private","operator:wikidata":"Q1373493","surveillance":"public","surveillance:type":"ALPR","surveillance:zone":"traffic"}},{"type":"Feature","geometry":{"type":"Point","coordinates":[-116.9934401,32.8396378]},"properties":{"camera:mount":"street_lamp","camera:type":"fixed","direction":"55","man_made":"surveillance","manufacturer":"Flock Safety","manufacturer:wikidata":"Q108485435","operator":"Lowe's","operator:type":"private","operator:wikidata":"Q1373493","surveillance":"public","surveillance:type":"ALPR","surveillance:zone":"traffic"}},{"type":"Feature","geometry":{"type":"Point","coordinates":[-116.9854814,32.8422092]},"properties":{"camera:mount":"pole","camera:type":"fixed","direction":"190","man_made":"surveillance","manufacturer":"Flock Safety","manufacturer:wikidata":"Q108485435","operator":"The Home Depot","operator:type":"private","operator:wikidata":"Q864407","surveillance":"public","surveillance:type":"ALPR","surveillance:zone":"traffic"}},{"type":"Feature","geometry":{"type":"Point","coordinates":[-116.9835873,32.8418995]},"properties":{"camera:mount":"pole","camera:type":"fixed","direction":"119","man_made":"surveillance","manufacturer":"Flock Safety","manufacturer:wikidata":"Q108485435","surveillance":"public","surveillance:type":"ALPR","surveillance:zone":"traffic"}},{"type":"Feature","geometry":{"type":"Point","coordinates":[-117.0543442,32.7685333]},"properties":{"man_made":"surveillance","surveillance":"traffic","surveillance:type":"ALPR","surveillance:zone":"traffic"}},{"type":"Feature","geometry":{"type":"Point","coordinates":[-117.2712217,33.0132509]},"properties":{"camera:mount":"pole","camera:type":"fixed","direction":"262","man_made":"surveillance","manufacturer":"Flock Safety","manufacturer:wikidata":"Q108485435","surveillance":"public","surveillance:type":"ALPR","surveillance:zone":"traffic"}},{"type":"Feature","geometry":{"type":"Point","coordinates":[-117.226101,32.8695131]},"properties":{"camera:type":"fixed","direction":"245;359;136","man_made":"surveillance","manufacturer":"Flock Safety","manufacturer:wikidata":"Q108485435","surveillance":"public","surveillance:type":"ALPR","surveillance:zone":"traffic"}},{"type":"Feature","geometry":{"type":"Point","coordinates":[-117.1683582,32.7186993]},"properties":{"man_made":"surveillance","surveillance:type":"ALPR"}},{"type":"Feature","geometry":{"type":"Point","coordinates":[-117.0190268,32.7930301]},"properties":{"man_made":"surveillance","surveillance:type":"ALPR"}},{"type":"Feature","geometry":{"type":"Point","coordinates":[-117.0187036,32.7928587]},"properties":{"man_made":"surveillance","surveillance:type":"ALPR"}},{"type":"Feature","geometry":{"type":"Point","coordinates":[-117.0204497,32.7934901]},"properties":{"man_made":"surveillance","surveillance:type":"ALPR"}},{"type":"Feature","geometry":{"type":"Point","coordinates":[-117.147438,32.7431913]},"properties":{"description":"smart streetlight","man_made":"surveillance","surveillance:type":"ALPR"}},{"type":"Feature","geometry":{"type":"Point","coordinates":[-116.9711987,32.8038428]},"properties":{"camera:mount":"pole","camera:type":"fixed","direction":"165","man_made":"surveillance","manufacturer":"Flock Safety","manufacturer:wikidata":"Q108485435","surveillance":"public","surveillance:type":"ALPR","surveillance:zone":"traffic"}},{"type":"Feature","geometry":{"type":"Point","coordinates":[-116.9339075,32.7924978]},"properties":{"camera:type":"fixed","direction":"214","man_made":"surveillance","manufacturer":"Flock Safety","manufacturer:wikidata":"Q108485435","surveillance":"public","surveillance:type":"ALPR","surveillance:zone":"traffic"}},{"type":"Feature","geometry":{"type":"Point","coordinates":[-116.9364383,32.7954171]},"properties":{"camera:type":"fixed","direction":"227","man_made":"surveillance","manufacturer":"Flock Safety","manufacturer:wikidata":"Q108485435","surveillance":"public","surveillance:type":"ALPR","surveillance:zone":"traffic"}},{"type":"Feature","geometry":{"type":"Point","coordinates":[-117.000749,32.838783]},"properties":{"camera:type":"fixed","direction":"180","man_made":"surveillance","manufacturer":"Neology, Inc.","surveillance":"public","surveillance:type":"ALPR","surveillance:zone":"traffic"}},{"type":"Feature","geometry":{"type":"Point","coordinates":[-117.0008241,32.838595]},"properties":{"camera:type":"fixed","direction":"90","man_made":"surveillance","manufacturer":"Neology, Inc.","surveillance":"public","surveillance:type":"ALPR","surveillance:zone":"traffic"}},{"type":"Feature","geometry":{"type":"Point","coordinates":[-117.0006545,32.8387213]},"properties":{"camera:type":"fixed","direction":"267","man_made":"surveillance","manufacturer":"Neology, Inc.","surveillance":"public","surveillance:type":"ALPR","surveillance:zone":"traffic"}},{"type":"Feature","geometry":{"type":"Point","coordinates":[-117.0007258,32.8338771]},"properties":{"camera:type":"fixed","direction":"183","man_made":"surveillance","manufacturer":"Neology, Inc.","surveillance":"public","surveillance:type":"ALPR","surveillance:zone":"traffic"}},{"type":"Feature","geometry":{"type":"Point","coordinates":[-117.0006877,32.8338211]},"properties":{"camera:type":"fixed","direction":"266","man_made":"surveillance","manufacturer":"Neology, Inc.","surveillance":"public","surveillance:type":"ALPR","surveillance:zone":"traffic"}},{"type":"Feature","geometry":{"type":"Point","coordinates":[-117.0007825,32.8338354]},"properties":{"camera:type":"fixed","direction":"93","man_made":"surveillance","manufacturer":"Neology, Inc.","surveillance":"public","surveillance:type":"ALPR","surveillance:zone":"traffic"}},{"type":"Feature","geometry":{"type":"Point","coordinates":[-116.9893326,32.8336933]},"properties":{"camera:type":"fixed","direction":"202","man_made":"surveillance","manufacturer":"Neology, Inc.","surveillance":"public","surveillance:type":"ALPR","surveillance:zone":"traffic"}},{"type":"Feature","geometry":{"type":"Point","coordinates":[-116.9895705,32.8335906]},"properties":{"camera:type":"fixed","direction":"110","man_made":"surveillance","manufacturer":"Neology, Inc.","surveillance":"public","surveillance:type":"ALPR","surveillance:zone":"traffic"}},{"type":"Feature","geometry":{"type":"Point","coordinates":[-116.989485,32.8334128]},"properties":{"camera:type":"fixed","direction":"24","man_made":"surveillance","manufacturer":"Neology, Inc.","surveillance":"public","surveillance:type":"ALPR","surveillance:zone":"traffic"}},{"type":"Feature","geometry":{"type":"Point","coordinates":[-116.9892518,32.8334808]},"properties":{"camera:type":"fixed","direction":"290","man_made":"surveillance","manufacturer":"Neology, Inc.","surveillance":"public","surveillance:type":"ALPR","surveillance:zone":"traffic"}},{"type":"Feature","geometry":{"type":"Point","coordinates":[-116.9914535,32.8388667]},"properties":{"camera:type":"fixed","direction":"180","man_made":"surveillance","manufacturer":"Neology, Inc.","surveillance":"public","surveillance:type":"ALPR","surveillance:zone":"traffic"}},{"type":"Feature","geometry":{"type":"Point","coordinates":[-116.9912954,32.838729]},"properties":{"camera:type":"fixed","direction":"256","man_made":"surveillance","manufacturer":"Neology, Inc.","surveillance":"public","surveillance:type":"ALPR","surveillance:zone":"traffic"}},{"type":"Feature","geometry":{"type":"Point","coordinates":[-116.9916495,32.8386479]},"properties":{"camera:type":"fixed","direction":"86","man_made":"surveillance","manufacturer":"Neology, Inc.","surveillance":"public","surveillance:type":"ALPR","surveillance:zone":"traffic"}},{"type":"Feature","geometry":{"type":"Point","coordinates":[-116.9914681,32.8385225]},"properties":{"camera:type":"fixed","direction":"2","man_made":"surveillance","manufacturer":"Neology, Inc.","surveillance":"public","surveillance:type":"ALPR","surveillance:zone":"traffic"}},{"type":"Feature","geometry":{"type":"Point","coordinates":[-116.988433,32.8385408]},"properties":{"camera:type":"fixed","direction":"0","man_made":"surveillance","manufacturer":"Neology, Inc.","surveillance":"public","surveillance:type":"ALPR","surveillance:zone":"traffic"}},{"type":"Feature","geometry":{"type":"Point","coordinates":[-116.9883369,32.8386278]},"properties":{"camera:type":"fixed","direction":"266","man_made":"surveillance","manufacturer":"Neology, Inc.","surveillance":"public","surveillance:type":"ALPR","surveillance:zone":"traffic"}},{"type":"Feature","geometry":{"type":"Point","coordinates":[-116.9883357,32.838833]},"properties":{"camera:type":"fixed","direction":"191","man_made":"surveillance","manufacturer":"Neology, Inc.","surveillance":"public","surveillance:type":"ALPR","surveillance:zone":"traffic"}},{"type":"Feature","geometry":{"type":"Point","coordinates":[-116.9884743,32.8387853]},"properties":{"camera:type":"fixed","direction":"104","man_made":"surveillance","manufacturer":"Neology, Inc.","surveillance":"public","surveillance:type":"ALPR","surveillance:zone":"traffic"}},{"type":"Feature","geometry":{"type":"Point","coordinates":[-116.9961935,32.8338801]},"properties":{"camera:type":"fixed","direction":"260","man_made":"surveillance","manufacturer":"Neology, Inc.","surveillance":"public","surveillance:type":"ALPR","surveillance:zone":"traffic"}},{"type":"Feature","geometry":{"type":"Point","coordinates":[-117.0007583,32.8337088]},"properties":{"camera:type":"fixed","direction":"0","man_made":"surveillance","manufacturer":"Neology, Inc.","surveillance":"public","surveillance:type":"ALPR","surveillance:zone":"traffic"}},{"type":"Feature","geometry":{"type":"Point","coordinates":[-116.996344,32.8338457]},"properties":{"camera:type":"fixed","direction":"96","man_made":"surveillance","manufacturer":"Neology, Inc.","surveillance":"public","surveillance:type":"ALPR","surveillance:zone":"traffic"}},{"type":"Feature","geometry":{"type":"Point","coordinates":[-116.9962687,32.8337894]},"properties":{"camera:type":"fixed","direction":"4","man_made":"surveillance","manufacturer":"Neology, Inc.","surveillance":"public","surveillance:type":"ALPR","surveillance:zone":"traffic"}},{"type":"Feature","geometry":{"type":"Point","coordinates":[-116.9962753,32.8339296]},"properties":{"camera:type":"fixed","direction":"179","man_made":"surveillance","manufacturer":"Neology, Inc.","surveillance":"public","surveillance:type":"ALPR","surveillance:zone":"traffic"}},{"type":"Feature","geometry":{"type":"Point","coordinates":[-117.0006354,32.8338091]},"properties":{"camera:type":"fixed","direction":"265","man_made":"surveillance","manufacturer":"Neology, Inc.","surveillance":"public","surveillance:type":"ALPR","surveillance:zone":"traffic"}},{"type":"Feature","geometry":{"type":"Point","coordinates":[-117.2494489,32.9800356]},"properties":{"camera:mount":"pole","camera:type":"fixed","direction":"202","man_made":"surveillance","manufacturer":"Flock Safety","manufacturer:wikidata":"Q108485435","surveillance":"public","surveillance:type":"ALPR","surveillance:zone":"traffic"}},{"type":"Feature","geometry":{"type":"Point","coordinates":[-117.1001524,32.6816135]},"properties":{"camera:mount":"street_lamp","camera:type":"fixed","direction":"226","man_made":"surveillance","manufacturer":"Flock Safety","manufacturer:wikidata":"Q108485435","surveillance":"public","surveillance:type":"ALPR","surveillance:zone":"traffic"}},{"type":"Feature","geometry":{"type":"Point","coordinates":[-117.2591741,32.9961889]},"properties":{"camera:mount":"traffic_signals","camera:type":"fixed","direction":"236","man_made":"surveillance","manufacturer":"Flock Safety","manufacturer:wikidata":"Q108485435","surveillance":"public","surveillance:type":"ALPR","surveillance:zone":"traffic"}},{"type":"Feature","geometry":{"type":"Point","coordinates":[-117.1357414,32.9288641]},"properties":{"camera:type":"fixed","direction":"160","man_made":"surveillance","manufacturer":"Flock Safety","manufacturer:wikidata":"Q108485435","surveillance:type":"ALPR"}},{"type":"Feature","geometry":{"type":"Point","coordinates":[-117.0344385,32.9359483]},"properties":{"camera:mount":"pole","camera:type":"fixed","direction":"239","man_made":"surveillance","manufacturer":"Flock Safety","manufacturer:wikidata":"Q108485435","operator":"The Home Depot","operator:type":"private","operator:wikidata":"Q864407","surveillance":"public","surveillance:type":"ALPR","surveillance:zone":"traffic"}},{"type":"Feature","geometry":{"type":"Point","coordinates":[-116.9507724,32.7802638]},"properties":{"camera:type":"fixed","direction":"70","man_made":"surveillance","manufacturer":"Flock Safety","manufacturer:wikidata":"Q108485435","surveillance":"public","surveillance:type":"ALPR","surveillance:zone":"traffic"}},{"type":"Feature","geometry":{"type":"Point","coordinates":[-116.9747174,32.7878781]},"properties":{"camera:type":"fixed","direction":"43","man_made":"surveillance","manufacturer":"Flock Safety","manufacturer:wikidata":"Q108485435","surveillance":"public","surveillance:type":"ALPR","surveillance:zone":"traffic"}},{"type":"Feature","geometry":{"type":"Point","coordinates":[-116.9757897,32.7951143]},"properties":{"camera:type":"fixed","direction":"243","man_made":"surveillance","manufacturer":"Flock Safety","manufacturer:wikidata":"Q108485435","surveillance":"public","surveillance:type":"ALPR","surveillance:zone":"traffic"}},{"type":"Feature","geometry":{"type":"Point","coordinates":[-116.9797971,32.8161302]},"properties":{"camera:type":"fixed","direction":"173","man_made":"surveillance","manufacturer":"Flock Safety","manufacturer:wikidata":"Q108485435","surveillance":"public","surveillance:type":"ALPR","surveillance:zone":"traffic"}},{"type":"Feature","geometry":{"type":"Point","coordinates":[-116.9794546,32.8169928]},"properties":{"camera:type":"fixed","direction":"108","man_made":"surveillance","manufacturer":"Flock Safety","manufacturer:wikidata":"Q108485435","surveillance":"public","surveillance:type":"ALPR","surveillance:zone":"traffic"}},{"type":"Feature","geometry":{"type":"Point","coordinates":[-116.9793899,32.8178326]},"properties":{"camera:type":"fixed","direction":"329","man_made":"surveillance","manufacturer":"Flock Safety","manufacturer:wikidata":"Q108485435","surveillance":"public","surveillance:type":"ALPR","surveillance:zone":"traffic"}},{"type":"Feature","geometry":{"type":"Point","coordinates":[-116.9641382,32.8087691]},"properties":{"camera:type":"fixed","direction":"329","man_made":"surveillance","manufacturer":"Flock Safety","manufacturer:wikidata":"Q108485435","surveillance":"public","surveillance:type":"ALPR","surveillance:zone":"traffic"}},{"type":"Feature","geometry":{"type":"Point","coordinates":[-116.9673989,32.8079261]},"properties":{"camera:type":"fixed","direction":"331","man_made":"surveillance","manufacturer":"Flock Safety","manufacturer:wikidata":"Q108485435","surveillance":"public","surveillance:type":"ALPR","surveillance:zone":"traffic"}},{"type":"Feature","geometry":{"type":"Point","coordinates":[-117.1703781,32.6927168]},"properties":{"direction":"0","man_made":"surveillance","manufacturer":"Flock Safety","manufacturer:wikidata":"Q108485435","operator":"Coronado Police Department","surveillance":"traffic","surveillance:mount":"pole","surveillance:type":"ALPR","surveillance:zone":"public"}},{"type":"Feature","geometry":{"type":"Point","coordinates":[-117.1723066,32.6934933]},"properties":{"direction":"150","man_made":"surveillance","manufacturer":"Flock Safety","manufacturer:wikidata":"Q108485435","operator":"Coronado Police Department","surveillance":"traffic","surveillance:mount":"pole","surveillance:type":"ALPR","surveillance:zone":"public"}},{"type":"Feature","geometry":{"type":"Point","coordinates":[-117.169957,32.692613]},"properties":{"direction":"300","man_made":"surveillance","manufacturer":"Flock Safety","manufacturer:wikidata":"Q108485435","operator":"Coronado Police Department","surveillance":"traffic","surveillance:mount":"pole","surveillance:type":"ALPR","surveillance:zone":"public"}},{"type":"Feature","geometry":{"type":"Point","coordinates":[-116.9984535,32.659892]},"properties":{"direction":"110","man_made":"surveillance","manufacturer":"Flock Safety","operator":"Chula Vista Police Department","surveillance":"traffic","surveillance:mount":"street_lamp","surveillance:type":"ALPR","surveillance:zone":"public"}},{"type":"Feature","geometry":{"type":"Point","coordinates":[-117.0331319,32.9565463]},"properties":{"camera:type":"fixed","direction":"0","man_made":"surveillance","manufacturer":"Flock Safety","manufacturer:wikidata":"Q108485435","surveillance":"public","surveillance:type":"ALPR","surveillance:zone":"traffic"}},{"type":"Feature","geometry":{"type":"Point","coordinates":[-117.0338006,32.9565996]},"properties":{"camera:type":"fixed","direction":"0","man_made":"surveillance","manufacturer":"Flock Safety","manufacturer:wikidata":"Q108485435","operator":"Lowe's","operator:type":"private","operator:wikidata":"Q1373493","surveillance":"public","surveillance:type":"ALPR","surveillance:zone":"traffic"}},{"type":"Feature","geometry":{"type":"Point","coordinates":[-116.9586392,32.8092852]},"properties":{"camera:mount":"pole","camera:type":"fixed","direction":"229","man_made":"surveillance","manufacturer":"Flock Safety","manufacturer:wikidata":"Q108485435","surveillance":"public","surveillance:type":"ALPR","surveillance:zone":"traffic"}},{"type":"Feature","geometry":{"type":"Point","coordinates":[-117.2265347,32.857262]},"properties":{"camera:type":"fixed","direction":"185","man_made":"surveillance","manufacturer":"Flock Safety","manufacturer:wikidata":"Q108485435","surveillance:type":"ALPR"}},{"type":"Feature","geometry":{"type":"Point","coordinates":[-117.2264033,32.857093]},"properties":{"camera:type":"fixed","direction":"0","man_made":"surveillance","manufacturer":"Flock Safety","manufacturer:wikidata":"Q108485435","surveillance:type":"ALPR"}},{"type":"Feature","geometry":{"type":"Point","coordinates":[-117.2248825,32.8578726]},"properties":{"camera:type":"fixed","direction":"0","man_made":"surveillance","manufacturer":"Flock Safety","manufacturer:wikidata":"Q108485435","surveillance:type":"ALPR"}},{"type":"Feature","geometry":{"type":"Point","coordinates":[-117.2264784,32.8571561]},"properties":{"camera:type":"fixed","direction":"315","man_made":"surveillance","manufacturer":"Flock Safety","manufacturer:wikidata":"Q108485435","surveillance:type":"ALPR"}},{"type":"Feature","geometry":{"type":"Point","coordinates":[-116.9718244,32.8553069]},"properties":{"camera:type":"fixed","direction":"17","man_made":"surveillance","manufacturer":"Flock Safety","manufacturer:wikidata":"Q108485435","surveillance":"public","surveillance:type":"ALPR","surveillance:zone":"traffic"}},{"type":"Feature","geometry":{"type":"Point","coordinates":[-116.971251,32.8556918]},"properties":{"camera:type":"fixed","direction":"259","man_made":"surveillance","manufacturer":"Flock Safety","manufacturer:wikidata":"Q108485435","surveillance":"public","surveillance:type":"ALPR","surveillance:zone":"traffic"}},{"type":"Feature","geometry":{"type":"Point","coordinates":[-116.9184382,32.8121056]},"properties":{"camera:type":"fixed","direction":"101","man_made":"surveillance","manufacturer":"Flock Safety","manufacturer:wikidata":"Q108485435","surveillance":"public","surveillance:type":"ALPR","surveillance:zone":"traffic"}},{"type":"Feature","geometry":{"type":"Point","coordinates":[-116.9187212,32.8122675]},"properties":{"camera:type":"fixed","direction":"305","man_made":"surveillance","manufacturer":"Flock Safety","manufacturer:wikidata":"Q108485435","surveillance":"public","surveillance:type":"ALPR","surveillance:zone":"traffic"}},{"type":"Feature","geometry":{"type":"Point","coordinates":[-116.962241,32.800954]},"properties":{"camera:type":"fixed","direction":"0","man_made":"surveillance","manufacturer":"Flock Safety","manufacturer:wikidata":"Q108485435","surveillance":"public","surveillance:type":"ALPR","surveillance:zone":"traffic"}},{"type":"Feature","geometry":{"type":"Point","coordinates":[-116.9509589,32.8002927]},"properties":{"camera:type":"fixed","direction":"0","man_made":"surveillance","manufacturer":"Flock Safety","manufacturer:wikidata":"Q108485435","surveillance":"public","surveillance:type":"ALPR","surveillance:zone":"traffic"}},{"type":"Feature","geometry":{"type":"Point","coordinates":[-116.9509035,32.8001327]},"properties":{"camera:type":"fixed","direction":"73","man_made":"surveillance","manufacturer":"Flock Safety","manufacturer:wikidata":"Q108485435","surveillance":"public","surveillance:type":"ALPR","surveillance:zone":"traffic"}},{"type":"Feature","geometry":{"type":"Point","coordinates":[-116.9382898,32.7391662]},"properties":{"camera:type":"fixed","direction":"195","man_made":"surveillance","manufacturer":"Flock Safety","manufacturer:wikidata":"Q108485435","surveillance":"public","surveillance:type":"ALPR","surveillance:zone":"traffic"}},{"type":"Feature","geometry":{"type":"Point","coordinates":[-117.1467737,32.9117625]},"properties":{"camera:type":"fixed","direction":"206","man_made":"surveillance","manufacturer":"Flock Safety","manufacturer:wikidata":"Q108485435","surveillance":"public","surveillance:type":"ALPR","surveillance:zone":"traffic"}},{"type":"Feature","geometry":{"type":"Point","coordinates":[-116.9774095,32.9780269]},"properties":{"camera:mount":"pole","camera:type":"fixed","direction":"244","man_made":"surveillance","manufacturer":"Motorola Solutions","manufacturer:wikidata":"Q634815","surveillance":"public","surveillance:type":"ALPR","surveillance:zone":"traffic"}},{"type":"Feature","geometry":{"type":"Point","coordinates":[-117.0633527,32.658781]},"properties":{"camera:type":"fixed","direction":"120","man_made":"surveillance","manufacturer":"Flock Safety","manufacturer:wikidata":"Q108485435","surveillance":"public","surveillance:type":"ALPR","surveillance:zone":"traffic"}},{"type":"Feature","geometry":{"type":"Point","coordinates":[-117.0633146,32.6585559]},"properties":{"camera:type":"fixed","direction":"300","man_made":"surveillance","manufacturer":"Flock Safety","manufacturer:wikidata":"Q108485435","surveillance":"public","surveillance:type":"ALPR","surveillance:zone":"traffic"}},{"type":"Feature","geometry":{"type":"Point","coordinates":[-117.0644568,32.6520667]},"properties":{"camera:type":"fixed","direction":"150","man_made":"surveillance","manufacturer":"Flock Safety","manufacturer:wikidata":"Q108485435","surveillance":"public","surveillance:type":"ALPR","surveillance:zone":"traffic"}},{"type":"Feature","geometry":{"type":"Point","coordinates":[-117.0573768,32.6630853]},"properties":{"camera:type":"fixed","man_made":"surveillance","manufacturer":"Flock Safety","manufacturer:wikidata":"Q108485435","surveillance":"public","surveillance:type":"ALPR","surveillance:zone":"traffic"}},{"type":"Feature","geometry":{"type":"Point","coordinates":[-117.1008676,33.0214128]},"properties":{"camera:mount":"street_lamp","camera:type":"fixed","direction":"266","man_made":"surveillance","manufacturer":"Flock Safety","manufacturer:wikidata":"Q108485435","surveillance":"public","surveillance:type":"ALPR","surveillance:zone":"traffic"}},{"type":"Feature","geometry":{"type":"Point","coordinates":[-117.1058029,33.015069]},"properties":{"camera:mount":"street_lamp","camera:type":"fixed","direction":"276","man_made":"surveillance","manufacturer":"Flock Safety","manufacturer:wikidata":"Q108485435","surveillance":"public","surveillance:type":"ALPR","surveillance:zone":"traffic"}},{"type":"Feature","geometry":{"type":"Point","coordinates":[-117.2928164,33.0488265]},"properties":{"camera:type":"fixed","direction":"35-105","man_made":"surveillance","manufacturer":"Flock Safety","manufacturer:wikidata":"Q108485435","mount":"traffic signal ","surveillance":"public","surveillance:type":"ALPR","surveillance:zone":"traffic"}},{"type":"Feature","geometry":{"type":"Point","coordinates":[-117.289491,33.0486855]},"properties":{"camera:mount":"traffic_signals","camera:type":"fixed","direction":"221-291","man_made":"surveillance","manufacturer":"Flock Safety","manufacturer:wikidata":"Q108485435","surveillance":"public","surveillance:type":"ALPR","surveillance:zone":"traffic"}},{"type":"Feature","geometry":{"type":"Point","coordinates":[-117.0362492,32.7680585]},"properties":{"direction":"95","man_made":"surveillance","manufacturer:wikidata":"Q108485435","surveillance":"traffic","surveillance:type":"ALPR","surveillance:zone":"traffic"}},{"type":"Feature","geometry":{"type":"Point","coordinates":[-117.03812,32.7688992]},"properties":{"bench":"yes","bus":"yes","direction":"270","highway":"bus_stop","man_made":"surveillance","manufacturer":"FLock Safety","name":"El Cajon Bl & Keeney St","network":"MTS","network:wikidata":"Q3471406","public_transport":"platform","ref":"11065","shelter":"no","surveillance":"traffic","surveillance:type":"ALPR","surveillance:zone":"traffic"}},{"type":"Feature","geometry":{"type":"Point","coordinates":[-117.0753059,32.9842103]},"properties":{"camera:type":"fixed","direction":"54-124","man_made":"surveillance","manufacturer":"Flock Safety","manufacturer:wikidata":"Q108485435","surveillance":"public","surveillance:type":"ALPR","surveillance:zone":"traffic"}},{"type":"Feature","geometry":{"type":"Point","coordinates":[-117.0748069,32.9832825]},"properties":{"camera:type":"fixed","direction":"211","man_made":"surveillance","manufacturer":"Flock Safety","manufacturer:wikidata":"Q108485435","surveillance":"public","surveillance:type":"ALPR","surveillance:zone":"traffic"}},{"type":"Feature","geometry":{"type":"Point","coordinates":[-117.0740684,32.9832417]},"properties":{"camera:type":"fixed","direction":"249","man_made":"surveillance","manufacturer":"Flock Safety","manufacturer:wikidata":"Q108485435","surveillance":"public","surveillance:type":"ALPR","surveillance:zone":"traffic"}},{"type":"Feature","geometry":{"type":"Point","coordinates":[-117.0741517,32.984151]},"properties":{"camera:type":"fixed","direction":"271","man_made":"surveillance","manufacturer":"Flock Safety","manufacturer:wikidata":"Q108485435","surveillance":"public","surveillance:type":"ALPR","surveillance:zone":"traffic"}},{"type":"Feature","geometry":{"type":"Point","coordinates":[-117.0374888,32.7463434]},"properties":{"camera:mount":"street_lamp","camera:type":"fixed","direction":"311","man_made":"surveillance","manufacturer":"Flock Safety","manufacturer:wikidata":"Q108485435","surveillance":"public","surveillance:type":"ALPR","surveillance:zone":"traffic"}},{"type":"Feature","geometry":{"type":"Point","coordinates":[-117.0344887,32.7436496]},"properties":{"camera:mount":"pole","camera:type":"fixed","direction":"250","man_made":"surveillance","manufacturer":"Flock Safety","manufacturer:wikidata":"Q108485435","operator":"The Home Depot","operator:type":"private","operator:wikidata":"Q864407","surveillance":"public","surveillance:type":"ALPR","surveillance:zone":"traffic"}},{"type":"Feature","geometry":{"type":"Point","coordinates":[-117.162155,32.733733]},"properties":{"camera:type":"fixed","direction":"0","man_made":"surveillance","manufacturer":"Motorola Solutions","manufacturer:wikidata":"Q634815","surveillance":"public","surveillance:type":"ALPR","surveillance:zone":"traffic"}},{"type":"Feature","geometry":{"type":"Point","coordinates":[-116.9835615,32.8410548]},"properties":{"camera:type":"fixed","direction":"97","man_made":"surveillance","manufacturer":"Flock Safety","manufacturer:wikidata":"Q108485435","surveillance":"public","surveillance:type":"ALPR","surveillance:zone":"traffic"}},{"type":"Feature","geometry":{"type":"Point","coordinates":[-117.2804397,33.014036]},"properties":{"camera:type":"fixed","direction":"338","man_made":"surveillance","manufacturer":"Flock Safety","manufacturer:wikidata":"Q108485435","surveillance":"public","surveillance:type":"ALPR","surveillance:zone":"traffic"}},{"type":"Feature","geometry":{"type":"Point","coordinates":[-117.2515022,32.9822234]},"properties":{"camera:type":"fixed","direction":"30;120","man_made":"surveillance","manufacturer":"Flock Safety","manufacturer:wikidata":"Q108485435","surveillance":"public","surveillance:type":"ALPR","surveillance:zone":"traffic"}},{"type":"Feature","geometry":{"type":"Point","coordinates":[-117.3088279,33.0824587]},"properties":{"camera:type":"fixed","direction":"110","man_made":"surveillance","manufacturer":"Flock Safety","manufacturer:wikidata":"Q108485435","surveillance":"public","surveillance:type":"ALPR","surveillance:zone":"traffic"}},{"type":"Feature","geometry":{"type":"Point","coordinates":[-117.0996328,32.7024496]},"properties":{"camera:type":"fixed","direction":"293","man_made":"surveillance","manufacturer":"Flock Safety","manufacturer:wikidata":"Q108485435","surveillance":"public","surveillance:type":"ALPR","surveillance:zone":"traffic"}},{"type":"Feature","geometry":{"type":"Point","coordinates":[-117.1002093,32.7018798]},"properties":{"camera:type":"fixed","direction":"301","man_made":"surveillance","manufacturer":"Flock Safety","manufacturer:wikidata":"Q108485435","surveillance":"public","surveillance:type":"ALPR","surveillance:zone":"traffic"}},{"type":"Feature","geometry":{"type":"Point","coordinates":[-117.1198523,33.0194456]},"properties":{"camera:mount":"pole","camera:type":"fixed","direction":"336","man_made":"surveillance","manufacturer":"Flock Safety","manufacturer:wikidata":"Q108485435","surveillance":"public","surveillance:type":"ALPR","surveillance:zone":"traffic"}},{"type":"Feature","geometry":{"type":"Point","coordinates":[-116.9781381,32.7949184]},"properties":{"camera:mount":"post","camera:type":"fixed","direction":"77","man_made":"surveillance","manufacturer":"Flock Safety","manufacturer:wikidata":"Q108485435","surveillance":"public","surveillance:type":"ALPR","surveillance:zone":"traffic"}},{"type":"Feature","geometry":{"type":"Point","coordinates":[-117.3080455,33.0995018]},"properties":{"camera:type":"fixed","direction":"327-12","man_made":"surveillance","manufacturer":"Flock Safety","manufacturer:wikidata":"Q108485435","surveillance":"public","surveillance:type":"ALPR","surveillance:zone":"traffic"}},{"type":"Feature","geometry":{"type":"Point","coordinates":[-117.1463212,32.9707365]},"properties":{"camera:type":"fixed","direction":"256","man_made":"surveillance","manufacturer":"Flock Safety","manufacturer:wikidata":"Q108485435","surveillance":"public","surveillance:type":"ALPR","surveillance:zone":"traffic"}},{"type":"Feature","geometry":{"type":"Point","coordinates":[-116.9986941,32.7857499]},"properties":{"camera:type":"fixed","direction":"141","man_made":"surveillance","manufacturer":"Flock Safety","manufacturer:wikidata":"Q108485435","surveillance":"public","surveillance:type":"ALPR","surveillance:zone":"traffic"}},{"type":"Feature","geometry":{"type":"Point","coordinates":[-117.1924357,32.6879031]},"properties":{"camera:type":"fixed","direction":"86-131","man_made":"surveillance","manufacturer":"Flock Safety","manufacturer:wikidata":"Q108485435","surveillance":"public","surveillance:type":"ALPR","surveillance:zone":"traffic"}},{"type":"Feature","geometry":{"type":"Point","coordinates":[-117.1654019,32.7695575]},"properties":{"camera:type":"fixed","direction":"117","man_made":"surveillance","manufacturer":"Flock Safety","manufacturer:wikidata":"Q108485435","surveillance":"public","surveillance:type":"ALPR","surveillance:zone":"traffic"}},{"type":"Feature","geometry":{"type":"Point","coordinates":[-116.984106,32.8419199]},"properties":{"camera:type":"fixed","direction":"260","man_made":"surveillance","manufacturer":"Flock Safety","manufacturer:wikidata":"Q108485435","surveillance":"public","surveillance:type":"ALPR","surveillance:zone":"traffic"}},{"type":"Feature","geometry":{"type":"Point","coordinates":[-116.9516486,32.8003795]},"properties":{"camera:type":"fixed","direction":"281","man_made":"surveillance","manufacturer":"Flock Safety","manufacturer:wikidata":"Q108485435","surveillance":"public","surveillance:type":"ALPR","surveillance:zone":"traffic"}},{"type":"Feature","geometry":{"type":"Point","coordinates":[-116.9602138,32.8093073]},"properties":{"camera:type":"fixed","direction":"90","man_made":"surveillance","manufacturer":"Flock Safety","manufacturer:wikidata":"Q108485435","surveillance":"public","surveillance:type":"ALPR","surveillance:zone":"traffic"}},{"type":"Feature","geometry":{"type":"Point","coordinates":[-116.9285246,32.8020522]},"properties":{"camera:mount":"street_lamp","camera:type":"fixed","direction":"0;67;134;207;281","man_made":"surveillance","manufacturer":"Flock Safety","manufacturer:wikidata":"Q108485435","surveillance":"public","surveillance:type":"ALPR","surveillance:zone":"traffic"}},{"type":"Feature","geometry":{"type":"Point","coordinates":[-117.165098,32.9820052]},"properties":{"camera:type":"fixed","direction":"151;338","man_made":"surveillance","manufacturer":"Flock Safety","manufacturer:wikidata":"Q108485435","surveillance":"public","surveillance:type":"ALPR","surveillance:zone":"traffic"}},{"type":"Feature","geometry":{"type":"Point","coordinates":[-117.1152246,33.0180974]},"properties":{"camera:type":"fixed","direction":"60","man_made":"surveillance","manufacturer":"Flock Safety","manufacturer:wikidata":"Q108485435","surveillance":"public","surveillance:type":"ALPR","surveillance:zone":"traffic"}},{"type":"Feature","geometry":{"type":"Point","coordinates":[-116.9860998,32.625321]},"properties":{"camera:type":"fixed","direction":"313","man_made":"surveillance","manufacturer":"Flock Safety","manufacturer:wikidata":"Q108485435","surveillance":"public","surveillance:type":"ALPR","surveillance:zone":"traffic"}},{"type":"Feature","geometry":{"type":"Point","coordinates":[-116.9860998,32.625321]},"properties":{"camera:type":"fixed","direction":"313","man_made":"surveillance","manufacturer":"Flock Safety","manufacturer:wikidata":"Q108485435","surveillance":"public","surveillance:type":"ALPR","surveillance:zone":"traffic"}},{"type":"Feature","geometry":{"type":"Point","coordinates":[-116.9680764,32.6490389]},"properties":{"camera:type":"fixed","direction":"96","man_made":"surveillance","manufacturer":"Flock Safety","manufacturer:wikidata":"Q108485435","surveillance":"public","surveillance:type":"ALPR","surveillance:zone":"traffic"}},{"type":"Feature","geometry":{"type":"Point","coordinates":[-116.9867103,32.6259725]},"properties":{"camera:type":"fixed","direction":"0","man_made":"surveillance","manufacturer":"Flock Safety","manufacturer:wikidata":"Q108485435","surveillance":"public","surveillance:type":"ALPR","surveillance:zone":"traffic"}},{"type":"Feature","geometry":{"type":"Point","coordinates":[-117.2329416,33.0686194]},"properties":{"camera:type":"fixed","direction":"70","man_made":"surveillance","manufacturer":"Flock Safety","manufacturer:wikidata":"Q108485435","operator":"HoA","surveillance":"public","surveillance:type":"ALPR","surveillance:zone":"traffic"}},{"type":"Feature","geometry":{"type":"Point","coordinates":[-116.9647978,32.8078811]},"properties":{"camera:type":"fixed","direction":"258","man_made":"surveillance","manufacturer":"Flock Safety","manufacturer:wikidata":"Q108485435","surveillance":"public","surveillance:type":"ALPR","surveillance:zone":"traffic"}},{"type":"Feature","geometry":{"type":"Point","coordinates":[-117.00826,32.6193636]},"properties":{"camera:type":"fixed","direction":"238","man_made":"surveillance","manufacturer":"Flock Safety","manufacturer:wikidata":"Q108485435","surveillance":"public","surveillance:type":"ALPR","surveillance:zone":"traffic"}},{"type":"Feature","geometry":{"type":"Point","coordinates":[-116.9681098,32.6330718]},"properties":{"camera:type":"fixed","direction":"350","man_made":"surveillance","manufacturer":"Flock Safety","manufacturer:wikidata":"Q108485435","surveillance":"public","surveillance:type":"ALPR","surveillance:zone":"traffic"}},{"type":"Feature","geometry":{"type":"Point","coordinates":[-116.9702707,32.8038329]},"properties":{"camera:type":"fixed","direction":"283","man_made":"surveillance","manufacturer":"Flock Safety","manufacturer:wikidata":"Q108485435","surveillance":"public","surveillance:type":"ALPR","surveillance:zone":"traffic"}},{"type":"Feature","geometry":{"type":"Point","coordinates":[-116.9709974,32.8004432]},"properties":{"camera:type":"fixed","direction":"340","man_made":"surveillance","manufacturer":"Flock Safety","manufacturer:wikidata":"Q108485435","surveillance":"public","surveillance:type":"ALPR","surveillance:zone":"traffic"}},{"type":"Feature","geometry":{"type":"Point","coordinates":[-116.9711902,32.8562538]},"properties":{"camera:type":"fixed","direction":"211","man_made":"surveillance","manufacturer":"Flock Safety","manufacturer:wikidata":"Q108485435","surveillance":"public","surveillance:type":"ALPR","surveillance:zone":"traffic"}},{"type":"Feature","geometry":{"type":"Point","coordinates":[-116.9727631,32.8553081]},"properties":{"camera:type":"fixed","direction":"33","man_made":"surveillance","manufacturer":"Flock Safety","manufacturer:wikidata":"Q108485435","surveillance":"public","surveillance:type":"ALPR","surveillance:zone":"traffic"}},{"type":"Feature","geometry":{"type":"Point","coordinates":[-117.289302,33.0649381]},"properties":{"camera:type":"fixed","direction":"55","man_made":"surveillance","manufacturer":"Flock Safety","manufacturer:wikidata":"Q108485435","surveillance":"public","surveillance:type":"ALPR","surveillance:zone":"traffic"}},{"type":"Feature","geometry":{"type":"Point","coordinates":[-117.2278155,32.720597]},"properties":{"camera:direction":"100","camera:mount":"street_lamp","camera:type":"fixed","direction":"95","man_made":"surveillance","manufacturer":"Flock Safety","manufacturer:wikidata":"Q108485435","surveillance":"public","surveillance:type":"ALPR","surveillance:zone":"traffic"}},{"type":"Feature","geometry":{"type":"Point","coordinates":[-117.2275303,32.7206468]},"properties":{"camera:direction":"285","camera:mount":"street_lamp","camera:type":"fixed","man_made":"surveillance","manufacturer":"Flock Safety","manufacturer:wikidata":"Q108485435","surveillance":"traffic","surveillance:type":"ALPR","surveillance:zone":"traffic"}},{"type":"Feature","geometry":{"type":"Point","coordinates":[-117.0995002,32.7288875]},"properties":{"camera:mount":"street_lamp","camera:type":"fixed","description":"Two cameras per node. 1 wide angle looking straight down from lamp to capture metadata about vehicle (color, type, roof mounts, etc). 1 telephoto mounted on pole to capture license plate info.","direction":"0;65;130;195;260;325","man_made":"surveillance","manufacturer":"Ubicquia, Inc.","manufacturer:wikidata":"Q138313103","operator":"San Diego Police Department","operator:type":"government","operator:wikidata":"Q6580207","source:url":"https://webmaps.sandiego.gov/portal/apps/webappviewer/index.html?id=a70a4dc00702448da5948992b144a98f","surveillance":"outdoor","surveillance:type":"ALPR","surveillance:zone":"town"}},{"type":"Feature","geometry":{"type":"Point","coordinates":[-117.1011826,32.7279162]},"properties":{"camera:mount":"street_lamp","camera:type":"fixed","direction":"188","man_made":"surveillance","manufacturer":"Ubicquia, Inc","manufacturer:wikidata":"Q138313103","operator":"San Diego Police Department","operator:type":"government","operator:wikidata":"Q6580207","surveillance":"outdoor","surveillance:type":"ALPR","surveillance:zone":"town"}},{"type":"Feature","geometry":{"type":"Point","coordinates":[-117.0809721,32.9962239]},"properties":{"camera:mount":"traffic_signals","camera:type":"fixed","direction":"0;45;90;135;180;225;270;315","man_made":"surveillance","manufacturer":"Ubicquia, Inc.","manufacturer:wikidata":"Q138313103","operator":"San Diego Police Department","operator:type":"government","operator:wikidata":"Q6580207","source:url":"https://webmaps.sandiego.gov/portal/apps/webappviewer/index.html?id=a70a4dc00702448da5948992b144a98f","surveillance":"outdoor","surveillance:mount":"https://webmaps.sandiego.gov/portal/apps/webappviewer/index.html?id=a70a4dc00702448da5948992b144a98f","surveillance:type":"ALPR","surveillance:zone":"town"}},{"type":"Feature","geometry":{"type":"Point","coordinates":[-117.0749283,32.9885438]},"properties":{"camera:mount":"traffic_signals","camera:type":"fixed","direction":"350","man_made":"surveillance","manufacturer":"Ubicquia, Inc.","manufacturer:wikidata":"Q138313103","operator":"San Diego Police Department","operator:type":"government","operator:wikidata":"Q6580207","source:url":"https://webmaps.sandiego.gov/portal/apps/webappviewer/index.html?id=a70a4dc00702448da5948992b144a98f","surveillance":"outdoor","surveillance:mount":"https://webmaps.sandiego.gov/portal/apps/webappviewer/index.html?id=a70a4dc00702448da5948992b144a98f","surveillance:type":"ALPR","surveillance:zone":"town"}},{"type":"Feature","geometry":{"type":"Point","coordinates":[-117.0821038,32.9787485]},"properties":{"camera:mount":"traffic_signals","camera:type":"fixed","direction":"0;45;90;135;180;225;270;315","man_made":"surveillance","manufacturer":"Ubicquia, Inc.","manufacturer:wikidata":"Q138313103","operator":"San Diego Police Department","operator:type":"government","operator:wikidata":"Q6580207","source:url":"https://webmaps.sandiego.gov/portal/apps/webappviewer/index.html?id=a70a4dc00702448da5948992b144a98f","surveillance":"outdoor","surveillance:mount":"https://webmaps.sandiego.gov/portal/apps/webappviewer/index.html?id=a70a4dc00702448da5948992b144a98f","surveillance:type":"ALPR","surveillance:zone":"town"}},{"type":"Feature","geometry":{"type":"Point","coordinates":[-117.0819157,32.9792012]},"properties":{"camera:mount":"traffic_signals","camera:type":"fixed","direction":"0;45;90;135;180;225;270;315","man_made":"surveillance","manufacturer":"Ubicquia, Inc.","manufacturer:wikidata":"Q138313103","operator":"San Diego Police Department","operator:type":"government","operator:wikidata":"Q6580207","source:url":"https://webmaps.sandiego.gov/portal/apps/webappviewer/index.html?id=a70a4dc00702448da5948992b144a98f","surveillance":"outdoor","surveillance:mount":"https://webmaps.sandiego.gov/portal/apps/webappviewer/index.html?id=a70a4dc00702448da5948992b144a98f","surveillance:type":"ALPR","surveillance:zone":"town"}},{"type":"Feature","geometry":{"type":"Point","coordinates":[-117.0832007,32.9764568]},"properties":{"camera:mount":"traffic_signals","camera:type":"fixed","direction":"0;45;90;135;180;225;270;315","man_made":"surveillance","manufacturer":"Ubicquia, Inc.","manufacturer:wikidata":"Q138313103","operator":"San Diego Police Department","operator:type":"government","operator:wikidata":"Q6580207","source:url":"https://webmaps.sandiego.gov/portal/apps/webappviewer/index.html?id=a70a4dc00702448da5948992b144a98f","surveillance":"outdoor","surveillance:mount":"https://webmaps.sandiego.gov/portal/apps/webappviewer/index.html?id=a70a4dc00702448da5948992b144a98f","surveillance:type":"ALPR","surveillance:zone":"town"}},{"type":"Feature","geometry":{"type":"Point","coordinates":[-117.1197367,32.8936841]},"properties":{"camera:mount":"traffic_signals","camera:type":"fixed","direction":"60","man_made":"surveillance","manufacturer":"Ubicquia, Inc.","manufacturer:wikidata":"Q138313103","operator":"San Diego Police Department","operator:type":"government","operator:wikidata":"Q6580207","source:url":"https://webmaps.sandiego.gov/portal/apps/webappviewer/index.html?id=a70a4dc00702448da5948992b144a98f","surveillance":"outdoor","surveillance:mount":"https://webmaps.sandiego.gov/portal/apps/webappviewer/index.html?id=a70a4dc00702448da5948992b144a98f","surveillance:type":"ALPR","surveillance:zone":"town"}},{"type":"Feature","geometry":{"type":"Point","coordinates":[-117.120184,32.8939811]},"properties":{"camera:mount":"traffic_signals","camera:type":"fixed","direction":"245","man_made":"surveillance","manufacturer":"Ubicquia, Inc.","manufacturer:wikidata":"Q138313103","operator":"San Diego Police Department","operator:type":"government","operator:wikidata":"Q6580207","source:url":"https://webmaps.sandiego.gov/portal/apps/webappviewer/index.html?id=a70a4dc00702448da5948992b144a98f","surveillance":"outdoor","surveillance:mount":"https://webmaps.sandiego.gov/portal/apps/webappviewer/index.html?id=a70a4dc00702448da5948992b144a98f","surveillance:type":"ALPR","surveillance:zone":"town"}},{"type":"Feature","geometry":{"type":"Point","coordinates":[-117.1201142,32.8936448]},"properties":{"camera:mount":"traffic_signals","camera:type":"fixed","direction":"160","man_made":"surveillance","manufacturer":"Ubicquia, Inc.","manufacturer:wikidata":"Q138313103","operator":"San Diego Police Department","operator:type":"government","operator:wikidata":"Q6580207","source:url":"https://webmaps.sandiego.gov/portal/apps/webappviewer/index.html?id=a70a4dc00702448da5948992b144a98f","surveillance":"outdoor","surveillance:mount":"https://webmaps.sandiego.gov/portal/apps/webappviewer/index.html?id=a70a4dc00702448da5948992b144a98f","surveillance:type":"ALPR","surveillance:zone":"town"}},{"type":"Feature","geometry":{"type":"Point","coordinates":[-117.0817461,32.9966954]},"properties":{"camera:mount":"traffic_signals","camera:type":"fixed","direction":"0;45;90;135;180;225;270;315","man_made":"surveillance","manufacturer":"Ubicquia, Inc.","manufacturer:wikidata":"Q138313103","operator":"San Diego Police Department","operator:type":"government","operator:wikidata":"Q6580207","source:url":"https://webmaps.sandiego.gov/portal/apps/webappviewer/index.html?id=a70a4dc00702448da5948992b144a98f","surveillance":"outdoor","surveillance:mount":"https://webmaps.sandiego.gov/portal/apps/webappviewer/index.html?id=a70a4dc00702448da5948992b144a98f","surveillance:type":"ALPR","surveillance:zone":"town"}},{"type":"Feature","geometry":{"type":"Point","coordinates":[-117.090119,32.9667198]},"properties":{"camera:mount":"traffic_signals","camera:type":"fixed","direction":"170","man_made":"surveillance","manufacturer":"Ubicquia, Inc.","manufacturer:wikidata":"Q138313103","operator":"San Diego Police Department","operator:type":"government","operator:wikidata":"Q6580207","source:url":"https://webmaps.sandiego.gov/portal/apps/webappviewer/index.html?id=a70a4dc00702448da5948992b144a98f","surveillance":"outdoor","surveillance:mount":"https://webmaps.sandiego.gov/portal/apps/webappviewer/index.html?id=a70a4dc00702448da5948992b144a98f","surveillance:type":"ALPR","surveillance:zone":"town"}},{"type":"Feature","geometry":{"type":"Point","coordinates":[-117.0900794,32.9654068]},"properties":{"camera:mount":"traffic_signals","camera:type":"fixed","direction":"0;45;90;135;180;225;270;315","man_made":"surveillance","manufacturer":"Ubicquia, Inc.","manufacturer:wikidata":"Q138313103","operator":"San Diego Police Department","operator:type":"government","operator:wikidata":"Q6580207","source:url":"https://webmaps.sandiego.gov/portal/apps/webappviewer/index.html?id=a70a4dc00702448da5948992b144a98f","surveillance":"outdoor","surveillance:mount":"https://webmaps.sandiego.gov/portal/apps/webappviewer/index.html?id=a70a4dc00702448da5948992b144a98f","surveillance:type":"ALPR","surveillance:zone":"town"}},{"type":"Feature","geometry":{"type":"Point","coordinates":[-117.0905075,32.9644029]},"properties":{"camera:mount":"traffic_signals","camera:type":"fixed","direction":"0;45;90;135;180;225;270;315","man_made":"surveillance","manufacturer":"Ubicquia, Inc.","manufacturer:wikidata":"Q138313103","operator":"San Diego Police Department","operator:type":"government","operator:wikidata":"Q6580207","source:url":"https://webmaps.sandiego.gov/portal/apps/webappviewer/index.html?id=a70a4dc00702448da5948992b144a98f","surveillance":"outdoor","surveillance:mount":"https://webmaps.sandiego.gov/portal/apps/webappviewer/index.html?id=a70a4dc00702448da5948992b144a98f","surveillance:type":"ALPR","surveillance:zone":"town"}},{"type":"Feature","geometry":{"type":"Point","coordinates":[-117.0910905,32.962886]},"properties":{"camera:mount":"traffic_signals","camera:type":"fixed","direction":"10","man_made":"surveillance","manufacturer":"Ubicquia, Inc.","manufacturer:wikidata":"Q138313103","operator":"San Diego Police Department","operator:type":"government","operator:wikidata":"Q6580207","source:url":"https://webmaps.sandiego.gov/portal/apps/webappviewer/index.html?id=a70a4dc00702448da5948992b144a98f","surveillance":"outdoor","surveillance:mount":"https://webmaps.sandiego.gov/portal/apps/webappviewer/index.html?id=a70a4dc00702448da5948992b144a98f","surveillance:type":"ALPR","surveillance:zone":"town"}},{"type":"Feature","geometry":{"type":"Point","coordinates":[-117.1130748,32.9372586]},"properties":{"camera:mount":"traffic_signals","camera:type":"fixed","direction":"0;45;90;135;180;225;270;315","man_made":"surveillance","manufacturer":"Ubicquia, Inc.","manufacturer:wikidata":"Q138313103","operator":"San Diego Police Department","operator:type":"government","operator:wikidata":"Q6580207","source:url":"https://webmaps.sandiego.gov/portal/apps/webappviewer/index.html?id=a70a4dc00702448da5948992b144a98f","surveillance":"outdoor","surveillance:mount":"https://webmaps.sandiego.gov/portal/apps/webappviewer/index.html?id=a70a4dc00702448da5948992b144a98f","surveillance:type":"ALPR","surveillance:zone":"town"}},{"type":"Feature","geometry":{"type":"Point","coordinates":[-117.1129072,32.9369074]},"properties":{"camera:mount":"traffic_signals","camera:type":"fixed","direction":"80","man_made":"surveillance","manufacturer":"Ubicquia, Inc.","manufacturer:wikidata":"Q138313103","operator":"San Diego Police Department","operator:type":"government","operator:wikidata":"Q6580207","source:url":"https://webmaps.sandiego.gov/portal/apps/webappviewer/index.html?id=a70a4dc00702448da5948992b144a98f","surveillance":"outdoor","surveillance:mount":"https://webmaps.sandiego.gov/portal/apps/webappviewer/index.html?id=a70a4dc00702448da5948992b144a98f","surveillance:type":"ALPR","surveillance:zone":"town"}},{"type":"Feature","geometry":{"type":"Point","coordinates":[-117.1078713,32.9365738]},"properties":{"camera:mount":"traffic_signals","camera:type":"fixed","direction":"240","man_made":"surveillance","manufacturer":"Ubicquia, Inc.","manufacturer:wikidata":"Q138313103","operator":"San Diego Police Department","operator:type":"government","operator:wikidata":"Q6580207","source:url":"https://webmaps.sandiego.gov/portal/apps/webappviewer/index.html?id=a70a4dc00702448da5948992b144a98f","surveillance":"outdoor","surveillance:mount":"https://webmaps.sandiego.gov/portal/apps/webappviewer/index.html?id=a70a4dc00702448da5948992b144a98f","surveillance:type":"ALPR","surveillance:zone":"town"}},{"type":"Feature","geometry":{"type":"Point","coordinates":[-117.1075966,32.9366917]},"properties":{"camera:mount":"traffic_signals","camera:type":"fixed","direction":"325","man_made":"surveillance","manufacturer":"Ubicquia, Inc.","manufacturer:wikidata":"Q138313103","operator":"San Diego Police Department","operator:type":"government","operator:wikidata":"Q6580207","source:url":"https://webmaps.sandiego.gov/portal/apps/webappviewer/index.html?id=a70a4dc00702448da5948992b144a98f","surveillance":"outdoor","surveillance:mount":"https://webmaps.sandiego.gov/portal/apps/webappviewer/index.html?id=a70a4dc00702448da5948992b144a98f","surveillance:type":"ALPR","surveillance:zone":"town"}},{"type":"Feature","geometry":{"type":"Point","coordinates":[-117.1074326,32.9363265]},"properties":{"camera:mount":"traffic_signals","camera:type":"fixed","direction":"45","man_made":"surveillance","manufacturer":"Ubicquia, Inc.","manufacturer:wikidata":"Q138313103","operator":"San Diego Police Department","operator:type":"government","operator:wikidata":"Q6580207","source:url":"https://webmaps.sandiego.gov/portal/apps/webappviewer/index.html?id=a70a4dc00702448da5948992b144a98f","surveillance":"outdoor","surveillance:mount":"https://webmaps.sandiego.gov/portal/apps/webappviewer/index.html?id=a70a4dc00702448da5948992b144a98f","surveillance:type":"ALPR","surveillance:zone":"town"}},{"type":"Feature","geometry":{"type":"Point","coordinates":[-117.1077546,32.9361761]},"properties":{"camera:mount":"traffic_signals","camera:type":"fixed","direction":"150","man_made":"surveillance","manufacturer":"Ubicquia, Inc.","manufacturer:wikidata":"Q138313103","operator":"San Diego Police Department","operator:type":"government","operator:wikidata":"Q6580207","source:url":"https://webmaps.sandiego.gov/portal/apps/webappviewer/index.html?id=a70a4dc00702448da5948992b144a98f","surveillance":"outdoor","surveillance:mount":"https://webmaps.sandiego.gov/portal/apps/webappviewer/index.html?id=a70a4dc00702448da5948992b144a98f","surveillance:type":"ALPR","surveillance:zone":"town"}},{"type":"Feature","geometry":{"type":"Point","coordinates":[-117.1129802,32.9165979]},"properties":{"camera:mount":"traffic_signals","camera:type":"fixed","direction":"75","man_made":"surveillance","manufacturer":"Ubicquia, Inc.","manufacturer:wikidata":"Q138313103","operator":"San Diego Police Department","operator:type":"government","operator:wikidata":"Q6580207","source:url":"https://webmaps.sandiego.gov/portal/apps/webappviewer/index.html?id=a70a4dc00702448da5948992b144a98f","surveillance":"outdoor","surveillance:mount":"https://webmaps.sandiego.gov/portal/apps/webappviewer/index.html?id=a70a4dc00702448da5948992b144a98f","surveillance:type":"ALPR","surveillance:zone":"town"}},{"type":"Feature","geometry":{"type":"Point","coordinates":[-117.1131432,32.9169391]},"properties":{"camera:mount":"traffic_signals","camera:type":"fixed","direction":"255","man_made":"surveillance","manufacturer":"Ubicquia, Inc.","manufacturer:wikidata":"Q138313103","operator":"San Diego Police Department","operator:type":"government","operator:wikidata":"Q6580207","source:url":"https://webmaps.sandiego.gov/portal/apps/webappviewer/index.html?id=a70a4dc00702448da5948992b144a98f","surveillance":"outdoor","surveillance:mount":"https://webmaps.sandiego.gov/portal/apps/webappviewer/index.html?id=a70a4dc00702448da5948992b144a98f","surveillance:type":"ALPR","surveillance:zone":"town"}},{"type":"Feature","geometry":{"type":"Point","coordinates":[-117.1192454,32.9170715]},"properties":{"camera:mount":"street_lamp","camera:type":"fixed","direction":"0;65;130;195;260;325","man_made":"surveillance","manufacturer":"Ubicquia, Inc.","manufacturer:wikidata":"Q138313103","operator":"San Diego Police Department","operator:type":"government","operator:wikidata":"Q6580207","source:url":"https://webmaps.sandiego.gov/portal/apps/webappviewer/index.html?id=a70a4dc00702448da5948992b144a98f","surveillance":"outdoor","surveillance:type":"ALPR","surveillance:zone":"town"}},{"type":"Feature","geometry":{"type":"Point","coordinates":[-117.1021683,32.9460315]},"properties":{"camera:mount":"traffic_signals","camera:type":"fixed","direction":"0;45;90;135;180;225;270;315","man_made":"surveillance","manufacturer":"Ubicquia, Inc.","manufacturer:wikidata":"Q138313103","operator":"San Diego Police Department","operator:type":"government","operator:wikidata":"Q6580207","source:url":"https://webmaps.sandiego.gov/portal/apps/webappviewer/index.html?id=a70a4dc00702448da5948992b144a98f","surveillance":"outdoor","surveillance:mount":"https://webmaps.sandiego.gov/portal/apps/webappviewer/index.html?id=a70a4dc00702448da5948992b144a98f","surveillance:type":"ALPR","surveillance:zone":"town"}},{"type":"Feature","geometry":{"type":"Point","coordinates":[-117.0983003,32.9468812]},"properties":{"camera:mount":"traffic_signals","camera:type":"fixed","direction":"0;45;90;135;180;225;270;315","man_made":"surveillance","manufacturer":"Ubicquia, Inc.","manufacturer:wikidata":"Q138313103","operator":"San Diego Police Department","operator:type":"government","operator:wikidata":"Q6580207","source:url":"https://webmaps.sandiego.gov/portal/apps/webappviewer/index.html?id=a70a4dc00702448da5948992b144a98f","surveillance":"outdoor","surveillance:mount":"https://webmaps.sandiego.gov/portal/apps/webappviewer/index.html?id=a70a4dc00702448da5948992b144a98f","surveillance:type":"ALPR","surveillance:zone":"town"}},{"type":"Feature","geometry":{"type":"Point","coordinates":[-117.0960939,32.9471442]},"properties":{"camera:mount":"traffic_signals","camera:type":"fixed","direction":"0;45;90;135;180;225;270;315","man_made":"surveillance","manufacturer":"Ubicquia, Inc.","manufacturer:wikidata":"Q138313103","operator":"San Diego Police Department","operator:type":"government","operator:wikidata":"Q6580207","source:url":"https://webmaps.sandiego.gov/portal/apps/webappviewer/index.html?id=a70a4dc00702448da5948992b144a98f","surveillance":"outdoor","surveillance:mount":"https://webmaps.sandiego.gov/portal/apps/webappviewer/index.html?id=a70a4dc00702448da5948992b144a98f","surveillance:type":"ALPR","surveillance:zone":"town"}},{"type":"Feature","geometry":{"type":"Point","coordinates":[-117.0936573,32.9468772]},"properties":{"camera:mount":"traffic_signals","camera:type":"fixed","direction":"0;45;90;135;180;225;270;315","man_made":"surveillance","manufacturer":"Ubicquia, Inc.","manufacturer:wikidata":"Q138313103","operator":"San Diego Police Department","operator:type":"government","operator:wikidata":"Q6580207","source:url":"https://webmaps.sandiego.gov/portal/apps/webappviewer/index.html?id=a70a4dc00702448da5948992b144a98f","surveillance":"outdoor","surveillance:mount":"https://webmaps.sandiego.gov/portal/apps/webappviewer/index.html?id=a70a4dc00702448da5948992b144a98f","surveillance:type":"ALPR","surveillance:zone":"town"}},{"type":"Feature","geometry":{"type":"Point","coordinates":[-117.1038578,32.8971104]},"properties":{"camera:mount":"traffic_signals","camera:type":"fixed","direction":"45","man_made":"surveillance","manufacturer":"Ubicquia, Inc.","manufacturer:wikidata":"Q138313103","operator":"San Diego Police Department","operator:type":"government","operator:wikidata":"Q6580207","source:url":"https://webmaps.sandiego.gov/portal/apps/webappviewer/index.html?id=a70a4dc00702448da5948992b144a98f","surveillance":"outdoor","surveillance:mount":"https://webmaps.sandiego.gov/portal/apps/webappviewer/index.html?id=a70a4dc00702448da5948992b144a98f","surveillance:type":"ALPR","surveillance:zone":"town"}},{"type":"Feature","geometry":{"type":"Point","coordinates":[-117.1069127,32.8961493]},"properties":{"camera:mount":"traffic_signals","camera:type":"fixed","direction":"0;45;90;135;180;225;270;315","man_made":"surveillance","manufacturer":"Ubicquia, Inc.","manufacturer:wikidata":"Q138313103","operator":"San Diego Police Department","operator:type":"government","operator:wikidata":"Q6580207","source:url":"https://webmaps.sandiego.gov/portal/apps/webappviewer/index.html?id=a70a4dc00702448da5948992b144a98f","surveillance":"outdoor","surveillance:mount":"https://webmaps.sandiego.gov/portal/apps/webappviewer/index.html?id=a70a4dc00702448da5948992b144a98f","surveillance:type":"ALPR","surveillance:zone":"town"}},{"type":"Feature","geometry":{"type":"Point","coordinates":[-117.1185594,32.8939544]},"properties":{"camera:mount":"traffic_signals","camera:type":"fixed","direction":"250","man_made":"surveillance","manufacturer":"Ubicquia, Inc.","manufacturer:wikidata":"Q138313103","operator":"San Diego Police Department","operator:type":"government","operator:wikidata":"Q6580207","source:url":"https://webmaps.sandiego.gov/portal/apps/webappviewer/index.html?id=a70a4dc00702448da5948992b144a98f","surveillance":"outdoor","surveillance:mount":"https://webmaps.sandiego.gov/portal/apps/webappviewer/index.html?id=a70a4dc00702448da5948992b144a98f","surveillance:type":"ALPR","surveillance:zone":"town"}},{"type":"Feature","geometry":{"type":"Point","coordinates":[-117.1182418,32.8939229]},"properties":{"camera:mount":"traffic_signals","camera:type":"fixed","direction":"335","man_made":"surveillance","manufacturer":"Ubicquia, Inc.","manufacturer:wikidata":"Q138313103","operator":"San Diego Police Department","operator:type":"government","operator:wikidata":"Q6580207","source:url":"https://webmaps.sandiego.gov/portal/apps/webappviewer/index.html?id=a70a4dc00702448da5948992b144a98f","surveillance":"outdoor","surveillance:mount":"https://webmaps.sandiego.gov/portal/apps/webappviewer/index.html?id=a70a4dc00702448da5948992b144a98f","surveillance:type":"ALPR","surveillance:zone":"town"}},{"type":"Feature","geometry":{"type":"Point","coordinates":[-117.1182222,32.8935611]},"properties":{"camera:mount":"traffic_signals","camera:type":"fixed","direction":"80","man_made":"surveillance","manufacturer":"Ubicquia, Inc.","manufacturer:wikidata":"Q138313103","operator":"San Diego Police Department","operator:type":"government","operator:wikidata":"Q6580207","source:url":"https://webmaps.sandiego.gov/portal/apps/webappviewer/index.html?id=a70a4dc00702448da5948992b144a98f","surveillance":"outdoor","surveillance:mount":"https://webmaps.sandiego.gov/portal/apps/webappviewer/index.html?id=a70a4dc00702448da5948992b144a98f","surveillance:type":"ALPR","surveillance:zone":"town"}},{"type":"Feature","geometry":{"type":"Point","coordinates":[-117.1184675,32.8935626]},"properties":{"camera:mount":"traffic_signals","camera:type":"fixed","direction":"165","man_made":"surveillance","manufacturer":"Ubicquia, Inc.","manufacturer:wikidata":"Q138313103","operator":"San Diego Police Department","operator:type":"government","operator:wikidata":"Q6580207","source:url":"https://webmaps.sandiego.gov/portal/apps/webappviewer/index.html?id=a70a4dc00702448da5948992b144a98f","surveillance":"outdoor","surveillance:mount":"https://webmaps.sandiego.gov/portal/apps/webappviewer/index.html?id=a70a4dc00702448da5948992b144a98f","surveillance:type":"ALPR","surveillance:zone":"town"}},{"type":"Feature","geometry":{"type":"Point","coordinates":[-117.1383842,32.9127188]},"properties":{"camera:mount":"traffic_signals","camera:type":"fixed","direction":"70","man_made":"surveillance","manufacturer":"Ubicquia, Inc.","manufacturer:wikidata":"Q138313103","operator":"San Diego Police Department","operator:type":"government","operator:wikidata":"Q6580207","source:url":"https://webmaps.sandiego.gov/portal/apps/webappviewer/index.html?id=a70a4dc00702448da5948992b144a98f","surveillance":"outdoor","surveillance:mount":"https://webmaps.sandiego.gov/portal/apps/webappviewer/index.html?id=a70a4dc00702448da5948992b144a98f","surveillance:type":"ALPR","surveillance:zone":"town"}},{"type":"Feature","geometry":{"type":"Point","coordinates":[-117.1454792,32.9080683]},"properties":{"camera:mount":"traffic_signals","camera:type":"fixed","direction":"180","man_made":"surveillance","manufacturer":"Ubicquia, Inc.","manufacturer:wikidata":"Q138313103","operator":"San Diego Police Department","operator:type":"government","operator:wikidata":"Q6580207","source:url":"https://webmaps.sandiego.gov/portal/apps/webappviewer/index.html?id=a70a4dc00702448da5948992b144a98f","surveillance":"outdoor","surveillance:mount":"https://webmaps.sandiego.gov/portal/apps/webappviewer/index.html?id=a70a4dc00702448da5948992b144a98f","surveillance:type":"ALPR","surveillance:zone":"town"}},{"type":"Feature","geometry":{"type":"Point","coordinates":[-117.1494056,32.9125684]},"properties":{"camera:mount":"traffic_signals","camera:type":"fixed","direction":"240","man_made":"surveillance","manufacturer":"Ubicquia, Inc.","manufacturer:wikidata":"Q138313103","operator":"San Diego Police Department","operator:type":"government","operator:wikidata":"Q6580207","source:url":"https://webmaps.sandiego.gov/portal/apps/webappviewer/index.html?id=a70a4dc00702448da5948992b144a98f","surveillance":"outdoor","surveillance:mount":"https://webmaps.sandiego.gov/portal/apps/webappviewer/index.html?id=a70a4dc00702448da5948992b144a98f","surveillance:type":"ALPR","surveillance:zone":"town"}},{"type":"Feature","geometry":{"type":"Point","coordinates":[-117.1437707,32.915849]},"properties":{"camera:mount":"traffic_signals","camera:type":"fixed","direction":"330","man_made":"surveillance","manufacturer":"Ubicquia, Inc.","manufacturer:wikidata":"Q138313103","operator":"San Diego Police Department","operator:type":"government","operator:wikidata":"Q6580207","source:url":"https://webmaps.sandiego.gov/portal/apps/webappviewer/index.html?id=a70a4dc00702448da5948992b144a98f","surveillance":"outdoor","surveillance:mount":"https://webmaps.sandiego.gov/portal/apps/webappviewer/index.html?id=a70a4dc00702448da5948992b144a98f","surveillance:type":"ALPR","surveillance:zone":"town"}},{"type":"Feature","geometry":{"type":"Point","coordinates":[-117.2236955,32.8860044]},"properties":{"camera:mount":"traffic_signals","camera:type":"fixed","direction":"110","man_made":"surveillance","manufacturer":"Ubicquia, Inc.","manufacturer:wikidata":"Q138313103","operator":"San Diego Police Department","operator:type":"government","operator:wikidata":"Q6580207","source:url":"https://webmaps.sandiego.gov/portal/apps/webappviewer/index.html?id=a70a4dc00702448da5948992b144a98f","surveillance":"outdoor","surveillance:mount":"https://webmaps.sandiego.gov/portal/apps/webappviewer/index.html?id=a70a4dc00702448da5948992b144a98f","surveillance:type":"ALPR","surveillance:zone":"town"}},{"type":"Feature","geometry":{"type":"Point","coordinates":[-117.2233622,32.8857512]},"properties":{"camera:mount":"traffic_signals","camera:type":"fixed","direction":"110","man_made":"surveillance","manufacturer":"Ubicquia, Inc.","manufacturer:wikidata":"Q138313103","operator":"San Diego Police Department","operator:type":"government","operator:wikidata":"Q6580207","source:url":"https://webmaps.sandiego.gov/portal/apps/webappviewer/index.html?id=a70a4dc00702448da5948992b144a98f","surveillance":"outdoor","surveillance:mount":"https://webmaps.sandiego.gov/portal/apps/webappviewer/index.html?id=a70a4dc00702448da5948992b144a98f","surveillance:type":"ALPR","surveillance:zone":"town"}},{"type":"Feature","geometry":{"type":"Point","coordinates":[-117.2217232,32.8840161]},"properties":{"camera:mount":"traffic_signals","camera:type":"fixed","direction":"305","man_made":"surveillance","manufacturer":"Ubicquia, Inc.","manufacturer:wikidata":"Q138313103","operator":"San Diego Police Department","operator:type":"government","operator:wikidata":"Q6580207","source:url":"https://webmaps.sandiego.gov/portal/apps/webappviewer/index.html?id=a70a4dc00702448da5948992b144a98f","surveillance":"outdoor","surveillance:mount":"https://webmaps.sandiego.gov/portal/apps/webappviewer/index.html?id=a70a4dc00702448da5948992b144a98f","surveillance:type":"ALPR","surveillance:zone":"town"}},{"type":"Feature","geometry":{"type":"Point","coordinates":[-117.2213198,32.8834274]},"properties":{"camera:mount":"traffic_signals","camera:type":"fixed","direction":"310","man_made":"surveillance","manufacturer":"Ubicquia, Inc.","manufacturer:wikidata":"Q138313103","operator":"San Diego Police Department","operator:type":"government","operator:wikidata":"Q6580207","source:url":"https://webmaps.sandiego.gov/portal/apps/webappviewer/index.html?id=a70a4dc00702448da5948992b144a98f","surveillance":"outdoor","surveillance:mount":"https://webmaps.sandiego.gov/portal/apps/webappviewer/index.html?id=a70a4dc00702448da5948992b144a98f","surveillance:type":"ALPR","surveillance:zone":"town"}},{"type":"Feature","geometry":{"type":"Point","coordinates":[-117.218444,32.8711188]},"properties":{"camera:mount":"traffic_signals","camera:type":"fixed","direction":"0;45;90;135;180;225;270;315","man_made":"surveillance","manufacturer":"Ubicquia, Inc.","manufacturer:wikidata":"Q138313103","operator":"San Diego Police Department","operator:type":"government","operator:wikidata":"Q6580207","source:url":"https://webmaps.sandiego.gov/portal/apps/webappviewer/index.html?id=a70a4dc00702448da5948992b144a98f","surveillance":"outdoor","surveillance:mount":"https://webmaps.sandiego.gov/portal/apps/webappviewer/index.html?id=a70a4dc00702448da5948992b144a98f","surveillance:type":"ALPR","surveillance:zone":"town"}},{"type":"Feature","geometry":{"type":"Point","coordinates":[-117.2181707,32.8713951]},"properties":{"camera:mount":"traffic_signals","camera:type":"fixed","direction":"0;45;90;135;180;225;270;315","man_made":"surveillance","manufacturer":"Ubicquia, Inc.","manufacturer:wikidata":"Q138313103","operator":"San Diego Police Department","operator:type":"government","operator:wikidata":"Q6580207","source:url":"https://webmaps.sandiego.gov/portal/apps/webappviewer/index.html?id=a70a4dc00702448da5948992b144a98f","surveillance":"outdoor","surveillance:mount":"https://webmaps.sandiego.gov/portal/apps/webappviewer/index.html?id=a70a4dc00702448da5948992b144a98f","surveillance:type":"ALPR","surveillance:zone":"town"}},{"type":"Feature","geometry":{"type":"Point","coordinates":[-117.2184886,32.8715263]},"properties":{"camera:mount":"traffic_signals","camera:type":"fixed","direction":"0;45;90;135;180;225;270;315","man_made":"surveillance","manufacturer":"Ubicquia, Inc.","manufacturer:wikidata":"Q138313103","operator":"San Diego Police Department","operator:type":"government","operator:wikidata":"Q6580207","source:url":"https://webmaps.sandiego.gov/portal/apps/webappviewer/index.html?id=a70a4dc00702448da5948992b144a98f","surveillance":"outdoor","surveillance:mount":"https://webmaps.sandiego.gov/portal/apps/webappviewer/index.html?id=a70a4dc00702448da5948992b144a98f","surveillance:type":"ALPR","surveillance:zone":"town"}},{"type":"Feature","geometry":{"type":"Point","coordinates":[-117.2182287,32.8717764]},"properties":{"camera:mount":"traffic_signals","camera:type":"fixed","direction":"0;45;90;135;180;225;270;315","man_made":"surveillance","manufacturer":"Ubicquia, Inc.","manufacturer:wikidata":"Q138313103","operator":"San Diego Police Department","operator:type":"government","operator:wikidata":"Q6580207","source:url":"https://webmaps.sandiego.gov/portal/apps/webappviewer/index.html?id=a70a4dc00702448da5948992b144a98f","surveillance":"outdoor","surveillance:mount":"https://webmaps.sandiego.gov/portal/apps/webappviewer/index.html?id=a70a4dc00702448da5948992b144a98f","surveillance:type":"ALPR","surveillance:zone":"town"}},{"type":"Feature","geometry":{"type":"Point","coordinates":[-117.2181856,32.8717913]},"properties":{"camera:mount":"traffic_signals","camera:type":"fixed","direction":"330","man_made":"surveillance","manufacturer":"Ubicquia, Inc.","manufacturer:wikidata":"Q138313103","operator":"San Diego Police Department","operator:type":"government","operator:wikidata":"Q6580207","source:url":"https://webmaps.sandiego.gov/portal/apps/webappviewer/index.html?id=a70a4dc00702448da5948992b144a98f","surveillance":"outdoor","surveillance:mount":"https://webmaps.sandiego.gov/portal/apps/webappviewer/index.html?id=a70a4dc00702448da5948992b144a98f","surveillance:type":"ALPR","surveillance:zone":"town"}},{"type":"Feature","geometry":{"type":"Point","coordinates":[-117.2184982,32.8711221]},"properties":{"camera:mount":"traffic_signals","camera:type":"fixed","direction":"155","man_made":"surveillance","manufacturer":"Ubicquia, Inc.","manufacturer:wikidata":"Q138313103","operator":"San Diego Police Department","operator:type":"government","operator:wikidata":"Q6580207","source:url":"https://webmaps.sandiego.gov/portal/apps/webappviewer/index.html?id=a70a4dc00702448da5948992b144a98f","surveillance":"outdoor","surveillance:mount":"https://webmaps.sandiego.gov/portal/apps/webappviewer/index.html?id=a70a4dc00702448da5948992b144a98f","surveillance:type":"ALPR","surveillance:zone":"town"}},{"type":"Feature","geometry":{"type":"Point","coordinates":[-117.2181259,32.871337]},"properties":{"camera:mount":"traffic_signals","camera:type":"fixed","direction":"50","man_made":"surveillance","manufacturer":"Ubicquia, Inc.","manufacturer:wikidata":"Q138313103","operator":"San Diego Police Department","operator:type":"government","operator:wikidata":"Q6580207","source:url":"https://webmaps.sandiego.gov/portal/apps/webappviewer/index.html?id=a70a4dc00702448da5948992b144a98f","surveillance":"outdoor","surveillance:mount":"https://webmaps.sandiego.gov/portal/apps/webappviewer/index.html?id=a70a4dc00702448da5948992b144a98f","surveillance:type":"ALPR","surveillance:zone":"town"}},{"type":"Feature","geometry":{"type":"Point","coordinates":[-117.2138408,32.8728354]},"properties":{"camera:mount":"traffic_signals","camera:type":"fixed","direction":"330","man_made":"surveillance","manufacturer":"Ubicquia, Inc.","manufacturer:wikidata":"Q138313103","operator":"San Diego Police Department","operator:type":"government","operator:wikidata":"Q6580207","source:url":"https://webmaps.sandiego.gov/portal/apps/webappviewer/index.html?id=a70a4dc00702448da5948992b144a98f","surveillance":"outdoor","surveillance:mount":"https://webmaps.sandiego.gov/portal/apps/webappviewer/index.html?id=a70a4dc00702448da5948992b144a98f","surveillance:type":"ALPR","surveillance:zone":"town"}},{"type":"Feature","geometry":{"type":"Point","coordinates":[-117.2137924,32.8724456]},"properties":{"camera:mount":"traffic_signals","camera:type":"fixed","direction":"45","man_made":"surveillance","manufacturer":"Ubicquia, Inc.","manufacturer:wikidata":"Q138313103","operator":"San Diego Police Department","operator:type":"government","operator:wikidata":"Q6580207","source:url":"https://webmaps.sandiego.gov/portal/apps/webappviewer/index.html?id=a70a4dc00702448da5948992b144a98f","surveillance":"outdoor","surveillance:mount":"https://webmaps.sandiego.gov/portal/apps/webappviewer/index.html?id=a70a4dc00702448da5948992b144a98f","surveillance:type":"ALPR","surveillance:zone":"town"}},{"type":"Feature","geometry":{"type":"Point","coordinates":[-117.2143062,32.8722237]},"properties":{"camera:mount":"traffic_signals","camera:type":"fixed","direction":"155","man_made":"surveillance","manufacturer":"Ubicquia, Inc.","manufacturer:wikidata":"Q138313103","operator":"San Diego Police Department","operator:type":"government","operator:wikidata":"Q6580207","source:url":"https://webmaps.sandiego.gov/portal/apps/webappviewer/index.html?id=a70a4dc00702448da5948992b144a98f","surveillance":"outdoor","surveillance:mount":"https://webmaps.sandiego.gov/portal/apps/webappviewer/index.html?id=a70a4dc00702448da5948992b144a98f","surveillance:type":"ALPR","surveillance:zone":"town"}},{"type":"Feature","geometry":{"type":"Point","coordinates":[-117.1968898,32.8673606]},"properties":{"camera:mount":"traffic_signals","camera:type":"fixed","direction":"20","man_made":"surveillance","manufacturer":"Ubicquia, Inc.","manufacturer:wikidata":"Q138313103","operator":"San Diego Police Department","operator:type":"government","operator:wikidata":"Q6580207","source:url":"https://webmaps.sandiego.gov/portal/apps/webappviewer/index.html?id=a70a4dc00702448da5948992b144a98f","surveillance":"outdoor","surveillance:mount":"https://webmaps.sandiego.gov/portal/apps/webappviewer/index.html?id=a70a4dc00702448da5948992b144a98f","surveillance:type":"ALPR","surveillance:zone":"town"}},{"type":"Feature","geometry":{"type":"Point","coordinates":[-117.1964512,32.8678074]},"properties":{"camera:mount":"traffic_signals","camera:type":"fixed","direction":"0;45;90;135;180;225;270;315","man_made":"surveillance","manufacturer":"Ubicquia, Inc.","manufacturer:wikidata":"Q138313103","operator":"San Diego Police Department","operator:type":"government","operator:wikidata":"Q6580207","source:url":"https://webmaps.sandiego.gov/portal/apps/webappviewer/index.html?id=a70a4dc00702448da5948992b144a98f","surveillance":"outdoor","surveillance:mount":"https://webmaps.sandiego.gov/portal/apps/webappviewer/index.html?id=a70a4dc00702448da5948992b144a98f","surveillance:type":"ALPR","surveillance:zone":"town"}},{"type":"Feature","geometry":{"type":"Point","coordinates":[-117.1961233,32.8686345]},"properties":{"camera:mount":"traffic_signals","camera:type":"fixed","direction":"0;45;90;135;180;225;270;315","man_made":"surveillance","manufacturer":"Ubicquia, Inc.","manufacturer:wikidata":"Q138313103","operator":"San Diego Police Department","operator:type":"government","operator:wikidata":"Q6580207","source:url":"https://webmaps.sandiego.gov/portal/apps/webappviewer/index.html?id=a70a4dc00702448da5948992b144a98f","surveillance":"outdoor","surveillance:mount":"https://webmaps.sandiego.gov/portal/apps/webappviewer/index.html?id=a70a4dc00702448da5948992b144a98f","surveillance:type":"ALPR","surveillance:zone":"town"}},{"type":"Feature","geometry":{"type":"Point","coordinates":[-117.0018986,32.7926049]},"properties":{"camera:type":"fixed","direction":"340","man_made":"surveillance","manufacturer":"Flock Safety","manufacturer:wikidata":"Q108485435","surveillance":"public","surveillance:type":"ALPR","surveillance:zone":"traffic"}},{"type":"Feature","geometry":{"type":"Point","coordinates":[-117.0022998,32.7925108]},"properties":{"camera:type":"fixed","direction":"250","man_made":"surveillance","manufacturer":"Flock Safety","manufacturer:wikidata":"Q108485435","surveillance":"public","surveillance:type":"ALPR","surveillance:zone":"traffic"}},{"type":"Feature","geometry":{"type":"Point","coordinates":[-117.1595169,32.8015393]},"properties":{"camera:mount":"street_lamp","camera:type":"fixed","direction":"0;65;130;195;260;325","man_made":"surveillance","manufacturer":"Ubicquia, Inc.","manufacturer:wikidata":"Q138313103","operator":"San Diego Police Department","operator:type":"government","operator:wikidata":"Q6580207","source:url":"https://webmaps.sandiego.gov/portal/apps/webappviewer/index.html?id=a70a4dc00702448da5948992b144a98f","surveillance":"outdoor","surveillance:type":"ALPR","surveillance:zone":"town"}},{"type":"Feature","geometry":{"type":"Point","coordinates":[-117.2486703,32.7467884]},"properties":{"camera:mount":"street_lamp","camera:type":"fixed","description":"Two cameras per node. 1 wide angle looking straight down from lamp to capture metadata about vehicle (color, type, roof mounts, etc). 1 telephoto mounted on pole to capture license plate info.","direction":"0;65;130;195;260;325","man_made":"surveillance","manufacturer":"Ubicquia, Inc.","manufacturer:wikidata":"Q138313103","operator":"San Diego Police Department","operator:type":"government","operator:wikidata":"Q6580207","source:url":"https://webmaps.sandiego.gov/portal/apps/webappviewer/index.html?id=a70a4dc00702448da5948992b144a98f","surveillance":"outdoor","surveillance:type":"ALPR","surveillance:zone":"town"}},{"type":"Feature","geometry":{"type":"Point","coordinates":[-117.248566,32.7465324]},"properties":{"camera:mount":"street_lamp","camera:type":"fixed","description":"Two cameras per node. 1 wide angle looking straight down from lamp to capture metadata about vehicle (color, type, roof mounts, etc). 1 telephoto mounted on pole to capture license plate info.","direction":"0;65;130;195;260;325","man_made":"surveillance","manufacturer":"Ubicquia, Inc.","manufacturer:wikidata":"Q138313103","operator":"San Diego Police Department","operator:type":"government","operator:wikidata":"Q6580207","source:url":"https://webmaps.sandiego.gov/portal/apps/webappviewer/index.html?id=a70a4dc00702448da5948992b144a98f","surveillance":"outdoor","surveillance:type":"ALPR","surveillance:zone":"town"}},{"type":"Feature","geometry":{"type":"Point","coordinates":[-117.0091822,32.6284065]},"properties":{"camera:type":"fixed","direction":"298","man_made":"surveillance","manufacturer":"Flock Safety","manufacturer:wikidata":"Q108485435","surveillance":"public","surveillance:type":"ALPR","surveillance:zone":"traffic"}},{"type":"Feature","geometry":{"type":"Point","coordinates":[-117.040834,32.9745891]},"properties":{"camera:type":"fixed","direction":"334","man_made":"surveillance","manufacturer":"Flock Safety","manufacturer:wikidata":"Q108485435","surveillance":"public","surveillance:type":"ALPR","surveillance:zone":"traffic"}},{"type":"Feature","geometry":{"type":"Point","coordinates":[-117.04071,32.9749267]},"properties":{"camera:type":"fixed","direction":"249","man_made":"surveillance","manufacturer":"Flock Safety","manufacturer:wikidata":"Q108485435","surveillance":"public","surveillance:type":"ALPR","surveillance:zone":"traffic"}},{"type":"Feature","geometry":{"type":"Point","coordinates":[-117.0409851,32.9746255]},"properties":{"camera:type":"fixed","direction":"56","man_made":"surveillance","manufacturer":"Flock Safety","manufacturer:wikidata":"Q108485435","surveillance":"public","surveillance:type":"ALPR","surveillance:zone":"traffic"}},{"type":"Feature","geometry":{"type":"Point","coordinates":[-117.068212,32.9739576]},"properties":{"camera:mount":"street_lamp","camera:type":"fixed","man_made":"surveillance","manufacturer":"Ubicquia, Inc.","manufacturer:wikidata":"Q138313103","operator":"San Diego Police Department","operator:type":"government","operator:wikidata":"Q6580207","surveillance":"outdoor","surveillance:type":"ALPR","surveillance:zone":"town"}},{"type":"Feature","geometry":{"type":"Point","coordinates":[-117.0683517,32.9737303]},"properties":{"camera:mount":"street_lamp","camera:type":"fixed","man_made":"surveillance","manufacturer":"Ubicquia, Inc.","manufacturer:wikidata":"Q138313103","operator":"San Diego Police Department","operator:type":"government","operator:wikidata":"Q6580207","surveillance":"outdoor","surveillance:type":"ALPR","surveillance:zone":"town"}},{"type":"Feature","geometry":{"type":"Point","coordinates":[-117.255151,32.9965414]},"properties":{"camera:mount":"street_lamp","camera:type":"fixed","direction":"300","man_made":"surveillance","manufacturer":"Flock Safety","manufacturer:wikidata":"Q108485435","surveillance":"public","surveillance:type":"ALPR","surveillance:zone":"traffic"}},{"type":"Feature","geometry":{"type":"Point","coordinates":[-117.2625202,33.0667557]},"properties":{"camera:mount":"street_lamp","camera:type":"fixed","direction":"158","man_made":"surveillance","manufacturer":"Flock Safety","manufacturer:wikidata":"Q108485435","surveillance":"public","surveillance:type":"ALPR","surveillance:zone":"traffic"}},{"type":"Feature","geometry":{"type":"Point","coordinates":[-117.1988997,33.0067146]},"properties":{"camera:mount":"pole","camera:type":"fixed","direction":"345","man_made":"surveillance","manufacturer":"Flock Safety","manufacturer:wikidata":"Q108485435","surveillance":"public","surveillance:type":"ALPR","surveillance:zone":"traffic"}},{"type":"Feature","geometry":{"type":"Point","coordinates":[-117.2627338,33.0729788]},"properties":{"camera:mount":"traffic_signal","camera:type":"fixed","direction":"172","man_made":"surveillance","manufacturer":"Motorola Solutions","manufacturer:wikidata":"Q634815","surveillance":"public","surveillance:type":"ALPR","surveillance:zone":"traffic"}},{"type":"Feature","geometry":{"type":"Point","coordinates":[-117.262696,33.0729824]},"properties":{"camera:mount":"traffic_signal","camera:type":"fixed","direction":"176","man_made":"surveillance","manufacturer":"Motorola Solutions","manufacturer:wikidata":"Q634815","surveillance":"public","surveillance:type":"ALPR","surveillance:zone":"traffic"}},{"type":"Feature","geometry":{"type":"Point","coordinates":[-117.2626611,33.0729861]},"properties":{"camera:mount":"traffic_signal","camera:type":"fixed","direction":"175","man_made":"surveillance","manufacturer":"Motorola Solutions","manufacturer:wikidata":"Q634815","surveillance":"public","surveillance:type":"ALPR","surveillance:zone":"traffic"}},{"type":"Feature","geometry":{"type":"Point","coordinates":[-117.2625831,33.0732499]},"properties":{"camera:mount":"traffic_signal","camera:type":"fixed","direction":"351","man_made":"surveillance","manufacturer":"Motorola Solutions","manufacturer:wikidata":"Q634815","surveillance":"public","surveillance:type":"ALPR","surveillance:zone":"traffic"}},{"type":"Feature","geometry":{"type":"Point","coordinates":[-117.2625471,33.0732498]},"properties":{"camera:mount":"traffic_signal","camera:type":"fixed","direction":"355","man_made":"surveillance","manufacturer":"Motorola Solutions","manufacturer:wikidata":"Q634815","surveillance":"public","surveillance:type":"ALPR","surveillance:zone":"traffic"}},{"type":"Feature","geometry":{"type":"Point","coordinates":[-117.2625073,33.0732497]},"properties":{"camera:mount":"traffic_signal","camera:type":"fixed","direction":"356","man_made":"surveillance","manufacturer":"Motorola Solutions","manufacturer:wikidata":"Q634815","surveillance":"public","surveillance:type":"ALPR","surveillance:zone":"traffic"}},{"type":"Feature","geometry":{"type":"Point","coordinates":[-117.1635142,33.0038465]},"properties":{"camera:mount":"pole","camera:type":"fixed","direction":"168","man_made":"surveillance","manufacturer":"Flock Safety","manufacturer:wikidata":"Q108485435","surveillance":"public","surveillance:type":"ALPR","surveillance:zone":"traffic"}},{"type":"Feature","geometry":{"type":"Point","coordinates":[-117.0234651,32.9780596]},"properties":{"camera:type":"fixed","direction":"63","man_made":"surveillance","manufacturer":"Flock Safety","manufacturer:wikidata":"Q108485435","surveillance":"public","surveillance:type":"ALPR","surveillance:zone":"traffic"}},{"type":"Feature","geometry":{"type":"Point","coordinates":[-117.0232715,32.9779475]},"properties":{"camera:type":"fixed","direction":"0","man_made":"surveillance","manufacturer":"Flock Safety","manufacturer:wikidata":"Q108485435","surveillance":"public","surveillance:type":"ALPR","surveillance:zone":"traffic"}},{"type":"Feature","geometry":{"type":"Point","coordinates":[-117.0366728,32.9781909]},"properties":{"camera:type":"fixed","direction":"80","man_made":"surveillance","manufacturer":"Flock Safety","manufacturer:wikidata":"Q108485435","surveillance":"public","surveillance:type":"ALPR","surveillance:zone":"traffic"}},{"type":"Feature","geometry":{"type":"Point","coordinates":[-117.0365125,32.9784035]},"properties":{"camera:type":"fixed","direction":"173","man_made":"surveillance","manufacturer":"Flock Safety","manufacturer:wikidata":"Q108485435","surveillance":"public","surveillance:type":"ALPR","surveillance:zone":"traffic"}},{"type":"Feature","geometry":{"type":"Point","coordinates":[-117.0368826,32.9563378]},"properties":{"camera:type":"fixed","direction":"90","man_made":"surveillance","manufacturer":"Flock Safety","manufacturer:wikidata":"Q108485435","surveillance":"public","surveillance:type":"ALPR","surveillance:zone":"traffic"}},{"type":"Feature","geometry":{"type":"Point","coordinates":[-117.0367061,32.9562534]},"properties":{"camera:type":"fixed","direction":"0","man_made":"surveillance","manufacturer":"Flock Safety","manufacturer:wikidata":"Q108485435","surveillance":"public","surveillance:type":"ALPR","surveillance:zone":"traffic"}},{"type":"Feature","geometry":{"type":"Point","coordinates":[-117.0276092,32.978042]},"properties":{"camera:type":"fixed","direction":"0","man_made":"surveillance","manufacturer":"Flock Safety","manufacturer:wikidata":"Q108485435","surveillance":"public","surveillance:type":"ALPR","surveillance:zone":"traffic"}},{"type":"Feature","geometry":{"type":"Point","coordinates":[-117.0277899,32.9781293]},"properties":{"camera:type":"fixed","direction":"88","man_made":"surveillance","manufacturer":"Flock Safety","manufacturer:wikidata":"Q108485435","surveillance":"public","surveillance:type":"ALPR","surveillance:zone":"traffic"}},{"type":"Feature","geometry":{"type":"Point","coordinates":[-117.0274764,32.9782284]},"properties":{"camera:type":"fixed","direction":"268","man_made":"surveillance","manufacturer":"Flock Safety","manufacturer:wikidata":"Q108485435","surveillance":"public","surveillance:type":"ALPR","surveillance:zone":"traffic"}},{"type":"Feature","geometry":{"type":"Point","coordinates":[-117.0406477,32.9562799]},"properties":{"camera:type":"fixed","direction":"0","man_made":"surveillance","manufacturer":"Flock Safety","manufacturer:wikidata":"Q108485435","surveillance":"public","surveillance:type":"ALPR","surveillance:zone":"traffic"}},{"type":"Feature","geometry":{"type":"Point","coordinates":[-117.0409617,32.9564012]},"properties":{"camera:type":"fixed","direction":"89","man_made":"surveillance","manufacturer":"Flock Safety","manufacturer:wikidata":"Q108485435","surveillance":"public","surveillance:type":"ALPR","surveillance:zone":"traffic"}},{"type":"Feature","geometry":{"type":"Point","coordinates":[-117.0408052,32.9566299]},"properties":{"camera:type":"fixed","direction":"162","man_made":"surveillance","manufacturer":"Flock Safety","manufacturer:wikidata":"Q108485435","surveillance":"public","surveillance:type":"ALPR","surveillance:zone":"traffic"}},{"type":"Feature","geometry":{"type":"Point","coordinates":[-117.0538435,32.9562297]},"properties":{"camera:type":"fixed","direction":"0","man_made":"surveillance","manufacturer":"Flock Safety","manufacturer:wikidata":"Q108485435","surveillance":"public","surveillance:type":"ALPR","surveillance:zone":"traffic"}},{"type":"Feature","geometry":{"type":"Point","coordinates":[-117.0405461,32.9565139]},"properties":{"camera:type":"fixed","direction":"246","man_made":"surveillance","manufacturer":"Flock Safety","manufacturer:wikidata":"Q108485435","surveillance":"public","surveillance:type":"ALPR","surveillance:zone":"traffic"}},{"type":"Feature","geometry":{"type":"Point","coordinates":[-117.0358628,32.9618361]},"properties":{"camera:mount":"pole","camera:type":"fixed","direction":"359","man_made":"surveillance","manufacturer":"Flock Safety","manufacturer:wikidata":"Q108485435","surveillance":"public","surveillance:type":"ALPR","surveillance:zone":"traffic"}},{"type":"Feature","geometry":{"type":"Point","coordinates":[-117.0358628,32.9618361]},"properties":{"camera:type":"fixed","direction":"69","man_made":"surveillance","manufacturer":"Flock Safety","manufacturer:wikidata":"Q108485435","surveillance":"public","surveillance:type":"ALPR","surveillance:zone":"traffic"}},{"type":"Feature","geometry":{"type":"Point","coordinates":[-117.0537322,32.9565062]},"properties":{"camera:type":"fixed","direction":"256","man_made":"surveillance","manufacturer":"Flock Safety","manufacturer:wikidata":"Q108485435","surveillance":"public","surveillance:type":"ALPR","surveillance:zone":"traffic"}},{"type":"Feature","geometry":{"type":"Point","coordinates":[-117.0240575,32.9564621]},"properties":{"camera:type":"fixed","direction":"56","man_made":"surveillance","manufacturer":"Flock Safety","manufacturer:wikidata":"Q108485435","surveillance":"public","surveillance:type":"ALPR","surveillance:zone":"traffic"}},{"type":"Feature","geometry":{"type":"Point","coordinates":[-117.0241451,32.9565664]},"properties":{"camera:type":"fixed","direction":"234","man_made":"surveillance","manufacturer":"Axis Communications","manufacturer:wikidata":"Q2347731","surveillance":"public","surveillance:type":"ALPR","surveillance:zone":"traffic"}},{"type":"Feature","geometry":{"type":"Point","coordinates":[-117.0159917,32.9697295]},"properties":{"camera:type":"fixed","direction":"17","man_made":"surveillance","manufacturer":"Flock Safety","manufacturer:wikidata":"Q108485435","surveillance":"public","surveillance:type":"ALPR","surveillance:zone":"traffic"}},{"type":"Feature","geometry":{"type":"Point","coordinates":[-117.0157592,32.9699195]},"properties":{"camera:type":"fixed","direction":"248","man_made":"surveillance","manufacturer":"Flock Safety","manufacturer:wikidata":"Q108485435","surveillance":"public","surveillance:type":"ALPR","surveillance:zone":"traffic"}},{"type":"Feature","geometry":{"type":"Point","coordinates":[-117.035996,32.9650542]},"properties":{"camera:type":"fixed","direction":"296","man_made":"surveillance","manufacturer":"Flock Safety","manufacturer:wikidata":"Q108485435","surveillance":"public","surveillance:type":"ALPR","surveillance:zone":"traffic"}},{"type":"Feature","geometry":{"type":"Point","coordinates":[-117.037859,32.9721945]},"properties":{"camera:type":"fixed","direction":"104","man_made":"surveillance","manufacturer":"Flock Safety","manufacturer:wikidata":"Q108485435","surveillance":"public","surveillance:type":"ALPR","surveillance:zone":"traffic"}},{"type":"Feature","geometry":{"type":"Point","coordinates":[-117.0371558,32.9702824]},"properties":{"camera:type":"fixed","direction":"134","man_made":"surveillance","manufacturer":"Flock Safety","manufacturer:wikidata":"Q108485435","surveillance":"public","surveillance:type":"ALPR","surveillance:zone":"traffic"}},{"type":"Feature","geometry":{"type":"Point","coordinates":[-117.037859,32.9721945]},"properties":{"camera:type":"fixed","direction":"52","man_made":"surveillance","manufacturer":"Flock Safety","manufacturer:wikidata":"Q108485435","surveillance":"public","surveillance:type":"ALPR","surveillance:zone":"traffic"}},{"type":"Feature","geometry":{"type":"Point","coordinates":[-117.0371745,32.9697467]},"properties":{"camera:type":"fixed","direction":"85","man_made":"surveillance","manufacturer":"Flock Safety","manufacturer:wikidata":"Q108485435","surveillance":"public","surveillance:type":"ALPR","surveillance:zone":"traffic"}},{"type":"Feature","geometry":{"type":"Point","coordinates":[-117.0367219,32.9695198]},"properties":{"camera:type":"fixed","direction":"314","man_made":"surveillance","manufacturer":"Flock Safety","manufacturer:wikidata":"Q108485435","surveillance":"public","surveillance:type":"ALPR","surveillance:zone":"traffic"}},{"type":"Feature","geometry":{"type":"Point","coordinates":[-117.0365829,32.970013]},"properties":{"camera:type":"fixed","direction":"209","man_made":"surveillance","manufacturer":"Flock Safety","manufacturer:wikidata":"Q108485435","surveillance":"public","surveillance:type":"ALPR","surveillance:zone":"traffic"}},{"type":"Feature","geometry":{"type":"Point","coordinates":[-117.0372929,32.970752]},"properties":{"camera:type":"fixed","direction":"102","man_made":"surveillance","manufacturer":"Flock Safety","manufacturer:wikidata":"Q108485435","surveillance":"public","surveillance:type":"ALPR","surveillance:zone":"traffic"}},{"type":"Feature","geometry":{"type":"Point","coordinates":[-117.0378631,32.9722014]},"properties":{"camera:type":"fixed","direction":"169","man_made":"surveillance","manufacturer":"Flock Safety","manufacturer:wikidata":"Q108485435","surveillance":"public","surveillance:type":"ALPR","surveillance:zone":"traffic"}},{"type":"Feature","geometry":{"type":"Point","coordinates":[-117.0265191,32.9730601]},"properties":{"camera:type":"fixed","direction":"287","man_made":"surveillance","manufacturer":"Flock Safety","manufacturer:wikidata":"Q108485435","surveillance":"public","surveillance:type":"ALPR","surveillance:zone":"traffic"}},{"type":"Feature","geometry":{"type":"Point","coordinates":[-117.0378631,32.9722014]},"properties":{"camera:type":"fixed","direction":"244","man_made":"surveillance","manufacturer":"Flock Safety","manufacturer:wikidata":"Q108485435","surveillance":"public","surveillance:type":"ALPR","surveillance:zone":"traffic"}},{"type":"Feature","geometry":{"type":"Point","coordinates":[-117.0275722,32.9647588]},"properties":{"camera:type":"fixed","direction":"4;84;163;231;301;61;119;185","man_made":"surveillance","manufacturer":"Flock Safety","manufacturer:wikidata":"Q108485435","surveillance":"public","surveillance:type":"ALPR","surveillance:zone":"traffic"}},{"type":"Feature","geometry":{"type":"Point","coordinates":[-117.0378631,32.9722014]},"properties":{"camera:type":"fixed","direction":"325","man_made":"surveillance","manufacturer":"Flock Safety","manufacturer:wikidata":"Q108485435","surveillance":"public","surveillance:type":"ALPR","surveillance:zone":"traffic"}},{"type":"Feature","geometry":{"type":"Point","coordinates":[-117.0221089,32.9640419]},"properties":{"camera:type":"fixed","direction":"293","man_made":"surveillance","manufacturer":"Flock Safety","manufacturer:wikidata":"Q108485435","surveillance":"public","surveillance:type":"ALPR","surveillance:zone":"traffic"}},{"type":"Feature","geometry":{"type":"Point","coordinates":[-117.0649559,32.9775986]},"properties":{"camera:type":"fixed","direction":"121;56;199;264;345","man_made":"surveillance","manufacturer":"Flock Safety","manufacturer:wikidata":"Q108485435","surveillance":"public","surveillance:type":"ALPR","surveillance:zone":"traffic"}},{"type":"Feature","geometry":{"type":"Point","coordinates":[-117.0624853,32.9634345]},"properties":{"camera:type":"fixed","direction":"242","man_made":"surveillance","manufacturer":"Flock Safety","manufacturer:wikidata":"Q108485435","surveillance":"public","surveillance:type":"ALPR","surveillance:zone":"traffic"}},{"type":"Feature","geometry":{"type":"Point","coordinates":[-117.0625074,32.963199]},"properties":{"camera:type":"fixed","direction":"281","man_made":"surveillance","manufacturer":"Flock Safety","manufacturer:wikidata":"Q108485435","surveillance":"public","surveillance:type":"ALPR","surveillance:zone":"traffic"}},{"type":"Feature","geometry":{"type":"Point","coordinates":[-117.2560658,33.0167646]},"properties":{"camera:type":"fixed","direction":"359","man_made":"surveillance","manufacturer":"Flock Safety","manufacturer:wikidata":"Q108485435","surveillance":"public","surveillance:type":"ALPR","surveillance:zone":"traffic"}},{"type":"Feature","geometry":{"type":"Point","coordinates":[-117.2561933,33.0171124]},"properties":{"camera:type":"fixed","direction":"205","man_made":"surveillance","manufacturer":"Flock Safety","manufacturer:wikidata":"Q108485435","surveillance":"public","surveillance:type":"ALPR","surveillance:zone":"traffic"}},{"type":"Feature","geometry":{"type":"Point","coordinates":[-116.958191,32.819051]},"properties":{"camera:mount":"street_lamp","camera:type":"fixed","direction":"24","man_made":"surveillance","manufacturer":"Flock Safety","manufacturer:wikidata":"Q108485435","surveillance":"public","surveillance:type":"ALPR","surveillance:zone":"traffic"}},{"type":"Feature","geometry":{"type":"Point","coordinates":[-116.9591698,32.8192407]},"properties":{"camera:mount":"traffic_signals","camera:type":"fixed","direction":"236","man_made":"surveillance","manufacturer":"Flock Safety","manufacturer:wikidata":"Q108485435","surveillance":"public","surveillance:type":"ALPR","surveillance:zone":"traffic"}}]}